category,variant,path,label,defect_type,score
bottle,A_simple_synthetic,bottle/test/good/000.png,0,good,0.010842121
bottle,A_simple_synthetic,bottle/test/good/001.png,0,good,0.012061381
bottle,A_simple_synthetic,bottle/test/good/002.png,0,good,0.006201448
bottle,A_simple_synthetic,bottle/test/good/003.png,0,good,0.0074649877
bottle,A_simple_synthetic,bottle/test/good/004.png,0,good,0.004985968
bottle,A_simple_synthetic,bottle/test/good/005.png,0,good,0.006598339
bottle,A_simple_synthetic,bottle/test/good/006.png,0,good,0.013165425
bottle,A_simple_synthetic,bottle/test/good/007.png,0,good,0.005419515
bottle,A_simple_synthetic,bottle/test/good/008.png,0,good,0.0135317035
bottle,A_simple_synthetic,bottle/test/good/009.png,0,good,0.0076621175
bottle,A_simple_synthetic,bottle/test/good/010.png,0,good,0.011681466
bottle,A_simple_synthetic,bottle/test/good/011.png,0,good,0.0076145516
bottle,A_simple_synthetic,bottle/test/good/012.png,0,good,0.0069601526
bottle,A_simple_synthetic,bottle/test/good/013.png,0,good,0.009889744
bottle,A_simple_synthetic,bottle/test/good/014.png,0,good,0.009798351
bottle,A_simple_synthetic,bottle/test/good/015.png,0,good,0.013794308
bottle,A_simple_synthetic,bottle/test/good/016.png,0,good,0.013786377
bottle,A_simple_synthetic,bottle/test/good/017.png,0,good,0.012429795
bottle,A_simple_synthetic,bottle/test/good/018.png,0,good,0.014562804
bottle,A_simple_synthetic,bottle/test/good/019.png,0,good,0.007938407
bottle,A_simple_synthetic,bottle/test/broken_large/000.png,1,broken_large,0.9917658
bottle,A_simple_synthetic,bottle/test/broken_large/002.png,1,broken_large,0.99998546
bottle,A_simple_synthetic,bottle/test/broken_large/004.png,1,broken_large,0.998511
bottle,A_simple_synthetic,bottle/test/broken_large/006.png,1,broken_large,0.99999666
bottle,A_simple_synthetic,bottle/test/broken_large/008.png,1,broken_large,0.99996316
bottle,A_simple_synthetic,bottle/test/broken_large/011.png,1,broken_large,0.9531776
bottle,A_simple_synthetic,bottle/test/broken_large/012.png,1,broken_large,0.919256
bottle,A_simple_synthetic,bottle/test/broken_large/014.png,1,broken_large,0.9648648
bottle,A_simple_synthetic,bottle/test/broken_large/016.png,1,broken_large,0.99989176
bottle,A_simple_synthetic,bottle/test/broken_large/018.png,1,broken_large,0.99795437
bottle,A_simple_synthetic,bottle/test/broken_small/000.png,1,broken_small,0.028856486
bottle,A_simple_synthetic,bottle/test/broken_small/001.png,1,broken_small,0.9908563
bottle,A_simple_synthetic,bottle/test/broken_small/003.png,1,broken_small,0.9523041
bottle,A_simple_synthetic,bottle/test/broken_small/004.png,1,broken_small,0.8784925
bottle,A_simple_synthetic,bottle/test/broken_small/007.png,1,broken_small,0.86669284
bottle,A_simple_synthetic,bottle/test/broken_small/008.png,1,broken_small,0.10465364
bottle,A_simple_synthetic,bottle/test/broken_small/010.png,1,broken_small,0.9934655
bottle,A_simple_synthetic,bottle/test/broken_small/013.png,1,broken_small,0.18722948
bottle,A_simple_synthetic,bottle/test/broken_small/014.png,1,broken_small,0.75626445
bottle,A_simple_synthetic,bottle/test/broken_small/017.png,1,broken_small,0.9995291
bottle,A_simple_synthetic,bottle/test/broken_small/020.png,1,broken_small,0.99926084
bottle,A_simple_synthetic,bottle/test/contamination/000.png,1,contamination,0.7616021
bottle,A_simple_synthetic,bottle/test/contamination/001.png,1,contamination,0.034040086
bottle,A_simple_synthetic,bottle/test/contamination/002.png,1,contamination,0.074183136
bottle,A_simple_synthetic,bottle/test/contamination/006.png,1,contamination,0.26198533
bottle,A_simple_synthetic,bottle/test/contamination/008.png,1,contamination,0.9904447
bottle,A_simple_synthetic,bottle/test/contamination/009.png,1,contamination,0.7218276
bottle,A_simple_synthetic,bottle/test/contamination/011.png,1,contamination,0.33465895
bottle,A_simple_synthetic,bottle/test/contamination/013.png,1,contamination,0.9999472
bottle,A_simple_synthetic,bottle/test/contamination/018.png,1,contamination,0.9994967
bottle,A_simple_synthetic,bottle/test/contamination/019.png,1,contamination,0.014416654
bottle,A_simple_synthetic,bottle/test/contamination/020.png,1,contamination,0.11169553
cable,A_simple_synthetic,cable/test/good/000.png,0,good,0.009817092
cable,A_simple_synthetic,cable/test/good/001.png,0,good,0.0080629
cable,A_simple_synthetic,cable/test/good/002.png,0,good,0.029367229
cable,A_simple_synthetic,cable/test/good/003.png,0,good,0.011552942
cable,A_simple_synthetic,cable/test/good/004.png,0,good,0.016631411
cable,A_simple_synthetic,cable/test/good/005.png,0,good,0.034689434
cable,A_simple_synthetic,cable/test/good/006.png,0,good,0.017835494
cable,A_simple_synthetic,cable/test/good/007.png,0,good,0.020639077
cable,A_simple_synthetic,cable/test/good/008.png,0,good,0.0122497715
cable,A_simple_synthetic,cable/test/good/009.png,0,good,0.01357467
cable,A_simple_synthetic,cable/test/good/010.png,0,good,0.014200513
cable,A_simple_synthetic,cable/test/good/011.png,0,good,0.040564593
cable,A_simple_synthetic,cable/test/good/012.png,0,good,0.016988432
cable,A_simple_synthetic,cable/test/good/013.png,0,good,0.012488989
cable,A_simple_synthetic,cable/test/good/014.png,0,good,0.01039387
cable,A_simple_synthetic,cable/test/good/015.png,0,good,0.011692475
cable,A_simple_synthetic,cable/test/good/016.png,0,good,0.012208375
cable,A_simple_synthetic,cable/test/good/017.png,0,good,0.009657146
cable,A_simple_synthetic,cable/test/good/018.png,0,good,0.011910711
cable,A_simple_synthetic,cable/test/good/019.png,0,good,0.0912254
cable,A_simple_synthetic,cable/test/good/020.png,0,good,0.009193486
cable,A_simple_synthetic,cable/test/good/021.png,0,good,0.010200559
cable,A_simple_synthetic,cable/test/good/022.png,0,good,0.013135801
cable,A_simple_synthetic,cable/test/good/023.png,0,good,0.012833471
cable,A_simple_synthetic,cable/test/good/024.png,0,good,0.012650755
cable,A_simple_synthetic,cable/test/good/025.png,0,good,0.009503499
cable,A_simple_synthetic,cable/test/good/026.png,0,good,0.012566694
cable,A_simple_synthetic,cable/test/good/027.png,0,good,0.037226703
cable,A_simple_synthetic,cable/test/good/028.png,0,good,0.011101464
cable,A_simple_synthetic,cable/test/good/029.png,0,good,0.019304918
cable,A_simple_synthetic,cable/test/good/030.png,0,good,0.010724553
cable,A_simple_synthetic,cable/test/good/031.png,0,good,0.008466648
cable,A_simple_synthetic,cable/test/good/032.png,0,good,0.014262816
cable,A_simple_synthetic,cable/test/good/033.png,0,good,0.03150173
cable,A_simple_synthetic,cable/test/good/034.png,0,good,0.016217792
cable,A_simple_synthetic,cable/test/good/035.png,0,good,0.0105851805
cable,A_simple_synthetic,cable/test/good/036.png,0,good,0.021101678
cable,A_simple_synthetic,cable/test/good/037.png,0,good,0.012785739
cable,A_simple_synthetic,cable/test/good/038.png,0,good,0.011881095
cable,A_simple_synthetic,cable/test/good/039.png,0,good,0.021910863
cable,A_simple_synthetic,cable/test/good/040.png,0,good,0.012445205
cable,A_simple_synthetic,cable/test/good/041.png,0,good,0.013942096
cable,A_simple_synthetic,cable/test/good/042.png,0,good,0.01023414
cable,A_simple_synthetic,cable/test/good/043.png,0,good,0.014171194
cable,A_simple_synthetic,cable/test/good/044.png,0,good,0.011436669
cable,A_simple_synthetic,cable/test/good/045.png,0,good,0.02075828
cable,A_simple_synthetic,cable/test/good/046.png,0,good,0.009026582
cable,A_simple_synthetic,cable/test/good/047.png,0,good,0.009819698
cable,A_simple_synthetic,cable/test/good/048.png,0,good,0.013583818
cable,A_simple_synthetic,cable/test/good/049.png,0,good,0.0057370774
cable,A_simple_synthetic,cable/test/good/050.png,0,good,0.010922466
cable,A_simple_synthetic,cable/test/good/051.png,0,good,0.007530648
cable,A_simple_synthetic,cable/test/good/052.png,0,good,0.017453095
cable,A_simple_synthetic,cable/test/good/053.png,0,good,0.013028588
cable,A_simple_synthetic,cable/test/good/054.png,0,good,0.007070825
cable,A_simple_synthetic,cable/test/good/055.png,0,good,0.010142352
cable,A_simple_synthetic,cable/test/good/056.png,0,good,0.010534402
cable,A_simple_synthetic,cable/test/good/057.png,0,good,0.009809344
cable,A_simple_synthetic,cable/test/bent_wire/000.png,1,bent_wire,0.5268268
cable,A_simple_synthetic,cable/test/bent_wire/002.png,1,bent_wire,0.45289263
cable,A_simple_synthetic,cable/test/bent_wire/006.png,1,bent_wire,0.98699236
cable,A_simple_synthetic,cable/test/bent_wire/007.png,1,bent_wire,0.9999645
cable,A_simple_synthetic,cable/test/bent_wire/008.png,1,bent_wire,0.49981847
cable,A_simple_synthetic,cable/test/bent_wire/009.png,1,bent_wire,0.99999714
cable,A_simple_synthetic,cable/test/bent_wire/011.png,1,bent_wire,1.0
cable,A_simple_synthetic,cable/test/cable_swap/000.png,1,cable_swap,0.024210427
cable,A_simple_synthetic,cable/test/cable_swap/004.png,1,cable_swap,0.026207784
cable,A_simple_synthetic,cable/test/cable_swap/005.png,1,cable_swap,0.012626947
cable,A_simple_synthetic,cable/test/cable_swap/007.png,1,cable_swap,0.012347948
cable,A_simple_synthetic,cable/test/cable_swap/008.png,1,cable_swap,0.013728232
cable,A_simple_synthetic,cable/test/cable_swap/011.png,1,cable_swap,0.014420691
cable,A_simple_synthetic,cable/test/combined/000.png,1,combined,0.895238
cable,A_simple_synthetic,cable/test/combined/005.png,1,combined,0.102239735
cable,A_simple_synthetic,cable/test/combined/006.png,1,combined,0.10745492
cable,A_simple_synthetic,cable/test/combined/008.png,1,combined,0.99999976
cable,A_simple_synthetic,cable/test/combined/009.png,1,combined,0.2544523
cable,A_simple_synthetic,cable/test/cut_inner_insulation/000.png,1,cut_inner_insulation,0.8926615
cable,A_simple_synthetic,cable/test/cut_inner_insulation/002.png,1,cut_inner_insulation,0.01826557
cable,A_simple_synthetic,cable/test/cut_inner_insulation/003.png,1,cut_inner_insulation,0.99667776
cable,A_simple_synthetic,cable/test/cut_inner_insulation/004.png,1,cut_inner_insulation,0.99880445
cable,A_simple_synthetic,cable/test/cut_inner_insulation/006.png,1,cut_inner_insulation,0.93337166
cable,A_simple_synthetic,cable/test/cut_inner_insulation/011.png,1,cut_inner_insulation,0.9979538
cable,A_simple_synthetic,cable/test/cut_inner_insulation/012.png,1,cut_inner_insulation,0.73706037
cable,A_simple_synthetic,cable/test/cut_outer_insulation/000.png,1,cut_outer_insulation,0.07364073
cable,A_simple_synthetic,cable/test/cut_outer_insulation/001.png,1,cut_outer_insulation,0.0998726
cable,A_simple_synthetic,cable/test/cut_outer_insulation/003.png,1,cut_outer_insulation,0.011656476
cable,A_simple_synthetic,cable/test/cut_outer_insulation/004.png,1,cut_outer_insulation,0.010525311
cable,A_simple_synthetic,cable/test/cut_outer_insulation/009.png,1,cut_outer_insulation,0.14126377
cable,A_simple_synthetic,cable/test/missing_cable/000.png,1,missing_cable,0.32035506
cable,A_simple_synthetic,cable/test/missing_cable/001.png,1,missing_cable,0.63145244
cable,A_simple_synthetic,cable/test/missing_cable/005.png,1,missing_cable,0.45385203
cable,A_simple_synthetic,cable/test/missing_cable/007.png,1,missing_cable,0.6810356
cable,A_simple_synthetic,cable/test/missing_cable/009.png,1,missing_cable,0.97827244
cable,A_simple_synthetic,cable/test/missing_cable/010.png,1,missing_cable,0.40863195
cable,A_simple_synthetic,cable/test/missing_wire/004.png,1,missing_wire,0.05689552
cable,A_simple_synthetic,cable/test/missing_wire/005.png,1,missing_wire,0.03075152
cable,A_simple_synthetic,cable/test/missing_wire/006.png,1,missing_wire,0.021076178
cable,A_simple_synthetic,cable/test/missing_wire/007.png,1,missing_wire,0.008907254
cable,A_simple_synthetic,cable/test/missing_wire/009.png,1,missing_wire,0.014359886
cable,A_simple_synthetic,cable/test/poke_insulation/001.png,1,poke_insulation,0.025325974
cable,A_simple_synthetic,cable/test/poke_insulation/002.png,1,poke_insulation,0.012780396
cable,A_simple_synthetic,cable/test/poke_insulation/003.png,1,poke_insulation,0.029394303
cable,A_simple_synthetic,cable/test/poke_insulation/006.png,1,poke_insulation,0.009528644
cable,A_simple_synthetic,cable/test/poke_insulation/008.png,1,poke_insulation,0.9128917
capsule,A_simple_synthetic,capsule/test/good/000.png,0,good,0.009028216
capsule,A_simple_synthetic,capsule/test/good/001.png,0,good,0.0054593342
capsule,A_simple_synthetic,capsule/test/good/002.png,0,good,0.01654381
capsule,A_simple_synthetic,capsule/test/good/003.png,0,good,0.0037491568
capsule,A_simple_synthetic,capsule/test/good/004.png,0,good,0.013292125
capsule,A_simple_synthetic,capsule/test/good/005.png,0,good,0.005046934
capsule,A_simple_synthetic,capsule/test/good/006.png,0,good,0.88307744
capsule,A_simple_synthetic,capsule/test/good/007.png,0,good,0.063739434
capsule,A_simple_synthetic,capsule/test/good/008.png,0,good,0.010155277
capsule,A_simple_synthetic,capsule/test/good/009.png,0,good,0.022868413
capsule,A_simple_synthetic,capsule/test/good/010.png,0,good,0.01290443
capsule,A_simple_synthetic,capsule/test/good/011.png,0,good,0.010623187
capsule,A_simple_synthetic,capsule/test/good/012.png,0,good,0.011312244
capsule,A_simple_synthetic,capsule/test/good/013.png,0,good,0.015508663
capsule,A_simple_synthetic,capsule/test/good/014.png,0,good,0.014186918
capsule,A_simple_synthetic,capsule/test/good/015.png,0,good,0.0056996127
capsule,A_simple_synthetic,capsule/test/good/016.png,0,good,0.004556736
capsule,A_simple_synthetic,capsule/test/good/017.png,0,good,0.0055063413
capsule,A_simple_synthetic,capsule/test/good/018.png,0,good,0.00405052
capsule,A_simple_synthetic,capsule/test/good/019.png,0,good,0.05934021
capsule,A_simple_synthetic,capsule/test/good/020.png,0,good,0.03225699
capsule,A_simple_synthetic,capsule/test/good/021.png,0,good,0.046142012
capsule,A_simple_synthetic,capsule/test/good/022.png,0,good,0.007020918
capsule,A_simple_synthetic,capsule/test/crack/001.png,1,crack,0.99965894
capsule,A_simple_synthetic,capsule/test/crack/002.png,1,crack,0.13415562
capsule,A_simple_synthetic,capsule/test/crack/005.png,1,crack,0.020783119
capsule,A_simple_synthetic,capsule/test/crack/008.png,1,crack,0.008061923
capsule,A_simple_synthetic,capsule/test/crack/009.png,1,crack,0.33274966
capsule,A_simple_synthetic,capsule/test/crack/010.png,1,crack,0.20347357
capsule,A_simple_synthetic,capsule/test/crack/014.png,1,crack,0.111127876
capsule,A_simple_synthetic,capsule/test/crack/015.png,1,crack,0.7091856
capsule,A_simple_synthetic,capsule/test/crack/016.png,1,crack,0.004030395
capsule,A_simple_synthetic,capsule/test/crack/017.png,1,crack,0.97190857
capsule,A_simple_synthetic,capsule/test/crack/018.png,1,crack,0.061049156
capsule,A_simple_synthetic,capsule/test/faulty_imprint/001.png,1,faulty_imprint,0.014566322
capsule,A_simple_synthetic,capsule/test/faulty_imprint/002.png,1,faulty_imprint,0.006324255
capsule,A_simple_synthetic,capsule/test/faulty_imprint/004.png,1,faulty_imprint,0.0178721
capsule,A_simple_synthetic,capsule/test/faulty_imprint/006.png,1,faulty_imprint,0.060411323
capsule,A_simple_synthetic,capsule/test/faulty_imprint/011.png,1,faulty_imprint,0.0070631695
capsule,A_simple_synthetic,capsule/test/faulty_imprint/013.png,1,faulty_imprint,0.007147775
capsule,A_simple_synthetic,capsule/test/faulty_imprint/015.png,1,faulty_imprint,0.13200776
capsule,A_simple_synthetic,capsule/test/faulty_imprint/016.png,1,faulty_imprint,0.006735802
capsule,A_simple_synthetic,capsule/test/faulty_imprint/017.png,1,faulty_imprint,0.01647505
capsule,A_simple_synthetic,capsule/test/faulty_imprint/018.png,1,faulty_imprint,0.025388336
capsule,A_simple_synthetic,capsule/test/faulty_imprint/020.png,1,faulty_imprint,0.17029019
capsule,A_simple_synthetic,capsule/test/poke/001.png,1,poke,0.028939424
capsule,A_simple_synthetic,capsule/test/poke/003.png,1,poke,0.017615732
capsule,A_simple_synthetic,capsule/test/poke/004.png,1,poke,0.081287235
capsule,A_simple_synthetic,capsule/test/poke/005.png,1,poke,0.0060133184
capsule,A_simple_synthetic,capsule/test/poke/009.png,1,poke,0.019959748
capsule,A_simple_synthetic,capsule/test/poke/010.png,1,poke,0.008436543
capsule,A_simple_synthetic,capsule/test/poke/011.png,1,poke,0.02187945
capsule,A_simple_synthetic,capsule/test/poke/014.png,1,poke,0.034637872
capsule,A_simple_synthetic,capsule/test/poke/015.png,1,poke,0.03971562
capsule,A_simple_synthetic,capsule/test/poke/016.png,1,poke,0.018475454
capsule,A_simple_synthetic,capsule/test/poke/017.png,1,poke,0.004250656
capsule,A_simple_synthetic,capsule/test/scratch/000.png,1,scratch,0.00885949
capsule,A_simple_synthetic,capsule/test/scratch/003.png,1,scratch,0.05739321
capsule,A_simple_synthetic,capsule/test/scratch/004.png,1,scratch,0.022799477
capsule,A_simple_synthetic,capsule/test/scratch/007.png,1,scratch,0.03520457
capsule,A_simple_synthetic,capsule/test/scratch/008.png,1,scratch,0.022195598
capsule,A_simple_synthetic,capsule/test/scratch/009.png,1,scratch,0.013518262
capsule,A_simple_synthetic,capsule/test/scratch/011.png,1,scratch,0.0126547655
capsule,A_simple_synthetic,capsule/test/scratch/017.png,1,scratch,0.022581752
capsule,A_simple_synthetic,capsule/test/scratch/018.png,1,scratch,0.11050159
capsule,A_simple_synthetic,capsule/test/scratch/019.png,1,scratch,0.00762424
capsule,A_simple_synthetic,capsule/test/scratch/020.png,1,scratch,0.025535058
capsule,A_simple_synthetic,capsule/test/squeeze/000.png,1,squeeze,0.02771849
capsule,A_simple_synthetic,capsule/test/squeeze/001.png,1,squeeze,0.063138306
capsule,A_simple_synthetic,capsule/test/squeeze/002.png,1,squeeze,0.008911523
capsule,A_simple_synthetic,capsule/test/squeeze/003.png,1,squeeze,0.010327393
capsule,A_simple_synthetic,capsule/test/squeeze/004.png,1,squeeze,0.07555606
capsule,A_simple_synthetic,capsule/test/squeeze/009.png,1,squeeze,0.15995017
capsule,A_simple_synthetic,capsule/test/squeeze/010.png,1,squeeze,0.049828913
capsule,A_simple_synthetic,capsule/test/squeeze/012.png,1,squeeze,0.08815217
capsule,A_simple_synthetic,capsule/test/squeeze/014.png,1,squeeze,0.08567422
capsule,A_simple_synthetic,capsule/test/squeeze/016.png,1,squeeze,0.018338
carpet,A_simple_synthetic,carpet/test/good/000.png,0,good,0.009462981
carpet,A_simple_synthetic,carpet/test/good/001.png,0,good,0.018245986
carpet,A_simple_synthetic,carpet/test/good/002.png,0,good,0.01874415
carpet,A_simple_synthetic,carpet/test/good/003.png,0,good,0.027470939
carpet,A_simple_synthetic,carpet/test/good/004.png,0,good,0.1575914
carpet,A_simple_synthetic,carpet/test/good/005.png,0,good,0.03906911
carpet,A_simple_synthetic,carpet/test/good/006.png,0,good,0.03288584
carpet,A_simple_synthetic,carpet/test/good/007.png,0,good,0.054076377
carpet,A_simple_synthetic,carpet/test/good/008.png,0,good,0.022290103
carpet,A_simple_synthetic,carpet/test/good/009.png,0,good,0.026447095
carpet,A_simple_synthetic,carpet/test/good/010.png,0,good,0.016379723
carpet,A_simple_synthetic,carpet/test/good/011.png,0,good,0.012537906
carpet,A_simple_synthetic,carpet/test/good/012.png,0,good,0.029215733
carpet,A_simple_synthetic,carpet/test/good/013.png,0,good,0.0771671
carpet,A_simple_synthetic,carpet/test/good/014.png,0,good,0.19489983
carpet,A_simple_synthetic,carpet/test/good/015.png,0,good,0.027243678
carpet,A_simple_synthetic,carpet/test/good/016.png,0,good,0.010604895
carpet,A_simple_synthetic,carpet/test/good/017.png,0,good,0.023940343
carpet,A_simple_synthetic,carpet/test/good/018.png,0,good,0.010060087
carpet,A_simple_synthetic,carpet/test/good/019.png,0,good,0.016638385
carpet,A_simple_synthetic,carpet/test/good/020.png,0,good,0.0108079575
carpet,A_simple_synthetic,carpet/test/good/021.png,0,good,0.0087463185
carpet,A_simple_synthetic,carpet/test/good/022.png,0,good,0.012725548
carpet,A_simple_synthetic,carpet/test/good/023.png,0,good,0.01440558
carpet,A_simple_synthetic,carpet/test/good/024.png,0,good,0.010351446
carpet,A_simple_synthetic,carpet/test/good/025.png,0,good,0.012189092
carpet,A_simple_synthetic,carpet/test/good/026.png,0,good,0.012963032
carpet,A_simple_synthetic,carpet/test/good/027.png,0,good,0.008700486
carpet,A_simple_synthetic,carpet/test/color/001.png,1,color,0.9999666
carpet,A_simple_synthetic,carpet/test/color/002.png,1,color,0.9999752
carpet,A_simple_synthetic,carpet/test/color/004.png,1,color,0.9997583
carpet,A_simple_synthetic,carpet/test/color/005.png,1,color,0.95325446
carpet,A_simple_synthetic,carpet/test/color/008.png,1,color,0.99981755
carpet,A_simple_synthetic,carpet/test/color/009.png,1,color,0.96538305
carpet,A_simple_synthetic,carpet/test/color/012.png,1,color,0.78469104
carpet,A_simple_synthetic,carpet/test/color/014.png,1,color,0.65783185
carpet,A_simple_synthetic,carpet/test/color/016.png,1,color,0.99724245
carpet,A_simple_synthetic,carpet/test/cut/000.png,1,cut,0.98894286
carpet,A_simple_synthetic,carpet/test/cut/001.png,1,cut,0.8880929
carpet,A_simple_synthetic,carpet/test/cut/004.png,1,cut,0.5109837
carpet,A_simple_synthetic,carpet/test/cut/006.png,1,cut,0.51086843
carpet,A_simple_synthetic,carpet/test/cut/008.png,1,cut,0.027697463
carpet,A_simple_synthetic,carpet/test/cut/009.png,1,cut,0.8941121
carpet,A_simple_synthetic,carpet/test/cut/010.png,1,cut,0.64273185
carpet,A_simple_synthetic,carpet/test/cut/015.png,1,cut,0.29836226
carpet,A_simple_synthetic,carpet/test/cut/016.png,1,cut,0.21820036
carpet,A_simple_synthetic,carpet/test/hole/001.png,1,hole,0.44782442
carpet,A_simple_synthetic,carpet/test/hole/002.png,1,hole,0.07780702
carpet,A_simple_synthetic,carpet/test/hole/004.png,1,hole,0.58129275
carpet,A_simple_synthetic,carpet/test/hole/005.png,1,hole,0.9874537
carpet,A_simple_synthetic,carpet/test/hole/007.png,1,hole,0.9947482
carpet,A_simple_synthetic,carpet/test/hole/011.png,1,hole,0.9993718
carpet,A_simple_synthetic,carpet/test/hole/012.png,1,hole,0.106955014
carpet,A_simple_synthetic,carpet/test/hole/014.png,1,hole,0.95516175
carpet,A_simple_synthetic,carpet/test/hole/015.png,1,hole,0.3110575
carpet,A_simple_synthetic,carpet/test/metal_contamination/000.png,1,metal_contamination,0.011025393
carpet,A_simple_synthetic,carpet/test/metal_contamination/002.png,1,metal_contamination,0.013356833
carpet,A_simple_synthetic,carpet/test/metal_contamination/003.png,1,metal_contamination,0.11882938
carpet,A_simple_synthetic,carpet/test/metal_contamination/004.png,1,metal_contamination,0.1541721
carpet,A_simple_synthetic,carpet/test/metal_contamination/006.png,1,metal_contamination,0.7133176
carpet,A_simple_synthetic,carpet/test/metal_contamination/007.png,1,metal_contamination,0.90024066
carpet,A_simple_synthetic,carpet/test/metal_contamination/010.png,1,metal_contamination,0.66982293
carpet,A_simple_synthetic,carpet/test/metal_contamination/014.png,1,metal_contamination,0.023327123
carpet,A_simple_synthetic,carpet/test/metal_contamination/015.png,1,metal_contamination,0.092688285
carpet,A_simple_synthetic,carpet/test/thread/002.png,1,thread,0.11342151
carpet,A_simple_synthetic,carpet/test/thread/004.png,1,thread,0.96487635
carpet,A_simple_synthetic,carpet/test/thread/005.png,1,thread,0.98744047
carpet,A_simple_synthetic,carpet/test/thread/008.png,1,thread,0.9548786
carpet,A_simple_synthetic,carpet/test/thread/009.png,1,thread,0.2777078
carpet,A_simple_synthetic,carpet/test/thread/011.png,1,thread,0.5039399
carpet,A_simple_synthetic,carpet/test/thread/012.png,1,thread,0.29254636
carpet,A_simple_synthetic,carpet/test/thread/014.png,1,thread,0.01064354
carpet,A_simple_synthetic,carpet/test/thread/015.png,1,thread,0.02164188
grid,A_simple_synthetic,grid/test/good/000.png,0,good,0.009019308
grid,A_simple_synthetic,grid/test/good/001.png,0,good,0.007281394
grid,A_simple_synthetic,grid/test/good/002.png,0,good,0.013138164
grid,A_simple_synthetic,grid/test/good/003.png,0,good,0.0068973093
grid,A_simple_synthetic,grid/test/good/004.png,0,good,0.013517123
grid,A_simple_synthetic,grid/test/good/005.png,0,good,0.011081845
grid,A_simple_synthetic,grid/test/good/006.png,0,good,0.011006946
grid,A_simple_synthetic,grid/test/good/007.png,0,good,0.005665246
grid,A_simple_synthetic,grid/test/good/008.png,0,good,0.007707031
grid,A_simple_synthetic,grid/test/good/009.png,0,good,0.007439079
grid,A_simple_synthetic,grid/test/good/010.png,0,good,0.014689775
grid,A_simple_synthetic,grid/test/good/011.png,0,good,0.0093653565
grid,A_simple_synthetic,grid/test/good/012.png,0,good,0.013400904
grid,A_simple_synthetic,grid/test/good/013.png,0,good,0.0055302037
grid,A_simple_synthetic,grid/test/good/014.png,0,good,0.004093402
grid,A_simple_synthetic,grid/test/good/015.png,0,good,0.006631494
grid,A_simple_synthetic,grid/test/good/016.png,0,good,0.007803449
grid,A_simple_synthetic,grid/test/good/017.png,0,good,0.012358727
grid,A_simple_synthetic,grid/test/good/018.png,0,good,0.012938755
grid,A_simple_synthetic,grid/test/good/019.png,0,good,0.017365865
grid,A_simple_synthetic,grid/test/good/020.png,0,good,0.011888084
grid,A_simple_synthetic,grid/test/bent/000.png,1,bent,0.17616805
grid,A_simple_synthetic,grid/test/bent/005.png,1,bent,0.010205462
grid,A_simple_synthetic,grid/test/bent/007.png,1,bent,0.0059188074
grid,A_simple_synthetic,grid/test/bent/008.png,1,bent,0.04455045
grid,A_simple_synthetic,grid/test/bent/009.png,1,bent,0.013901843
grid,A_simple_synthetic,grid/test/bent/011.png,1,bent,0.38687038
grid,A_simple_synthetic,grid/test/broken/001.png,1,broken,0.74070084
grid,A_simple_synthetic,grid/test/broken/003.png,1,broken,0.6522487
grid,A_simple_synthetic,grid/test/broken/004.png,1,broken,1.0
grid,A_simple_synthetic,grid/test/broken/005.png,1,broken,0.9999143
grid,A_simple_synthetic,grid/test/broken/006.png,1,broken,0.8966632
grid,A_simple_synthetic,grid/test/broken/011.png,1,broken,0.019298347
grid,A_simple_synthetic,grid/test/glue/001.png,1,glue,0.0074600787
grid,A_simple_synthetic,grid/test/glue/003.png,1,glue,0.010821281
grid,A_simple_synthetic,grid/test/glue/005.png,1,glue,0.9995715
grid,A_simple_synthetic,grid/test/glue/008.png,1,glue,0.008035072
grid,A_simple_synthetic,grid/test/glue/010.png,1,glue,0.083841264
grid,A_simple_synthetic,grid/test/metal_contamination/000.png,1,metal_contamination,0.99931073
grid,A_simple_synthetic,grid/test/metal_contamination/001.png,1,metal_contamination,0.71121895
grid,A_simple_synthetic,grid/test/metal_contamination/003.png,1,metal_contamination,0.9997633
grid,A_simple_synthetic,grid/test/metal_contamination/009.png,1,metal_contamination,0.009083161
grid,A_simple_synthetic,grid/test/metal_contamination/010.png,1,metal_contamination,0.088218644
grid,A_simple_synthetic,grid/test/thread/002.png,1,thread,0.011673035
grid,A_simple_synthetic,grid/test/thread/003.png,1,thread,0.005680233
grid,A_simple_synthetic,grid/test/thread/004.png,1,thread,0.06332136
grid,A_simple_synthetic,grid/test/thread/007.png,1,thread,0.008496326
grid,A_simple_synthetic,grid/test/thread/008.png,1,thread,0.00986878
hazelnut,A_simple_synthetic,hazelnut/test/good/000.png,0,good,0.0019576
hazelnut,A_simple_synthetic,hazelnut/test/good/001.png,0,good,0.0012964741
hazelnut,A_simple_synthetic,hazelnut/test/good/002.png,0,good,0.0013773711
hazelnut,A_simple_synthetic,hazelnut/test/good/003.png,0,good,0.0012576131
hazelnut,A_simple_synthetic,hazelnut/test/good/004.png,0,good,0.0010425528
hazelnut,A_simple_synthetic,hazelnut/test/good/005.png,0,good,0.0027424789
hazelnut,A_simple_synthetic,hazelnut/test/good/006.png,0,good,0.0020784945
hazelnut,A_simple_synthetic,hazelnut/test/good/007.png,0,good,0.0019404939
hazelnut,A_simple_synthetic,hazelnut/test/good/008.png,0,good,0.0017051972
hazelnut,A_simple_synthetic,hazelnut/test/good/009.png,0,good,0.001844696
hazelnut,A_simple_synthetic,hazelnut/test/good/010.png,0,good,0.0065024793
hazelnut,A_simple_synthetic,hazelnut/test/good/011.png,0,good,0.0017565163
hazelnut,A_simple_synthetic,hazelnut/test/good/012.png,0,good,0.0017098767
hazelnut,A_simple_synthetic,hazelnut/test/good/013.png,0,good,0.0028291026
hazelnut,A_simple_synthetic,hazelnut/test/good/014.png,0,good,0.0011402282
hazelnut,A_simple_synthetic,hazelnut/test/good/015.png,0,good,0.0020688402
hazelnut,A_simple_synthetic,hazelnut/test/good/016.png,0,good,0.0012747402
hazelnut,A_simple_synthetic,hazelnut/test/good/017.png,0,good,0.002599836
hazelnut,A_simple_synthetic,hazelnut/test/good/018.png,0,good,0.002812756
hazelnut,A_simple_synthetic,hazelnut/test/good/019.png,0,good,0.0021669217
hazelnut,A_simple_synthetic,hazelnut/test/good/020.png,0,good,0.001744188
hazelnut,A_simple_synthetic,hazelnut/test/good/021.png,0,good,0.0011624852
hazelnut,A_simple_synthetic,hazelnut/test/good/022.png,0,good,0.002332478
hazelnut,A_simple_synthetic,hazelnut/test/good/023.png,0,good,0.00090524944
hazelnut,A_simple_synthetic,hazelnut/test/good/024.png,0,good,0.0021535493
hazelnut,A_simple_synthetic,hazelnut/test/good/025.png,0,good,0.001121677
hazelnut,A_simple_synthetic,hazelnut/test/good/026.png,0,good,0.0026589949
hazelnut,A_simple_synthetic,hazelnut/test/good/027.png,0,good,0.0014847564
hazelnut,A_simple_synthetic,hazelnut/test/good/028.png,0,good,0.0025645932
hazelnut,A_simple_synthetic,hazelnut/test/good/029.png,0,good,0.001762706
hazelnut,A_simple_synthetic,hazelnut/test/good/030.png,0,good,0.0024642234
hazelnut,A_simple_synthetic,hazelnut/test/good/031.png,0,good,0.0022897162
hazelnut,A_simple_synthetic,hazelnut/test/good/032.png,0,good,0.001351514
hazelnut,A_simple_synthetic,hazelnut/test/good/033.png,0,good,0.001973543
hazelnut,A_simple_synthetic,hazelnut/test/good/034.png,0,good,0.0009755758
hazelnut,A_simple_synthetic,hazelnut/test/good/035.png,0,good,0.0023017796
hazelnut,A_simple_synthetic,hazelnut/test/good/036.png,0,good,0.0041092834
hazelnut,A_simple_synthetic,hazelnut/test/good/037.png,0,good,0.0017795076
hazelnut,A_simple_synthetic,hazelnut/test/good/038.png,0,good,0.0012514283
hazelnut,A_simple_synthetic,hazelnut/test/good/039.png,0,good,0.0013620107
hazelnut,A_simple_synthetic,hazelnut/test/crack/002.png,1,crack,0.9994814
hazelnut,A_simple_synthetic,hazelnut/test/crack/003.png,1,crack,0.006196665
hazelnut,A_simple_synthetic,hazelnut/test/crack/005.png,1,crack,0.7140821
hazelnut,A_simple_synthetic,hazelnut/test/crack/009.png,1,crack,0.99995255
hazelnut,A_simple_synthetic,hazelnut/test/crack/011.png,1,crack,0.998237
hazelnut,A_simple_synthetic,hazelnut/test/crack/013.png,1,crack,0.15017492
hazelnut,A_simple_synthetic,hazelnut/test/crack/014.png,1,crack,0.9934009
hazelnut,A_simple_synthetic,hazelnut/test/crack/015.png,1,crack,0.9999924
hazelnut,A_simple_synthetic,hazelnut/test/crack/017.png,1,crack,0.9997243
hazelnut,A_simple_synthetic,hazelnut/test/cut/000.png,1,cut,0.0029919853
hazelnut,A_simple_synthetic,hazelnut/test/cut/001.png,1,cut,0.006432794
hazelnut,A_simple_synthetic,hazelnut/test/cut/004.png,1,cut,0.34003186
hazelnut,A_simple_synthetic,hazelnut/test/cut/006.png,1,cut,0.025060898
hazelnut,A_simple_synthetic,hazelnut/test/cut/007.png,1,cut,0.95841086
hazelnut,A_simple_synthetic,hazelnut/test/cut/008.png,1,cut,0.22732174
hazelnut,A_simple_synthetic,hazelnut/test/cut/013.png,1,cut,0.9962813
hazelnut,A_simple_synthetic,hazelnut/test/cut/014.png,1,cut,0.029532777
hazelnut,A_simple_synthetic,hazelnut/test/cut/016.png,1,cut,0.40240395
hazelnut,A_simple_synthetic,hazelnut/test/hole/000.png,1,hole,0.99999905
hazelnut,A_simple_synthetic,hazelnut/test/hole/001.png,1,hole,0.9999945
hazelnut,A_simple_synthetic,hazelnut/test/hole/004.png,1,hole,1.0
hazelnut,A_simple_synthetic,hazelnut/test/hole/009.png,1,hole,0.9999988
hazelnut,A_simple_synthetic,hazelnut/test/hole/011.png,1,hole,0.99999535
hazelnut,A_simple_synthetic,hazelnut/test/hole/012.png,1,hole,0.9999989
hazelnut,A_simple_synthetic,hazelnut/test/hole/013.png,1,hole,0.9999523
hazelnut,A_simple_synthetic,hazelnut/test/hole/014.png,1,hole,0.99999845
hazelnut,A_simple_synthetic,hazelnut/test/hole/017.png,1,hole,0.9999974
hazelnut,A_simple_synthetic,hazelnut/test/print/001.png,1,print,0.9999827
hazelnut,A_simple_synthetic,hazelnut/test/print/004.png,1,print,0.99996626
hazelnut,A_simple_synthetic,hazelnut/test/print/005.png,1,print,0.9999577
hazelnut,A_simple_synthetic,hazelnut/test/print/009.png,1,print,0.69611967
hazelnut,A_simple_synthetic,hazelnut/test/print/010.png,1,print,0.9999999
hazelnut,A_simple_synthetic,hazelnut/test/print/011.png,1,print,0.99989927
hazelnut,A_simple_synthetic,hazelnut/test/print/014.png,1,print,0.99983525
hazelnut,A_simple_synthetic,hazelnut/test/print/015.png,1,print,0.9928911
hazelnut,A_simple_synthetic,hazelnut/test/print/016.png,1,print,0.99999845
leather,A_simple_synthetic,leather/test/good/000.png,0,good,0.0058361553
leather,A_simple_synthetic,leather/test/good/001.png,0,good,0.008526455
leather,A_simple_synthetic,leather/test/good/002.png,0,good,0.0054520955
leather,A_simple_synthetic,leather/test/good/003.png,0,good,0.007499946
leather,A_simple_synthetic,leather/test/good/004.png,0,good,0.005775398
leather,A_simple_synthetic,leather/test/good/005.png,0,good,0.007944493
leather,A_simple_synthetic,leather/test/good/006.png,0,good,0.0077705225
leather,A_simple_synthetic,leather/test/good/007.png,0,good,0.0062016416
leather,A_simple_synthetic,leather/test/good/008.png,0,good,0.008350857
leather,A_simple_synthetic,leather/test/good/009.png,0,good,0.0063241855
leather,A_simple_synthetic,leather/test/good/010.png,0,good,0.004936151
leather,A_simple_synthetic,leather/test/good/011.png,0,good,0.006076497
leather,A_simple_synthetic,leather/test/good/012.png,0,good,0.0057041333
leather,A_simple_synthetic,leather/test/good/013.png,0,good,0.0075104744
leather,A_simple_synthetic,leather/test/good/014.png,0,good,0.0058824127
leather,A_simple_synthetic,leather/test/good/015.png,0,good,0.0076371925
leather,A_simple_synthetic,leather/test/good/016.png,0,good,0.007927532
leather,A_simple_synthetic,leather/test/good/017.png,0,good,0.008379749
leather,A_simple_synthetic,leather/test/good/018.png,0,good,0.0071647316
leather,A_simple_synthetic,leather/test/good/019.png,0,good,0.008426052
leather,A_simple_synthetic,leather/test/good/020.png,0,good,0.008742594
leather,A_simple_synthetic,leather/test/good/021.png,0,good,0.0087397685
leather,A_simple_synthetic,leather/test/good/022.png,0,good,0.0057680397
leather,A_simple_synthetic,leather/test/good/023.png,0,good,0.008500252
leather,A_simple_synthetic,leather/test/good/024.png,0,good,0.009289993
leather,A_simple_synthetic,leather/test/good/025.png,0,good,0.006959773
leather,A_simple_synthetic,leather/test/good/026.png,0,good,0.008045835
leather,A_simple_synthetic,leather/test/good/027.png,0,good,0.009883868
leather,A_simple_synthetic,leather/test/good/028.png,0,good,0.006299023
leather,A_simple_synthetic,leather/test/good/029.png,0,good,0.008987296
leather,A_simple_synthetic,leather/test/good/030.png,0,good,0.006413899
leather,A_simple_synthetic,leather/test/good/031.png,0,good,0.0077911234
leather,A_simple_synthetic,leather/test/color/001.png,1,color,0.22518986
leather,A_simple_synthetic,leather/test/color/005.png,1,color,0.08005432
leather,A_simple_synthetic,leather/test/color/007.png,1,color,0.022436671
leather,A_simple_synthetic,leather/test/color/008.png,1,color,0.15908125
leather,A_simple_synthetic,leather/test/color/009.png,1,color,0.012839127
leather,A_simple_synthetic,leather/test/color/011.png,1,color,0.48969713
leather,A_simple_synthetic,leather/test/color/012.png,1,color,0.5351125
leather,A_simple_synthetic,leather/test/color/014.png,1,color,0.034727264
leather,A_simple_synthetic,leather/test/color/015.png,1,color,0.06505447
leather,A_simple_synthetic,leather/test/cut/002.png,1,cut,0.5111929
leather,A_simple_synthetic,leather/test/cut/004.png,1,cut,0.9999994
leather,A_simple_synthetic,leather/test/cut/005.png,1,cut,0.999559
leather,A_simple_synthetic,leather/test/cut/008.png,1,cut,0.9460434
leather,A_simple_synthetic,leather/test/cut/010.png,1,cut,0.46465734
leather,A_simple_synthetic,leather/test/cut/012.png,1,cut,0.9886369
leather,A_simple_synthetic,leather/test/cut/013.png,1,cut,0.5273577
leather,A_simple_synthetic,leather/test/cut/016.png,1,cut,0.99372077
leather,A_simple_synthetic,leather/test/cut/017.png,1,cut,0.98037684
leather,A_simple_synthetic,leather/test/fold/000.png,1,fold,0.98174554
leather,A_simple_synthetic,leather/test/fold/005.png,1,fold,0.95917284
leather,A_simple_synthetic,leather/test/fold/006.png,1,fold,0.05580631
leather,A_simple_synthetic,leather/test/fold/007.png,1,fold,0.97776765
leather,A_simple_synthetic,leather/test/fold/010.png,1,fold,0.61533797
leather,A_simple_synthetic,leather/test/fold/012.png,1,fold,0.60555387
leather,A_simple_synthetic,leather/test/fold/014.png,1,fold,0.99340725
leather,A_simple_synthetic,leather/test/fold/015.png,1,fold,0.98165554
leather,A_simple_synthetic,leather/test/fold/016.png,1,fold,0.9357968
leather,A_simple_synthetic,leather/test/glue/000.png,1,glue,0.99983895
leather,A_simple_synthetic,leather/test/glue/001.png,1,glue,0.9771367
leather,A_simple_synthetic,leather/test/glue/002.png,1,glue,0.99982905
leather,A_simple_synthetic,leather/test/glue/005.png,1,glue,0.9999416
leather,A_simple_synthetic,leather/test/glue/008.png,1,glue,1.0
leather,A_simple_synthetic,leather/test/glue/009.png,1,glue,0.24257357
leather,A_simple_synthetic,leather/test/glue/015.png,1,glue,0.9999963
leather,A_simple_synthetic,leather/test/glue/016.png,1,glue,0.08208313
leather,A_simple_synthetic,leather/test/glue/017.png,1,glue,0.9612036
leather,A_simple_synthetic,leather/test/poke/001.png,1,poke,0.022639105
leather,A_simple_synthetic,leather/test/poke/002.png,1,poke,0.83593696
leather,A_simple_synthetic,leather/test/poke/005.png,1,poke,0.99991083
leather,A_simple_synthetic,leather/test/poke/007.png,1,poke,0.99998236
leather,A_simple_synthetic,leather/test/poke/010.png,1,poke,0.85118526
leather,A_simple_synthetic,leather/test/poke/011.png,1,poke,0.9723023
leather,A_simple_synthetic,leather/test/poke/012.png,1,poke,0.9988165
leather,A_simple_synthetic,leather/test/poke/014.png,1,poke,0.99992144
leather,A_simple_synthetic,leather/test/poke/016.png,1,poke,0.9999943
metal_nut,A_simple_synthetic,metal_nut/test/good/000.png,0,good,0.0064461846
metal_nut,A_simple_synthetic,metal_nut/test/good/001.png,0,good,0.013178009
metal_nut,A_simple_synthetic,metal_nut/test/good/002.png,0,good,0.012229646
metal_nut,A_simple_synthetic,metal_nut/test/good/003.png,0,good,0.0070993085
metal_nut,A_simple_synthetic,metal_nut/test/good/004.png,0,good,0.004597249
metal_nut,A_simple_synthetic,metal_nut/test/good/005.png,0,good,0.048402928
metal_nut,A_simple_synthetic,metal_nut/test/good/006.png,0,good,0.0066236705
metal_nut,A_simple_synthetic,metal_nut/test/good/007.png,0,good,0.0104869185
metal_nut,A_simple_synthetic,metal_nut/test/good/008.png,0,good,0.007476854
metal_nut,A_simple_synthetic,metal_nut/test/good/009.png,0,good,0.0053447564
metal_nut,A_simple_synthetic,metal_nut/test/good/010.png,0,good,0.004423691
metal_nut,A_simple_synthetic,metal_nut/test/good/011.png,0,good,0.02724728
metal_nut,A_simple_synthetic,metal_nut/test/good/012.png,0,good,0.022796953
metal_nut,A_simple_synthetic,metal_nut/test/good/013.png,0,good,0.0071744057
metal_nut,A_simple_synthetic,metal_nut/test/good/014.png,0,good,0.008293901
metal_nut,A_simple_synthetic,metal_nut/test/good/015.png,0,good,0.005546082
metal_nut,A_simple_synthetic,metal_nut/test/good/016.png,0,good,0.009024415
metal_nut,A_simple_synthetic,metal_nut/test/good/017.png,0,good,0.00929105
metal_nut,A_simple_synthetic,metal_nut/test/good/018.png,0,good,0.010462874
metal_nut,A_simple_synthetic,metal_nut/test/good/019.png,0,good,0.009783202
metal_nut,A_simple_synthetic,metal_nut/test/good/020.png,0,good,0.0069511575
metal_nut,A_simple_synthetic,metal_nut/test/good/021.png,0,good,0.019663729
metal_nut,A_simple_synthetic,metal_nut/test/bent/001.png,1,bent,0.018358316
metal_nut,A_simple_synthetic,metal_nut/test/bent/002.png,1,bent,0.25751197
metal_nut,A_simple_synthetic,metal_nut/test/bent/006.png,1,bent,0.081332296
metal_nut,A_simple_synthetic,metal_nut/test/bent/010.png,1,bent,0.16935241
metal_nut,A_simple_synthetic,metal_nut/test/bent/011.png,1,bent,0.91743666
metal_nut,A_simple_synthetic,metal_nut/test/bent/012.png,1,bent,0.0240143
metal_nut,A_simple_synthetic,metal_nut/test/bent/013.png,1,bent,0.6543117
metal_nut,A_simple_synthetic,metal_nut/test/bent/014.png,1,bent,0.011472117
metal_nut,A_simple_synthetic,metal_nut/test/bent/018.png,1,bent,0.9358486
metal_nut,A_simple_synthetic,metal_nut/test/bent/019.png,1,bent,0.016307479
metal_nut,A_simple_synthetic,metal_nut/test/bent/022.png,1,bent,0.04566899
metal_nut,A_simple_synthetic,metal_nut/test/bent/023.png,1,bent,0.5871176
metal_nut,A_simple_synthetic,metal_nut/test/bent/024.png,1,bent,0.07184767
metal_nut,A_simple_synthetic,metal_nut/test/color/000.png,1,color,0.050643753
metal_nut,A_simple_synthetic,metal_nut/test/color/001.png,1,color,0.029159306
metal_nut,A_simple_synthetic,metal_nut/test/color/002.png,1,color,0.1311202
metal_nut,A_simple_synthetic,metal_nut/test/color/003.png,1,color,0.027600043
metal_nut,A_simple_synthetic,metal_nut/test/color/005.png,1,color,0.0062413095
metal_nut,A_simple_synthetic,metal_nut/test/color/007.png,1,color,0.6968978
metal_nut,A_simple_synthetic,metal_nut/test/color/010.png,1,color,0.0045490772
metal_nut,A_simple_synthetic,metal_nut/test/color/012.png,1,color,0.038288582
metal_nut,A_simple_synthetic,metal_nut/test/color/013.png,1,color,0.027685894
metal_nut,A_simple_synthetic,metal_nut/test/color/016.png,1,color,0.023527132
metal_nut,A_simple_synthetic,metal_nut/test/color/020.png,1,color,0.004774699
metal_nut,A_simple_synthetic,metal_nut/test/flip/001.png,1,flip,0.9268632
metal_nut,A_simple_synthetic,metal_nut/test/flip/002.png,1,flip,0.09235552
metal_nut,A_simple_synthetic,metal_nut/test/flip/006.png,1,flip,0.10839602
metal_nut,A_simple_synthetic,metal_nut/test/flip/008.png,1,flip,0.30902162
metal_nut,A_simple_synthetic,metal_nut/test/flip/009.png,1,flip,0.47687945
metal_nut,A_simple_synthetic,metal_nut/test/flip/010.png,1,flip,0.095699176
metal_nut,A_simple_synthetic,metal_nut/test/flip/013.png,1,flip,0.9609611
metal_nut,A_simple_synthetic,metal_nut/test/flip/014.png,1,flip,0.94668424
metal_nut,A_simple_synthetic,metal_nut/test/flip/015.png,1,flip,0.6494491
metal_nut,A_simple_synthetic,metal_nut/test/flip/019.png,1,flip,0.22290814
metal_nut,A_simple_synthetic,metal_nut/test/flip/022.png,1,flip,0.91292745
metal_nut,A_simple_synthetic,metal_nut/test/scratch/001.png,1,scratch,0.083722375
metal_nut,A_simple_synthetic,metal_nut/test/scratch/002.png,1,scratch,0.036249083
metal_nut,A_simple_synthetic,metal_nut/test/scratch/003.png,1,scratch,0.01130759
metal_nut,A_simple_synthetic,metal_nut/test/scratch/004.png,1,scratch,0.9944853
metal_nut,A_simple_synthetic,metal_nut/test/scratch/005.png,1,scratch,0.43784815
metal_nut,A_simple_synthetic,metal_nut/test/scratch/007.png,1,scratch,0.94715524
metal_nut,A_simple_synthetic,metal_nut/test/scratch/008.png,1,scratch,0.9907934
metal_nut,A_simple_synthetic,metal_nut/test/scratch/009.png,1,scratch,0.03828072
metal_nut,A_simple_synthetic,metal_nut/test/scratch/012.png,1,scratch,0.55176884
metal_nut,A_simple_synthetic,metal_nut/test/scratch/018.png,1,scratch,0.99968994
metal_nut,A_simple_synthetic,metal_nut/test/scratch/019.png,1,scratch,0.043165695
pill,A_simple_synthetic,pill/test/good/000.png,0,good,0.0022582158
pill,A_simple_synthetic,pill/test/good/001.png,0,good,0.00081149704
pill,A_simple_synthetic,pill/test/good/002.png,0,good,0.0006153663
pill,A_simple_synthetic,pill/test/good/003.png,0,good,0.0007584533
pill,A_simple_synthetic,pill/test/good/004.png,0,good,0.0016786499
pill,A_simple_synthetic,pill/test/good/005.png,0,good,0.0013321704
pill,A_simple_synthetic,pill/test/good/006.png,0,good,0.00032090498
pill,A_simple_synthetic,pill/test/good/007.png,0,good,0.00059440685
pill,A_simple_synthetic,pill/test/good/008.png,0,good,0.0016802391
pill,A_simple_synthetic,pill/test/good/009.png,0,good,0.0007943382
pill,A_simple_synthetic,pill/test/good/010.png,0,good,0.0010239887
pill,A_simple_synthetic,pill/test/good/011.png,0,good,0.000909562
pill,A_simple_synthetic,pill/test/good/012.png,0,good,0.007607911
pill,A_simple_synthetic,pill/test/good/013.png,0,good,0.001217147
pill,A_simple_synthetic,pill/test/good/014.png,0,good,0.0020221514
pill,A_simple_synthetic,pill/test/good/015.png,0,good,0.001959964
pill,A_simple_synthetic,pill/test/good/016.png,0,good,0.0015332929
pill,A_simple_synthetic,pill/test/good/017.png,0,good,0.0016138925
pill,A_simple_synthetic,pill/test/good/018.png,0,good,0.0011145816
pill,A_simple_synthetic,pill/test/good/019.png,0,good,0.0016430691
pill,A_simple_synthetic,pill/test/good/020.png,0,good,0.00092074473
pill,A_simple_synthetic,pill/test/good/021.png,0,good,0.0005576023
pill,A_simple_synthetic,pill/test/good/022.png,0,good,0.00094997935
pill,A_simple_synthetic,pill/test/good/023.png,0,good,0.001066706
pill,A_simple_synthetic,pill/test/good/024.png,0,good,0.01664579
pill,A_simple_synthetic,pill/test/good/025.png,0,good,0.0010440163
pill,A_simple_synthetic,pill/test/color/002.png,1,color,0.0014888516
pill,A_simple_synthetic,pill/test/color/005.png,1,color,0.0015762234
pill,A_simple_synthetic,pill/test/color/007.png,1,color,0.0013684272
pill,A_simple_synthetic,pill/test/color/008.png,1,color,0.0013034319
pill,A_simple_synthetic,pill/test/color/010.png,1,color,0.00056631054
pill,A_simple_synthetic,pill/test/color/011.png,1,color,0.0030487143
pill,A_simple_synthetic,pill/test/color/014.png,1,color,0.000732524
pill,A_simple_synthetic,pill/test/color/018.png,1,color,0.0019468674
pill,A_simple_synthetic,pill/test/color/019.png,1,color,0.060837884
pill,A_simple_synthetic,pill/test/color/020.png,1,color,0.0010023429
pill,A_simple_synthetic,pill/test/color/021.png,1,color,0.0016891492
pill,A_simple_synthetic,pill/test/color/022.png,1,color,0.0029821156
pill,A_simple_synthetic,pill/test/color/023.png,1,color,0.013484873
pill,A_simple_synthetic,pill/test/combined/001.png,1,combined,0.0047506257
pill,A_simple_synthetic,pill/test/combined/004.png,1,combined,0.002922373
pill,A_simple_synthetic,pill/test/combined/006.png,1,combined,0.001162483
pill,A_simple_synthetic,pill/test/combined/007.png,1,combined,0.00077688653
pill,A_simple_synthetic,pill/test/combined/008.png,1,combined,0.054774355
pill,A_simple_synthetic,pill/test/combined/012.png,1,combined,0.32612923
pill,A_simple_synthetic,pill/test/combined/013.png,1,combined,0.022209808
pill,A_simple_synthetic,pill/test/combined/015.png,1,combined,0.0012881549
pill,A_simple_synthetic,pill/test/combined/016.png,1,combined,0.8535442
pill,A_simple_synthetic,pill/test/contamination/000.png,1,contamination,0.00041245238
pill,A_simple_synthetic,pill/test/contamination/003.png,1,contamination,0.002526095
pill,A_simple_synthetic,pill/test/contamination/008.png,1,contamination,0.0022647055
pill,A_simple_synthetic,pill/test/contamination/009.png,1,contamination,0.0013145983
pill,A_simple_synthetic,pill/test/contamination/010.png,1,contamination,0.0027838885
pill,A_simple_synthetic,pill/test/contamination/013.png,1,contamination,0.000772334
pill,A_simple_synthetic,pill/test/contamination/014.png,1,contamination,0.011340662
pill,A_simple_synthetic,pill/test/contamination/015.png,1,contamination,0.007868352
pill,A_simple_synthetic,pill/test/contamination/016.png,1,contamination,0.0021852343
pill,A_simple_synthetic,pill/test/contamination/017.png,1,contamination,0.0013568526
pill,A_simple_synthetic,pill/test/contamination/018.png,1,contamination,0.0012540198
pill,A_simple_synthetic,pill/test/crack/003.png,1,crack,0.0029573655
pill,A_simple_synthetic,pill/test/crack/004.png,1,crack,0.0005490502
pill,A_simple_synthetic,pill/test/crack/005.png,1,crack,0.002134688
pill,A_simple_synthetic,pill/test/crack/007.png,1,crack,0.00084
pill,A_simple_synthetic,pill/test/crack/011.png,1,crack,0.0026264077
pill,A_simple_synthetic,pill/test/crack/013.png,1,crack,0.000503243
pill,A_simple_synthetic,pill/test/crack/015.png,1,crack,0.0004611935
pill,A_simple_synthetic,pill/test/crack/016.png,1,crack,0.001270366
pill,A_simple_synthetic,pill/test/crack/017.png,1,crack,0.05697972
pill,A_simple_synthetic,pill/test/crack/018.png,1,crack,0.0032859987
pill,A_simple_synthetic,pill/test/crack/020.png,1,crack,0.00040345118
pill,A_simple_synthetic,pill/test/crack/023.png,1,crack,0.003406
pill,A_simple_synthetic,pill/test/crack/024.png,1,crack,0.00079655385
pill,A_simple_synthetic,pill/test/faulty_imprint/000.png,1,faulty_imprint,0.0014371935
pill,A_simple_synthetic,pill/test/faulty_imprint/001.png,1,faulty_imprint,0.0010886489
pill,A_simple_synthetic,pill/test/faulty_imprint/004.png,1,faulty_imprint,0.0015862077
pill,A_simple_synthetic,pill/test/faulty_imprint/008.png,1,faulty_imprint,0.0029808285
pill,A_simple_synthetic,pill/test/faulty_imprint/009.png,1,faulty_imprint,0.0006129839
pill,A_simple_synthetic,pill/test/faulty_imprint/010.png,1,faulty_imprint,0.0059942133
pill,A_simple_synthetic,pill/test/faulty_imprint/011.png,1,faulty_imprint,0.00470926
pill,A_simple_synthetic,pill/test/faulty_imprint/013.png,1,faulty_imprint,0.0019321166
pill,A_simple_synthetic,pill/test/faulty_imprint/017.png,1,faulty_imprint,0.0015683112
pill,A_simple_synthetic,pill/test/pill_type/001.png,1,pill_type,0.96072483
pill,A_simple_synthetic,pill/test/pill_type/004.png,1,pill_type,0.1478757
pill,A_simple_synthetic,pill/test/pill_type/005.png,1,pill_type,0.9275499
pill,A_simple_synthetic,pill/test/pill_type/007.png,1,pill_type,0.43291363
pill,A_simple_synthetic,pill/test/pill_type/008.png,1,pill_type,0.8514747
pill,A_simple_synthetic,pill/test/scratch/002.png,1,scratch,0.0017365194
pill,A_simple_synthetic,pill/test/scratch/003.png,1,scratch,0.0005034078
pill,A_simple_synthetic,pill/test/scratch/004.png,1,scratch,0.0018814881
pill,A_simple_synthetic,pill/test/scratch/006.png,1,scratch,0.0010435943
pill,A_simple_synthetic,pill/test/scratch/009.png,1,scratch,0.002032953
pill,A_simple_synthetic,pill/test/scratch/012.png,1,scratch,0.002231235
pill,A_simple_synthetic,pill/test/scratch/014.png,1,scratch,0.0017458409
pill,A_simple_synthetic,pill/test/scratch/015.png,1,scratch,0.00084188394
pill,A_simple_synthetic,pill/test/scratch/016.png,1,scratch,0.0010869971
pill,A_simple_synthetic,pill/test/scratch/019.png,1,scratch,0.0008339785
pill,A_simple_synthetic,pill/test/scratch/020.png,1,scratch,0.00064239744
pill,A_simple_synthetic,pill/test/scratch/022.png,1,scratch,0.0023946946
screw,A_simple_synthetic,screw/test/good/000.png,0,good,0.0031378397
screw,A_simple_synthetic,screw/test/good/001.png,0,good,0.0059460215
screw,A_simple_synthetic,screw/test/good/002.png,0,good,0.0070868223
screw,A_simple_synthetic,screw/test/good/003.png,0,good,0.0055260514
screw,A_simple_synthetic,screw/test/good/004.png,0,good,0.011966791
screw,A_simple_synthetic,screw/test/good/005.png,0,good,0.0029298405
screw,A_simple_synthetic,screw/test/good/006.png,0,good,0.004567291
screw,A_simple_synthetic,screw/test/good/007.png,0,good,0.0070708315
screw,A_simple_synthetic,screw/test/good/008.png,0,good,0.02216478
screw,A_simple_synthetic,screw/test/good/009.png,0,good,0.009171369
screw,A_simple_synthetic,screw/test/good/010.png,0,good,0.04902282
screw,A_simple_synthetic,screw/test/good/011.png,0,good,0.0076094484
screw,A_simple_synthetic,screw/test/good/012.png,0,good,0.0044240598
screw,A_simple_synthetic,screw/test/good/013.png,0,good,0.0043892786
screw,A_simple_synthetic,screw/test/good/014.png,0,good,0.0073876306
screw,A_simple_synthetic,screw/test/good/015.png,0,good,0.0039168326
screw,A_simple_synthetic,screw/test/good/016.png,0,good,0.0031838089
screw,A_simple_synthetic,screw/test/good/017.png,0,good,0.004688424
screw,A_simple_synthetic,screw/test/good/018.png,0,good,0.07745256
screw,A_simple_synthetic,screw/test/good/019.png,0,good,0.009748857
screw,A_simple_synthetic,screw/test/good/020.png,0,good,0.0058418796
screw,A_simple_synthetic,screw/test/good/021.png,0,good,0.0049320026
screw,A_simple_synthetic,screw/test/good/022.png,0,good,0.0055891457
screw,A_simple_synthetic,screw/test/good/023.png,0,good,0.009220719
screw,A_simple_synthetic,screw/test/good/024.png,0,good,0.0069132075
screw,A_simple_synthetic,screw/test/good/025.png,0,good,0.006552375
screw,A_simple_synthetic,screw/test/good/026.png,0,good,0.008128338
screw,A_simple_synthetic,screw/test/good/027.png,0,good,0.006015308
screw,A_simple_synthetic,screw/test/good/028.png,0,good,0.0037909748
screw,A_simple_synthetic,screw/test/good/029.png,0,good,0.015366539
screw,A_simple_synthetic,screw/test/good/030.png,0,good,0.0042695417
screw,A_simple_synthetic,screw/test/good/031.png,0,good,0.048632536
screw,A_simple_synthetic,screw/test/good/032.png,0,good,0.005144383
screw,A_simple_synthetic,screw/test/good/033.png,0,good,0.0065382672
screw,A_simple_synthetic,screw/test/good/034.png,0,good,0.0037192837
screw,A_simple_synthetic,screw/test/good/035.png,0,good,0.005028416
screw,A_simple_synthetic,screw/test/good/036.png,0,good,0.003665993
screw,A_simple_synthetic,screw/test/good/037.png,0,good,0.004548838
screw,A_simple_synthetic,screw/test/good/038.png,0,good,0.005359916
screw,A_simple_synthetic,screw/test/good/039.png,0,good,0.043853004
screw,A_simple_synthetic,screw/test/good/040.png,0,good,0.0061639682
screw,A_simple_synthetic,screw/test/manipulated_front/004.png,1,manipulated_front,0.006445082
screw,A_simple_synthetic,screw/test/manipulated_front/005.png,1,manipulated_front,0.013814354
screw,A_simple_synthetic,screw/test/manipulated_front/006.png,1,manipulated_front,0.008754822
screw,A_simple_synthetic,screw/test/manipulated_front/010.png,1,manipulated_front,0.03434431
screw,A_simple_synthetic,screw/test/manipulated_front/011.png,1,manipulated_front,0.01103024
screw,A_simple_synthetic,screw/test/manipulated_front/013.png,1,manipulated_front,0.01324964
screw,A_simple_synthetic,screw/test/manipulated_front/015.png,1,manipulated_front,0.009704378
screw,A_simple_synthetic,screw/test/manipulated_front/016.png,1,manipulated_front,0.04132995
screw,A_simple_synthetic,screw/test/manipulated_front/017.png,1,manipulated_front,0.0071597104
screw,A_simple_synthetic,screw/test/manipulated_front/020.png,1,manipulated_front,0.0077125174
screw,A_simple_synthetic,screw/test/manipulated_front/021.png,1,manipulated_front,0.0057175905
screw,A_simple_synthetic,screw/test/manipulated_front/022.png,1,manipulated_front,0.0060370695
screw,A_simple_synthetic,screw/test/scratch_head/000.png,1,scratch_head,0.03291741
screw,A_simple_synthetic,screw/test/scratch_head/001.png,1,scratch_head,0.0040530986
screw,A_simple_synthetic,screw/test/scratch_head/002.png,1,scratch_head,0.013752886
screw,A_simple_synthetic,screw/test/scratch_head/003.png,1,scratch_head,0.14688861
screw,A_simple_synthetic,screw/test/scratch_head/004.png,1,scratch_head,0.017210662
screw,A_simple_synthetic,screw/test/scratch_head/007.png,1,scratch_head,0.028233014
screw,A_simple_synthetic,screw/test/scratch_head/009.png,1,scratch_head,0.18391778
screw,A_simple_synthetic,screw/test/scratch_head/010.png,1,scratch_head,0.009574318
screw,A_simple_synthetic,screw/test/scratch_head/012.png,1,scratch_head,0.023639837
screw,A_simple_synthetic,screw/test/scratch_head/015.png,1,scratch_head,0.04534024
screw,A_simple_synthetic,screw/test/scratch_head/020.png,1,scratch_head,0.01092381
screw,A_simple_synthetic,screw/test/scratch_head/021.png,1,scratch_head,0.011331914
screw,A_simple_synthetic,screw/test/scratch_neck/002.png,1,scratch_neck,0.008463623
screw,A_simple_synthetic,screw/test/scratch_neck/006.png,1,scratch_neck,0.029580016
screw,A_simple_synthetic,screw/test/scratch_neck/009.png,1,scratch_neck,0.008953894
screw,A_simple_synthetic,screw/test/scratch_neck/010.png,1,scratch_neck,0.011016132
screw,A_simple_synthetic,screw/test/scratch_neck/011.png,1,scratch_neck,0.025268253
screw,A_simple_synthetic,screw/test/scratch_neck/014.png,1,scratch_neck,0.008172388
screw,A_simple_synthetic,screw/test/scratch_neck/015.png,1,scratch_neck,0.009756703
screw,A_simple_synthetic,screw/test/scratch_neck/016.png,1,scratch_neck,0.017123742
screw,A_simple_synthetic,screw/test/scratch_neck/018.png,1,scratch_neck,0.014202851
screw,A_simple_synthetic,screw/test/scratch_neck/020.png,1,scratch_neck,0.010922652
screw,A_simple_synthetic,screw/test/scratch_neck/022.png,1,scratch_neck,0.00625754
screw,A_simple_synthetic,screw/test/scratch_neck/023.png,1,scratch_neck,0.016701562
screw,A_simple_synthetic,screw/test/scratch_neck/024.png,1,scratch_neck,0.015227786
screw,A_simple_synthetic,screw/test/thread_side/000.png,1,thread_side,0.0866672
screw,A_simple_synthetic,screw/test/thread_side/001.png,1,thread_side,0.017593376
screw,A_simple_synthetic,screw/test/thread_side/004.png,1,thread_side,0.008219717
screw,A_simple_synthetic,screw/test/thread_side/008.png,1,thread_side,0.0072358395
screw,A_simple_synthetic,screw/test/thread_side/009.png,1,thread_side,0.009798014
screw,A_simple_synthetic,screw/test/thread_side/010.png,1,thread_side,0.00887164
screw,A_simple_synthetic,screw/test/thread_side/011.png,1,thread_side,0.0074379216
screw,A_simple_synthetic,screw/test/thread_side/012.png,1,thread_side,0.009780836
screw,A_simple_synthetic,screw/test/thread_side/014.png,1,thread_side,0.023657396
screw,A_simple_synthetic,screw/test/thread_side/015.png,1,thread_side,0.003993033
screw,A_simple_synthetic,screw/test/thread_side/020.png,1,thread_side,0.007169737
screw,A_simple_synthetic,screw/test/thread_top/000.png,1,thread_top,0.0047606644
screw,A_simple_synthetic,screw/test/thread_top/004.png,1,thread_top,0.011267817
screw,A_simple_synthetic,screw/test/thread_top/005.png,1,thread_top,0.043789446
screw,A_simple_synthetic,screw/test/thread_top/007.png,1,thread_top,0.031472974
screw,A_simple_synthetic,screw/test/thread_top/010.png,1,thread_top,0.008449801
screw,A_simple_synthetic,screw/test/thread_top/011.png,1,thread_top,0.00590289
screw,A_simple_synthetic,screw/test/thread_top/013.png,1,thread_top,0.169989
screw,A_simple_synthetic,screw/test/thread_top/018.png,1,thread_top,0.021537518
screw,A_simple_synthetic,screw/test/thread_top/019.png,1,thread_top,0.03581319
screw,A_simple_synthetic,screw/test/thread_top/020.png,1,thread_top,0.0827569
screw,A_simple_synthetic,screw/test/thread_top/021.png,1,thread_top,0.007159392
tile,A_simple_synthetic,tile/test/good/000.png,0,good,0.004331695
tile,A_simple_synthetic,tile/test/good/001.png,0,good,0.0026806237
tile,A_simple_synthetic,tile/test/good/002.png,0,good,0.004665466
tile,A_simple_synthetic,tile/test/good/003.png,0,good,0.004097609
tile,A_simple_synthetic,tile/test/good/004.png,0,good,0.0041933754
tile,A_simple_synthetic,tile/test/good/005.png,0,good,0.0045316876
tile,A_simple_synthetic,tile/test/good/006.png,0,good,0.0033695702
tile,A_simple_synthetic,tile/test/good/007.png,0,good,0.0039806194
tile,A_simple_synthetic,tile/test/good/008.png,0,good,0.0025044114
tile,A_simple_synthetic,tile/test/good/009.png,0,good,0.0043712775
tile,A_simple_synthetic,tile/test/good/010.png,0,good,0.0042267926
tile,A_simple_synthetic,tile/test/good/011.png,0,good,0.0034113212
tile,A_simple_synthetic,tile/test/good/012.png,0,good,0.005535975
tile,A_simple_synthetic,tile/test/good/013.png,0,good,0.0036066158
tile,A_simple_synthetic,tile/test/good/014.png,0,good,0.0032564467
tile,A_simple_synthetic,tile/test/good/015.png,0,good,0.004041819
tile,A_simple_synthetic,tile/test/good/016.png,0,good,0.0031360714
tile,A_simple_synthetic,tile/test/good/017.png,0,good,0.004639771
tile,A_simple_synthetic,tile/test/good/018.png,0,good,0.003131906
tile,A_simple_synthetic,tile/test/good/019.png,0,good,0.0041696006
tile,A_simple_synthetic,tile/test/good/020.png,0,good,0.00366784
tile,A_simple_synthetic,tile/test/good/021.png,0,good,0.004686471
tile,A_simple_synthetic,tile/test/good/022.png,0,good,0.0052220873
tile,A_simple_synthetic,tile/test/good/023.png,0,good,0.0037579047
tile,A_simple_synthetic,tile/test/good/024.png,0,good,0.004425457
tile,A_simple_synthetic,tile/test/good/025.png,0,good,0.0046044993
tile,A_simple_synthetic,tile/test/good/026.png,0,good,0.0050409567
tile,A_simple_synthetic,tile/test/good/027.png,0,good,0.006493789
tile,A_simple_synthetic,tile/test/good/028.png,0,good,0.0050938367
tile,A_simple_synthetic,tile/test/good/029.png,0,good,0.004440426
tile,A_simple_synthetic,tile/test/good/030.png,0,good,0.0041275774
tile,A_simple_synthetic,tile/test/good/031.png,0,good,0.004504991
tile,A_simple_synthetic,tile/test/good/032.png,0,good,0.005136072
tile,A_simple_synthetic,tile/test/crack/000.png,1,crack,0.91637695
tile,A_simple_synthetic,tile/test/crack/002.png,1,crack,0.9995634
tile,A_simple_synthetic,tile/test/crack/005.png,1,crack,0.02978211
tile,A_simple_synthetic,tile/test/crack/006.png,1,crack,0.99942636
tile,A_simple_synthetic,tile/test/crack/009.png,1,crack,0.99965036
tile,A_simple_synthetic,tile/test/crack/012.png,1,crack,0.999297
tile,A_simple_synthetic,tile/test/crack/013.png,1,crack,0.9327965
tile,A_simple_synthetic,tile/test/crack/014.png,1,crack,0.99935204
tile,A_simple_synthetic,tile/test/crack/016.png,1,crack,0.9909733
tile,A_simple_synthetic,tile/test/glue_strip/000.png,1,glue_strip,0.8571147
tile,A_simple_synthetic,tile/test/glue_strip/001.png,1,glue_strip,0.9651501
tile,A_simple_synthetic,tile/test/glue_strip/002.png,1,glue_strip,0.79896265
tile,A_simple_synthetic,tile/test/glue_strip/006.png,1,glue_strip,0.8497951
tile,A_simple_synthetic,tile/test/glue_strip/009.png,1,glue_strip,0.42357227
tile,A_simple_synthetic,tile/test/glue_strip/010.png,1,glue_strip,0.94247395
tile,A_simple_synthetic,tile/test/glue_strip/014.png,1,glue_strip,0.20029454
tile,A_simple_synthetic,tile/test/glue_strip/015.png,1,glue_strip,0.74117774
tile,A_simple_synthetic,tile/test/glue_strip/016.png,1,glue_strip,0.16794035
tile,A_simple_synthetic,tile/test/gray_stroke/001.png,1,gray_stroke,0.09962335
tile,A_simple_synthetic,tile/test/gray_stroke/003.png,1,gray_stroke,0.13413095
tile,A_simple_synthetic,tile/test/gray_stroke/008.png,1,gray_stroke,0.9117956
tile,A_simple_synthetic,tile/test/gray_stroke/010.png,1,gray_stroke,0.9763732
tile,A_simple_synthetic,tile/test/gray_stroke/011.png,1,gray_stroke,0.7616897
tile,A_simple_synthetic,tile/test/gray_stroke/012.png,1,gray_stroke,0.08348487
tile,A_simple_synthetic,tile/test/gray_stroke/014.png,1,gray_stroke,0.49808946
tile,A_simple_synthetic,tile/test/gray_stroke/015.png,1,gray_stroke,0.07961892
tile,A_simple_synthetic,tile/test/oil/002.png,1,oil,0.07465041
tile,A_simple_synthetic,tile/test/oil/004.png,1,oil,0.061104286
tile,A_simple_synthetic,tile/test/oil/005.png,1,oil,0.02342635
tile,A_simple_synthetic,tile/test/oil/006.png,1,oil,0.02888428
tile,A_simple_synthetic,tile/test/oil/007.png,1,oil,0.02396362
tile,A_simple_synthetic,tile/test/oil/009.png,1,oil,0.034246624
tile,A_simple_synthetic,tile/test/oil/010.png,1,oil,0.06336943
tile,A_simple_synthetic,tile/test/oil/016.png,1,oil,0.02410623
tile,A_simple_synthetic,tile/test/oil/017.png,1,oil,0.014906175
tile,A_simple_synthetic,tile/test/rough/001.png,1,rough,0.3336477
tile,A_simple_synthetic,tile/test/rough/004.png,1,rough,0.9999993
tile,A_simple_synthetic,tile/test/rough/005.png,1,rough,0.163953
tile,A_simple_synthetic,tile/test/rough/008.png,1,rough,0.6348457
tile,A_simple_synthetic,tile/test/rough/009.png,1,rough,0.9959209
tile,A_simple_synthetic,tile/test/rough/010.png,1,rough,0.5515015
tile,A_simple_synthetic,tile/test/rough/012.png,1,rough,0.040636107
toothbrush,A_simple_synthetic,toothbrush/test/good/000.png,0,good,0.0035361834
toothbrush,A_simple_synthetic,toothbrush/test/good/001.png,0,good,0.0049640564
toothbrush,A_simple_synthetic,toothbrush/test/good/002.png,0,good,0.0030268552
toothbrush,A_simple_synthetic,toothbrush/test/good/003.png,0,good,0.0032118445
toothbrush,A_simple_synthetic,toothbrush/test/good/004.png,0,good,0.04851537
toothbrush,A_simple_synthetic,toothbrush/test/good/005.png,0,good,0.05600443
toothbrush,A_simple_synthetic,toothbrush/test/good/006.png,0,good,0.050716426
toothbrush,A_simple_synthetic,toothbrush/test/good/007.png,0,good,0.059031755
toothbrush,A_simple_synthetic,toothbrush/test/good/008.png,0,good,0.091377035
toothbrush,A_simple_synthetic,toothbrush/test/good/009.png,0,good,0.069777936
toothbrush,A_simple_synthetic,toothbrush/test/good/010.png,0,good,0.045405045
toothbrush,A_simple_synthetic,toothbrush/test/good/011.png,0,good,0.08716158
toothbrush,A_simple_synthetic,toothbrush/test/defective/001.png,1,defective,0.0026088343
toothbrush,A_simple_synthetic,toothbrush/test/defective/002.png,1,defective,0.00901129
toothbrush,A_simple_synthetic,toothbrush/test/defective/003.png,1,defective,0.004890142
toothbrush,A_simple_synthetic,toothbrush/test/defective/009.png,1,defective,0.020197628
toothbrush,A_simple_synthetic,toothbrush/test/defective/010.png,1,defective,0.18854418
toothbrush,A_simple_synthetic,toothbrush/test/defective/011.png,1,defective,0.06029875
toothbrush,A_simple_synthetic,toothbrush/test/defective/016.png,1,defective,0.35457587
toothbrush,A_simple_synthetic,toothbrush/test/defective/017.png,1,defective,0.6585396
toothbrush,A_simple_synthetic,toothbrush/test/defective/018.png,1,defective,0.11635323
toothbrush,A_simple_synthetic,toothbrush/test/defective/019.png,1,defective,0.14940993
toothbrush,A_simple_synthetic,toothbrush/test/defective/020.png,1,defective,0.19218066
toothbrush,A_simple_synthetic,toothbrush/test/defective/021.png,1,defective,0.10935236
toothbrush,A_simple_synthetic,toothbrush/test/defective/022.png,1,defective,0.9156879
toothbrush,A_simple_synthetic,toothbrush/test/defective/023.png,1,defective,0.33847338
toothbrush,A_simple_synthetic,toothbrush/test/defective/027.png,1,defective,0.12914473
transistor,A_simple_synthetic,transistor/test/good/000.png,0,good,0.012479795
transistor,A_simple_synthetic,transistor/test/good/001.png,0,good,0.029221872
transistor,A_simple_synthetic,transistor/test/good/002.png,0,good,0.038074054
transistor,A_simple_synthetic,transistor/test/good/003.png,0,good,0.016412975
transistor,A_simple_synthetic,transistor/test/good/004.png,0,good,0.018777914
transistor,A_simple_synthetic,transistor/test/good/005.png,0,good,0.030847173
transistor,A_simple_synthetic,transistor/test/good/006.png,0,good,0.01712814
transistor,A_simple_synthetic,transistor/test/good/007.png,0,good,0.051124446
transistor,A_simple_synthetic,transistor/test/good/008.png,0,good,0.017394546
transistor,A_simple_synthetic,transistor/test/good/009.png,0,good,0.02438835
transistor,A_simple_synthetic,transistor/test/good/010.png,0,good,0.040037755
transistor,A_simple_synthetic,transistor/test/good/011.png,0,good,0.017933762
transistor,A_simple_synthetic,transistor/test/good/012.png,0,good,0.05135363
transistor,A_simple_synthetic,transistor/test/good/013.png,0,good,0.03359439
transistor,A_simple_synthetic,transistor/test/good/014.png,0,good,0.024178544
transistor,A_simple_synthetic,transistor/test/good/015.png,0,good,0.02705939
transistor,A_simple_synthetic,transistor/test/good/016.png,0,good,0.027063753
transistor,A_simple_synthetic,transistor/test/good/017.png,0,good,0.023584135
transistor,A_simple_synthetic,transistor/test/good/018.png,0,good,0.023499899
transistor,A_simple_synthetic,transistor/test/good/019.png,0,good,0.019575648
transistor,A_simple_synthetic,transistor/test/good/020.png,0,good,0.022258647
transistor,A_simple_synthetic,transistor/test/good/021.png,0,good,0.01942743
transistor,A_simple_synthetic,transistor/test/good/022.png,0,good,0.016879348
transistor,A_simple_synthetic,transistor/test/good/023.png,0,good,0.03252269
transistor,A_simple_synthetic,transistor/test/good/024.png,0,good,0.019282484
transistor,A_simple_synthetic,transistor/test/good/025.png,0,good,0.019226363
transistor,A_simple_synthetic,transistor/test/good/026.png,0,good,0.029815719
transistor,A_simple_synthetic,transistor/test/good/027.png,0,good,0.024895484
transistor,A_simple_synthetic,transistor/test/good/028.png,0,good,0.018867444
transistor,A_simple_synthetic,transistor/test/good/029.png,0,good,0.01832467
transistor,A_simple_synthetic,transistor/test/good/030.png,0,good,0.0145712355
transistor,A_simple_synthetic,transistor/test/good/031.png,0,good,0.04495078
transistor,A_simple_synthetic,transistor/test/good/032.png,0,good,0.019258182
transistor,A_simple_synthetic,transistor/test/good/033.png,0,good,0.021028763
transistor,A_simple_synthetic,transistor/test/good/034.png,0,good,0.023130246
transistor,A_simple_synthetic,transistor/test/good/035.png,0,good,0.025671225
transistor,A_simple_synthetic,transistor/test/good/036.png,0,good,0.018946866
transistor,A_simple_synthetic,transistor/test/good/037.png,0,good,0.018768882
transistor,A_simple_synthetic,transistor/test/good/038.png,0,good,0.030297779
transistor,A_simple_synthetic,transistor/test/good/039.png,0,good,0.017510772
transistor,A_simple_synthetic,transistor/test/good/040.png,0,good,0.017611502
transistor,A_simple_synthetic,transistor/test/good/041.png,0,good,0.016622772
transistor,A_simple_synthetic,transistor/test/good/042.png,0,good,0.029613027
transistor,A_simple_synthetic,transistor/test/good/043.png,0,good,0.025577772
transistor,A_simple_synthetic,transistor/test/good/044.png,0,good,0.02316727
transistor,A_simple_synthetic,transistor/test/good/045.png,0,good,0.018985026
transistor,A_simple_synthetic,transistor/test/good/046.png,0,good,0.05526219
transistor,A_simple_synthetic,transistor/test/good/047.png,0,good,0.026831074
transistor,A_simple_synthetic,transistor/test/good/048.png,0,good,0.018093612
transistor,A_simple_synthetic,transistor/test/good/049.png,0,good,0.020567307
transistor,A_simple_synthetic,transistor/test/good/050.png,0,good,0.014227513
transistor,A_simple_synthetic,transistor/test/good/051.png,0,good,0.026098037
transistor,A_simple_synthetic,transistor/test/good/052.png,0,good,0.034978822
transistor,A_simple_synthetic,transistor/test/good/053.png,0,good,0.25609052
transistor,A_simple_synthetic,transistor/test/good/054.png,0,good,0.024207741
transistor,A_simple_synthetic,transistor/test/good/055.png,0,good,0.030725347
transistor,A_simple_synthetic,transistor/test/good/056.png,0,good,0.15007676
transistor,A_simple_synthetic,transistor/test/good/057.png,0,good,0.015496816
transistor,A_simple_synthetic,transistor/test/good/058.png,0,good,0.017265774
transistor,A_simple_synthetic,transistor/test/good/059.png,0,good,0.01754097
transistor,A_simple_synthetic,transistor/test/bent_lead/001.png,1,bent_lead,0.015973484
transistor,A_simple_synthetic,transistor/test/bent_lead/003.png,1,bent_lead,0.07691965
transistor,A_simple_synthetic,transistor/test/bent_lead/005.png,1,bent_lead,0.2899104
transistor,A_simple_synthetic,transistor/test/bent_lead/008.png,1,bent_lead,0.028373867
transistor,A_simple_synthetic,transistor/test/bent_lead/009.png,1,bent_lead,0.011700071
transistor,A_simple_synthetic,transistor/test/cut_lead/001.png,1,cut_lead,0.020498471
transistor,A_simple_synthetic,transistor/test/cut_lead/002.png,1,cut_lead,0.032320008
transistor,A_simple_synthetic,transistor/test/cut_lead/003.png,1,cut_lead,0.053529657
transistor,A_simple_synthetic,transistor/test/cut_lead/004.png,1,cut_lead,0.026924696
transistor,A_simple_synthetic,transistor/test/cut_lead/007.png,1,cut_lead,0.24815156
transistor,A_simple_synthetic,transistor/test/damaged_case/000.png,1,damaged_case,0.11935825
transistor,A_simple_synthetic,transistor/test/damaged_case/002.png,1,damaged_case,0.025519183
transistor,A_simple_synthetic,transistor/test/damaged_case/006.png,1,damaged_case,0.017452996
transistor,A_simple_synthetic,transistor/test/damaged_case/008.png,1,damaged_case,0.052028574
transistor,A_simple_synthetic,transistor/test/damaged_case/009.png,1,damaged_case,0.021091072
transistor,A_simple_synthetic,transistor/test/misplaced/000.png,1,misplaced,0.085855976
transistor,A_simple_synthetic,transistor/test/misplaced/001.png,1,misplaced,0.68477446
transistor,A_simple_synthetic,transistor/test/misplaced/003.png,1,misplaced,0.049268153
transistor,A_simple_synthetic,transistor/test/misplaced/005.png,1,misplaced,0.999998
transistor,A_simple_synthetic,transistor/test/misplaced/009.png,1,misplaced,0.707772
wood,A_simple_synthetic,wood/test/good/000.png,0,good,0.1118358
wood,A_simple_synthetic,wood/test/good/001.png,0,good,0.17189148
wood,A_simple_synthetic,wood/test/good/002.png,0,good,0.36187205
wood,A_simple_synthetic,wood/test/good/003.png,0,good,0.15758915
wood,A_simple_synthetic,wood/test/good/004.png,0,good,0.1911893
wood,A_simple_synthetic,wood/test/good/005.png,0,good,0.19835278
wood,A_simple_synthetic,wood/test/good/006.png,0,good,0.32007176
wood,A_simple_synthetic,wood/test/good/007.png,0,good,0.02374629
wood,A_simple_synthetic,wood/test/good/008.png,0,good,0.029482441
wood,A_simple_synthetic,wood/test/good/009.png,0,good,0.037806194
wood,A_simple_synthetic,wood/test/good/010.png,0,good,0.005542109
wood,A_simple_synthetic,wood/test/good/011.png,0,good,0.020897249
wood,A_simple_synthetic,wood/test/good/012.png,0,good,0.023620497
wood,A_simple_synthetic,wood/test/good/013.png,0,good,0.030269092
wood,A_simple_synthetic,wood/test/good/014.png,0,good,0.21692246
wood,A_simple_synthetic,wood/test/good/015.png,0,good,0.15335868
wood,A_simple_synthetic,wood/test/good/016.png,0,good,0.05998085
wood,A_simple_synthetic,wood/test/good/017.png,0,good,0.21128725
wood,A_simple_synthetic,wood/test/good/018.png,0,good,0.33652243
wood,A_simple_synthetic,wood/test/color/000.png,1,color,0.9978802
wood,A_simple_synthetic,wood/test/color/001.png,1,color,0.8804797
wood,A_simple_synthetic,wood/test/color/006.png,1,color,0.9029
wood,A_simple_synthetic,wood/test/color/007.png,1,color,0.991573
wood,A_simple_synthetic,wood/test/combined/002.png,1,combined,0.99955314
wood,A_simple_synthetic,wood/test/combined/004.png,1,combined,0.9936791
wood,A_simple_synthetic,wood/test/combined/006.png,1,combined,0.2909596
wood,A_simple_synthetic,wood/test/combined/008.png,1,combined,0.98731333
wood,A_simple_synthetic,wood/test/combined/009.png,1,combined,0.99986863
wood,A_simple_synthetic,wood/test/hole/000.png,1,hole,0.9999999
wood,A_simple_synthetic,wood/test/hole/003.png,1,hole,0.9999999
wood,A_simple_synthetic,wood/test/hole/005.png,1,hole,0.29085138
wood,A_simple_synthetic,wood/test/hole/008.png,1,hole,0.99997556
wood,A_simple_synthetic,wood/test/hole/009.png,1,hole,0.9999317
wood,A_simple_synthetic,wood/test/liquid/003.png,1,liquid,0.99966896
wood,A_simple_synthetic,wood/test/liquid/004.png,1,liquid,0.9998561
wood,A_simple_synthetic,wood/test/liquid/006.png,1,liquid,0.9766639
wood,A_simple_synthetic,wood/test/liquid/007.png,1,liquid,0.9952421
wood,A_simple_synthetic,wood/test/liquid/008.png,1,liquid,0.9992244
wood,A_simple_synthetic,wood/test/scratch/000.png,1,scratch,0.20173234
wood,A_simple_synthetic,wood/test/scratch/003.png,1,scratch,0.9206034
wood,A_simple_synthetic,wood/test/scratch/005.png,1,scratch,0.45382395
wood,A_simple_synthetic,wood/test/scratch/006.png,1,scratch,0.52956396
wood,A_simple_synthetic,wood/test/scratch/007.png,1,scratch,0.80529606
wood,A_simple_synthetic,wood/test/scratch/008.png,1,scratch,0.9254534
wood,A_simple_synthetic,wood/test/scratch/009.png,1,scratch,0.9325471
wood,A_simple_synthetic,wood/test/scratch/011.png,1,scratch,0.4480153
wood,A_simple_synthetic,wood/test/scratch/013.png,1,scratch,0.8551472
wood,A_simple_synthetic,wood/test/scratch/014.png,1,scratch,0.9685826
wood,A_simple_synthetic,wood/test/scratch/016.png,1,scratch,0.19661562
zipper,A_simple_synthetic,zipper/test/good/000.png,0,good,0.032515436
zipper,A_simple_synthetic,zipper/test/good/001.png,0,good,0.14437187
zipper,A_simple_synthetic,zipper/test/good/002.png,0,good,0.28089774
zipper,A_simple_synthetic,zipper/test/good/003.png,0,good,0.51944894
zipper,A_simple_synthetic,zipper/test/good/004.png,0,good,0.049456507
zipper,A_simple_synthetic,zipper/test/good/005.png,0,good,0.19669567
zipper,A_simple_synthetic,zipper/test/good/006.png,0,good,0.24681099
zipper,A_simple_synthetic,zipper/test/good/007.png,0,good,0.49888414
zipper,A_simple_synthetic,zipper/test/good/008.png,0,good,0.10788885
zipper,A_simple_synthetic,zipper/test/good/009.png,0,good,0.04836438
zipper,A_simple_synthetic,zipper/test/good/010.png,0,good,0.041557014
zipper,A_simple_synthetic,zipper/test/good/011.png,0,good,0.80268776
zipper,A_simple_synthetic,zipper/test/good/012.png,0,good,0.1934142
zipper,A_simple_synthetic,zipper/test/good/013.png,0,good,0.13988473
zipper,A_simple_synthetic,zipper/test/good/014.png,0,good,0.2781161
zipper,A_simple_synthetic,zipper/test/good/015.png,0,good,0.65735394
zipper,A_simple_synthetic,zipper/test/good/016.png,0,good,0.08131413
zipper,A_simple_synthetic,zipper/test/good/017.png,0,good,0.29575104
zipper,A_simple_synthetic,zipper/test/good/018.png,0,good,0.16330819
zipper,A_simple_synthetic,zipper/test/good/019.png,0,good,0.17818199
zipper,A_simple_synthetic,zipper/test/good/020.png,0,good,0.11444369
zipper,A_simple_synthetic,zipper/test/good/021.png,0,good,0.13080098
zipper,A_simple_synthetic,zipper/test/good/022.png,0,good,0.03758398
zipper,A_simple_synthetic,zipper/test/good/023.png,0,good,0.021237403
zipper,A_simple_synthetic,zipper/test/good/024.png,0,good,0.35062775
zipper,A_simple_synthetic,zipper/test/good/025.png,0,good,0.16495332
zipper,A_simple_synthetic,zipper/test/good/026.png,0,good,0.22239028
zipper,A_simple_synthetic,zipper/test/good/027.png,0,good,0.20313239
zipper,A_simple_synthetic,zipper/test/good/028.png,0,good,0.055215057
zipper,A_simple_synthetic,zipper/test/good/029.png,0,good,0.06645359
zipper,A_simple_synthetic,zipper/test/good/030.png,0,good,0.03768226
zipper,A_simple_synthetic,zipper/test/good/031.png,0,good,0.09509161
zipper,A_simple_synthetic,zipper/test/broken_teeth/002.png,1,broken_teeth,0.33875474
zipper,A_simple_synthetic,zipper/test/broken_teeth/003.png,1,broken_teeth,0.79162383
zipper,A_simple_synthetic,zipper/test/broken_teeth/008.png,1,broken_teeth,0.98001796
zipper,A_simple_synthetic,zipper/test/broken_teeth/010.png,1,broken_teeth,0.988332
zipper,A_simple_synthetic,zipper/test/broken_teeth/011.png,1,broken_teeth,0.9312493
zipper,A_simple_synthetic,zipper/test/broken_teeth/013.png,1,broken_teeth,0.96782714
zipper,A_simple_synthetic,zipper/test/broken_teeth/014.png,1,broken_teeth,0.06793077
zipper,A_simple_synthetic,zipper/test/broken_teeth/016.png,1,broken_teeth,0.69352067
zipper,A_simple_synthetic,zipper/test/broken_teeth/018.png,1,broken_teeth,0.9255871
zipper,A_simple_synthetic,zipper/test/combined/001.png,1,combined,0.3195868
zipper,A_simple_synthetic,zipper/test/combined/005.png,1,combined,0.9997305
zipper,A_simple_synthetic,zipper/test/combined/007.png,1,combined,0.44989368
zipper,A_simple_synthetic,zipper/test/combined/009.png,1,combined,0.98711085
zipper,A_simple_synthetic,zipper/test/combined/010.png,1,combined,0.9998461
zipper,A_simple_synthetic,zipper/test/combined/011.png,1,combined,0.99966073
zipper,A_simple_synthetic,zipper/test/combined/013.png,1,combined,0.95760465
zipper,A_simple_synthetic,zipper/test/combined/014.png,1,combined,0.06450828
zipper,A_simple_synthetic,zipper/test/fabric_border/001.png,1,fabric_border,0.99998033
zipper,A_simple_synthetic,zipper/test/fabric_border/002.png,1,fabric_border,0.6891059
zipper,A_simple_synthetic,zipper/test/fabric_border/003.png,1,fabric_border,0.9986098
zipper,A_simple_synthetic,zipper/test/fabric_border/005.png,1,fabric_border,0.9999995
zipper,A_simple_synthetic,zipper/test/fabric_border/006.png,1,fabric_border,0.99999714
zipper,A_simple_synthetic,zipper/test/fabric_border/012.png,1,fabric_border,0.99989605
zipper,A_simple_synthetic,zipper/test/fabric_border/013.png,1,fabric_border,0.9633023
zipper,A_simple_synthetic,zipper/test/fabric_border/014.png,1,fabric_border,0.9983492
zipper,A_simple_synthetic,zipper/test/fabric_border/015.png,1,fabric_border,0.99999964
zipper,A_simple_synthetic,zipper/test/fabric_interior/000.png,1,fabric_interior,0.39666167
zipper,A_simple_synthetic,zipper/test/fabric_interior/001.png,1,fabric_interior,0.09968299
zipper,A_simple_synthetic,zipper/test/fabric_interior/003.png,1,fabric_interior,0.9055571
zipper,A_simple_synthetic,zipper/test/fabric_interior/005.png,1,fabric_interior,0.18249072
zipper,A_simple_synthetic,zipper/test/fabric_interior/006.png,1,fabric_interior,0.97176784
zipper,A_simple_synthetic,zipper/test/fabric_interior/007.png,1,fabric_interior,0.052330814
zipper,A_simple_synthetic,zipper/test/fabric_interior/009.png,1,fabric_interior,0.98934937
zipper,A_simple_synthetic,zipper/test/fabric_interior/012.png,1,fabric_interior,0.22466508
zipper,A_simple_synthetic,zipper/test/rough/000.png,1,rough,0.923469
zipper,A_simple_synthetic,zipper/test/rough/004.png,1,rough,0.99569124
zipper,A_simple_synthetic,zipper/test/rough/006.png,1,rough,0.99465466
zipper,A_simple_synthetic,zipper/test/rough/007.png,1,rough,0.9959804
zipper,A_simple_synthetic,zipper/test/rough/008.png,1,rough,0.9254938
zipper,A_simple_synthetic,zipper/test/rough/010.png,1,rough,0.991118
zipper,A_simple_synthetic,zipper/test/rough/014.png,1,rough,0.72449195
zipper,A_simple_synthetic,zipper/test/rough/015.png,1,rough,0.9995448
zipper,A_simple_synthetic,zipper/test/rough/016.png,1,rough,0.833678
zipper,A_simple_synthetic,zipper/test/split_teeth/003.png,1,split_teeth,0.79572004
zipper,A_simple_synthetic,zipper/test/split_teeth/004.png,1,split_teeth,0.81149
zipper,A_simple_synthetic,zipper/test/split_teeth/005.png,1,split_teeth,0.06462419
zipper,A_simple_synthetic,zipper/test/split_teeth/007.png,1,split_teeth,0.087031096
zipper,A_simple_synthetic,zipper/test/split_teeth/009.png,1,split_teeth,0.08289163
zipper,A_simple_synthetic,zipper/test/split_teeth/011.png,1,split_teeth,0.12432783
zipper,A_simple_synthetic,zipper/test/split_teeth/014.png,1,split_teeth,0.15637505
zipper,A_simple_synthetic,zipper/test/split_teeth/015.png,1,split_teeth,0.7509812
zipper,A_simple_synthetic,zipper/test/split_teeth/016.png,1,split_teeth,0.3759793
zipper,A_simple_synthetic,zipper/test/squeezed_teeth/000.png,1,squeezed_teeth,0.82163256
zipper,A_simple_synthetic,zipper/test/squeezed_teeth/001.png,1,squeezed_teeth,0.6106566
zipper,A_simple_synthetic,zipper/test/squeezed_teeth/002.png,1,squeezed_teeth,0.94909304
zipper,A_simple_synthetic,zipper/test/squeezed_teeth/005.png,1,squeezed_teeth,0.39357066
zipper,A_simple_synthetic,zipper/test/squeezed_teeth/006.png,1,squeezed_teeth,0.33431223
zipper,A_simple_synthetic,zipper/test/squeezed_teeth/012.png,1,squeezed_teeth,0.17226899
zipper,A_simple_synthetic,zipper/test/squeezed_teeth/013.png,1,squeezed_teeth,0.76745987
zipper,A_simple_synthetic,zipper/test/squeezed_teeth/014.png,1,squeezed_teeth,0.9532922
bottle,B_realistic_synthetic,bottle/test/good/000.png,0,good,0.06229682
bottle,B_realistic_synthetic,bottle/test/good/001.png,0,good,0.3606991
bottle,B_realistic_synthetic,bottle/test/good/002.png,0,good,0.210515
bottle,B_realistic_synthetic,bottle/test/good/003.png,0,good,0.08760297
bottle,B_realistic_synthetic,bottle/test/good/004.png,0,good,0.031107204
bottle,B_realistic_synthetic,bottle/test/good/005.png,0,good,0.02138438
bottle,B_realistic_synthetic,bottle/test/good/006.png,0,good,0.18467428
bottle,B_realistic_synthetic,bottle/test/good/007.png,0,good,0.044450834
bottle,B_realistic_synthetic,bottle/test/good/008.png,0,good,0.040725283
bottle,B_realistic_synthetic,bottle/test/good/009.png,0,good,0.050321847
bottle,B_realistic_synthetic,bottle/test/good/010.png,0,good,0.34664422
bottle,B_realistic_synthetic,bottle/test/good/011.png,0,good,0.05846752
bottle,B_realistic_synthetic,bottle/test/good/012.png,0,good,0.08566673
bottle,B_realistic_synthetic,bottle/test/good/013.png,0,good,0.052527484
bottle,B_realistic_synthetic,bottle/test/good/014.png,0,good,0.07152515
bottle,B_realistic_synthetic,bottle/test/good/015.png,0,good,0.14990541
bottle,B_realistic_synthetic,bottle/test/good/016.png,0,good,0.052198324
bottle,B_realistic_synthetic,bottle/test/good/017.png,0,good,0.0517535
bottle,B_realistic_synthetic,bottle/test/good/018.png,0,good,0.04550739
bottle,B_realistic_synthetic,bottle/test/good/019.png,0,good,0.28121862
bottle,B_realistic_synthetic,bottle/test/broken_large/000.png,1,broken_large,0.9999995
bottle,B_realistic_synthetic,bottle/test/broken_large/002.png,1,broken_large,0.9999999
bottle,B_realistic_synthetic,bottle/test/broken_large/004.png,1,broken_large,0.9979911
bottle,B_realistic_synthetic,bottle/test/broken_large/006.png,1,broken_large,1.0
bottle,B_realistic_synthetic,bottle/test/broken_large/008.png,1,broken_large,1.0
bottle,B_realistic_synthetic,bottle/test/broken_large/011.png,1,broken_large,0.99999416
bottle,B_realistic_synthetic,bottle/test/broken_large/012.png,1,broken_large,0.9999999
bottle,B_realistic_synthetic,bottle/test/broken_large/014.png,1,broken_large,0.9999676
bottle,B_realistic_synthetic,bottle/test/broken_large/016.png,1,broken_large,1.0
bottle,B_realistic_synthetic,bottle/test/broken_large/018.png,1,broken_large,1.0
bottle,B_realistic_synthetic,bottle/test/broken_small/000.png,1,broken_small,0.9748635
bottle,B_realistic_synthetic,bottle/test/broken_small/001.png,1,broken_small,0.9995415
bottle,B_realistic_synthetic,bottle/test/broken_small/003.png,1,broken_small,0.99999964
bottle,B_realistic_synthetic,bottle/test/broken_small/004.png,1,broken_small,0.9999839
bottle,B_realistic_synthetic,bottle/test/broken_small/007.png,1,broken_small,0.9943269
bottle,B_realistic_synthetic,bottle/test/broken_small/008.png,1,broken_small,0.9999958
bottle,B_realistic_synthetic,bottle/test/broken_small/010.png,1,broken_small,0.999987
bottle,B_realistic_synthetic,bottle/test/broken_small/013.png,1,broken_small,0.9963546
bottle,B_realistic_synthetic,bottle/test/broken_small/014.png,1,broken_small,0.9996413
bottle,B_realistic_synthetic,bottle/test/broken_small/017.png,1,broken_small,0.9981773
bottle,B_realistic_synthetic,bottle/test/broken_small/020.png,1,broken_small,0.9999989
bottle,B_realistic_synthetic,bottle/test/contamination/000.png,1,contamination,0.99979585
bottle,B_realistic_synthetic,bottle/test/contamination/001.png,1,contamination,0.8197418
bottle,B_realistic_synthetic,bottle/test/contamination/002.png,1,contamination,0.9157372
bottle,B_realistic_synthetic,bottle/test/contamination/006.png,1,contamination,0.9671321
bottle,B_realistic_synthetic,bottle/test/contamination/008.png,1,contamination,0.9999993
bottle,B_realistic_synthetic,bottle/test/contamination/009.png,1,contamination,0.99993193
bottle,B_realistic_synthetic,bottle/test/contamination/011.png,1,contamination,0.9992093
bottle,B_realistic_synthetic,bottle/test/contamination/013.png,1,contamination,0.98742944
bottle,B_realistic_synthetic,bottle/test/contamination/018.png,1,contamination,0.9997069
bottle,B_realistic_synthetic,bottle/test/contamination/019.png,1,contamination,0.6459478
bottle,B_realistic_synthetic,bottle/test/contamination/020.png,1,contamination,0.31095132
cable,B_realistic_synthetic,cable/test/good/000.png,0,good,0.3813483
cable,B_realistic_synthetic,cable/test/good/001.png,0,good,0.32263273
cable,B_realistic_synthetic,cable/test/good/002.png,0,good,0.45578393
cable,B_realistic_synthetic,cable/test/good/003.png,0,good,0.20435116
cable,B_realistic_synthetic,cable/test/good/004.png,0,good,0.22800216
cable,B_realistic_synthetic,cable/test/good/005.png,0,good,0.4382242
cable,B_realistic_synthetic,cable/test/good/006.png,0,good,0.12408224
cable,B_realistic_synthetic,cable/test/good/007.png,0,good,0.6672777
cable,B_realistic_synthetic,cable/test/good/008.png,0,good,0.33363703
cable,B_realistic_synthetic,cable/test/good/009.png,0,good,0.44441676
cable,B_realistic_synthetic,cable/test/good/010.png,0,good,0.25450242
cable,B_realistic_synthetic,cable/test/good/011.png,0,good,0.5816377
cable,B_realistic_synthetic,cable/test/good/012.png,0,good,0.30961633
cable,B_realistic_synthetic,cable/test/good/013.png,0,good,0.35058343
cable,B_realistic_synthetic,cable/test/good/014.png,0,good,0.5630976
cable,B_realistic_synthetic,cable/test/good/015.png,0,good,0.16876379
cable,B_realistic_synthetic,cable/test/good/016.png,0,good,0.10398588
cable,B_realistic_synthetic,cable/test/good/017.png,0,good,0.20386234
cable,B_realistic_synthetic,cable/test/good/018.png,0,good,0.09984798
cable,B_realistic_synthetic,cable/test/good/019.png,0,good,0.49266815
cable,B_realistic_synthetic,cable/test/good/020.png,0,good,0.14580958
cable,B_realistic_synthetic,cable/test/good/021.png,0,good,0.22260557
cable,B_realistic_synthetic,cable/test/good/022.png,0,good,0.28743756
cable,B_realistic_synthetic,cable/test/good/023.png,0,good,0.16016793
cable,B_realistic_synthetic,cable/test/good/024.png,0,good,0.23094292
cable,B_realistic_synthetic,cable/test/good/025.png,0,good,0.15247491
cable,B_realistic_synthetic,cable/test/good/026.png,0,good,0.16995086
cable,B_realistic_synthetic,cable/test/good/027.png,0,good,0.16757803
cable,B_realistic_synthetic,cable/test/good/028.png,0,good,0.27137977
cable,B_realistic_synthetic,cable/test/good/029.png,0,good,0.12698728
cable,B_realistic_synthetic,cable/test/good/030.png,0,good,0.24916212
cable,B_realistic_synthetic,cable/test/good/031.png,0,good,0.47144663
cable,B_realistic_synthetic,cable/test/good/032.png,0,good,0.14110452
cable,B_realistic_synthetic,cable/test/good/033.png,0,good,0.3230661
cable,B_realistic_synthetic,cable/test/good/034.png,0,good,0.16268654
cable,B_realistic_synthetic,cable/test/good/035.png,0,good,0.20170651
cable,B_realistic_synthetic,cable/test/good/036.png,0,good,0.64204544
cable,B_realistic_synthetic,cable/test/good/037.png,0,good,0.23739535
cable,B_realistic_synthetic,cable/test/good/038.png,0,good,0.31970072
cable,B_realistic_synthetic,cable/test/good/039.png,0,good,0.33553037
cable,B_realistic_synthetic,cable/test/good/040.png,0,good,0.378338
cable,B_realistic_synthetic,cable/test/good/041.png,0,good,0.2396888
cable,B_realistic_synthetic,cable/test/good/042.png,0,good,0.4486485
cable,B_realistic_synthetic,cable/test/good/043.png,0,good,0.33326182
cable,B_realistic_synthetic,cable/test/good/044.png,0,good,0.46994832
cable,B_realistic_synthetic,cable/test/good/045.png,0,good,0.31392306
cable,B_realistic_synthetic,cable/test/good/046.png,0,good,0.41553754
cable,B_realistic_synthetic,cable/test/good/047.png,0,good,0.5036763
cable,B_realistic_synthetic,cable/test/good/048.png,0,good,0.5052214
cable,B_realistic_synthetic,cable/test/good/049.png,0,good,0.34314045
cable,B_realistic_synthetic,cable/test/good/050.png,0,good,0.44472608
cable,B_realistic_synthetic,cable/test/good/051.png,0,good,0.2564441
cable,B_realistic_synthetic,cable/test/good/052.png,0,good,0.36119762
cable,B_realistic_synthetic,cable/test/good/053.png,0,good,0.34247938
cable,B_realistic_synthetic,cable/test/good/054.png,0,good,0.38408968
cable,B_realistic_synthetic,cable/test/good/055.png,0,good,0.4001227
cable,B_realistic_synthetic,cable/test/good/056.png,0,good,0.26514155
cable,B_realistic_synthetic,cable/test/good/057.png,0,good,0.3010598
cable,B_realistic_synthetic,cable/test/bent_wire/000.png,1,bent_wire,0.6514575
cable,B_realistic_synthetic,cable/test/bent_wire/002.png,1,bent_wire,0.64800274
cable,B_realistic_synthetic,cable/test/bent_wire/006.png,1,bent_wire,0.9880435
cable,B_realistic_synthetic,cable/test/bent_wire/007.png,1,bent_wire,0.992769
cable,B_realistic_synthetic,cable/test/bent_wire/008.png,1,bent_wire,0.5284607
cable,B_realistic_synthetic,cable/test/bent_wire/009.png,1,bent_wire,0.99901485
cable,B_realistic_synthetic,cable/test/bent_wire/011.png,1,bent_wire,0.9999989
cable,B_realistic_synthetic,cable/test/cable_swap/000.png,1,cable_swap,0.57116526
cable,B_realistic_synthetic,cable/test/cable_swap/004.png,1,cable_swap,0.73416275
cable,B_realistic_synthetic,cable/test/cable_swap/005.png,1,cable_swap,0.30279544
cable,B_realistic_synthetic,cable/test/cable_swap/007.png,1,cable_swap,0.47054917
cable,B_realistic_synthetic,cable/test/cable_swap/008.png,1,cable_swap,0.18202971
cable,B_realistic_synthetic,cable/test/cable_swap/011.png,1,cable_swap,0.3618589
cable,B_realistic_synthetic,cable/test/combined/000.png,1,combined,0.8161083
cable,B_realistic_synthetic,cable/test/combined/005.png,1,combined,0.486219
cable,B_realistic_synthetic,cable/test/combined/006.png,1,combined,0.43772894
cable,B_realistic_synthetic,cable/test/combined/008.png,1,combined,0.9998747
cable,B_realistic_synthetic,cable/test/combined/009.png,1,combined,0.97195315
cable,B_realistic_synthetic,cable/test/cut_inner_insulation/000.png,1,cut_inner_insulation,0.93422335
cable,B_realistic_synthetic,cable/test/cut_inner_insulation/002.png,1,cut_inner_insulation,0.8031834
cable,B_realistic_synthetic,cable/test/cut_inner_insulation/003.png,1,cut_inner_insulation,0.83148
cable,B_realistic_synthetic,cable/test/cut_inner_insulation/004.png,1,cut_inner_insulation,0.9842778
cable,B_realistic_synthetic,cable/test/cut_inner_insulation/006.png,1,cut_inner_insulation,0.9596065
cable,B_realistic_synthetic,cable/test/cut_inner_insulation/011.png,1,cut_inner_insulation,0.9632695
cable,B_realistic_synthetic,cable/test/cut_inner_insulation/012.png,1,cut_inner_insulation,0.98993415
cable,B_realistic_synthetic,cable/test/cut_outer_insulation/000.png,1,cut_outer_insulation,0.83111167
cable,B_realistic_synthetic,cable/test/cut_outer_insulation/001.png,1,cut_outer_insulation,0.73206925
cable,B_realistic_synthetic,cable/test/cut_outer_insulation/003.png,1,cut_outer_insulation,0.7173808
cable,B_realistic_synthetic,cable/test/cut_outer_insulation/004.png,1,cut_outer_insulation,0.44889268
cable,B_realistic_synthetic,cable/test/cut_outer_insulation/009.png,1,cut_outer_insulation,0.7417398
cable,B_realistic_synthetic,cable/test/missing_cable/000.png,1,missing_cable,0.3053085
cable,B_realistic_synthetic,cable/test/missing_cable/001.png,1,missing_cable,0.09658605
cable,B_realistic_synthetic,cable/test/missing_cable/005.png,1,missing_cable,0.24583486
cable,B_realistic_synthetic,cable/test/missing_cable/007.png,1,missing_cable,0.34117886
cable,B_realistic_synthetic,cable/test/missing_cable/009.png,1,missing_cable,0.79186594
cable,B_realistic_synthetic,cable/test/missing_cable/010.png,1,missing_cable,0.34933212
cable,B_realistic_synthetic,cable/test/missing_wire/004.png,1,missing_wire,0.41256773
cable,B_realistic_synthetic,cable/test/missing_wire/005.png,1,missing_wire,0.7558605
cable,B_realistic_synthetic,cable/test/missing_wire/006.png,1,missing_wire,0.1339881
cable,B_realistic_synthetic,cable/test/missing_wire/007.png,1,missing_wire,0.17084858
cable,B_realistic_synthetic,cable/test/missing_wire/009.png,1,missing_wire,0.25971004
cable,B_realistic_synthetic,cable/test/poke_insulation/001.png,1,poke_insulation,0.63957214
cable,B_realistic_synthetic,cable/test/poke_insulation/002.png,1,poke_insulation,0.27966544
cable,B_realistic_synthetic,cable/test/poke_insulation/003.png,1,poke_insulation,0.5013073
cable,B_realistic_synthetic,cable/test/poke_insulation/006.png,1,poke_insulation,0.512277
cable,B_realistic_synthetic,cable/test/poke_insulation/008.png,1,poke_insulation,0.990613
capsule,B_realistic_synthetic,capsule/test/good/000.png,0,good,0.078595504
capsule,B_realistic_synthetic,capsule/test/good/001.png,0,good,0.036242817
capsule,B_realistic_synthetic,capsule/test/good/002.png,0,good,0.09855872
capsule,B_realistic_synthetic,capsule/test/good/003.png,0,good,0.05170325
capsule,B_realistic_synthetic,capsule/test/good/004.png,0,good,0.034364965
capsule,B_realistic_synthetic,capsule/test/good/005.png,0,good,0.05334143
capsule,B_realistic_synthetic,capsule/test/good/006.png,0,good,0.13286206
capsule,B_realistic_synthetic,capsule/test/good/007.png,0,good,0.0848721
capsule,B_realistic_synthetic,capsule/test/good/008.png,0,good,0.04565809
capsule,B_realistic_synthetic,capsule/test/good/009.png,0,good,0.049707547
capsule,B_realistic_synthetic,capsule/test/good/010.png,0,good,0.08134474
capsule,B_realistic_synthetic,capsule/test/good/011.png,0,good,0.05575088
capsule,B_realistic_synthetic,capsule/test/good/012.png,0,good,0.06380141
capsule,B_realistic_synthetic,capsule/test/good/013.png,0,good,0.08392785
capsule,B_realistic_synthetic,capsule/test/good/014.png,0,good,0.055315603
capsule,B_realistic_synthetic,capsule/test/good/015.png,0,good,0.040880967
capsule,B_realistic_synthetic,capsule/test/good/016.png,0,good,0.048787273
capsule,B_realistic_synthetic,capsule/test/good/017.png,0,good,0.04738143
capsule,B_realistic_synthetic,capsule/test/good/018.png,0,good,0.06885793
capsule,B_realistic_synthetic,capsule/test/good/019.png,0,good,0.029900506
capsule,B_realistic_synthetic,capsule/test/good/020.png,0,good,0.0418066
capsule,B_realistic_synthetic,capsule/test/good/021.png,0,good,0.09893552
capsule,B_realistic_synthetic,capsule/test/good/022.png,0,good,0.058697335
capsule,B_realistic_synthetic,capsule/test/crack/001.png,1,crack,0.94191104
capsule,B_realistic_synthetic,capsule/test/crack/002.png,1,crack,0.36867607
capsule,B_realistic_synthetic,capsule/test/crack/005.png,1,crack,0.13817234
capsule,B_realistic_synthetic,capsule/test/crack/008.png,1,crack,0.063481964
capsule,B_realistic_synthetic,capsule/test/crack/009.png,1,crack,0.3058842
capsule,B_realistic_synthetic,capsule/test/crack/010.png,1,crack,0.91368395
capsule,B_realistic_synthetic,capsule/test/crack/014.png,1,crack,0.8188551
capsule,B_realistic_synthetic,capsule/test/crack/015.png,1,crack,0.54302895
capsule,B_realistic_synthetic,capsule/test/crack/016.png,1,crack,0.07086322
capsule,B_realistic_synthetic,capsule/test/crack/017.png,1,crack,0.99826884
capsule,B_realistic_synthetic,capsule/test/crack/018.png,1,crack,0.88351244
capsule,B_realistic_synthetic,capsule/test/faulty_imprint/001.png,1,faulty_imprint,0.06590162
capsule,B_realistic_synthetic,capsule/test/faulty_imprint/002.png,1,faulty_imprint,0.112982005
capsule,B_realistic_synthetic,capsule/test/faulty_imprint/004.png,1,faulty_imprint,0.12732159
capsule,B_realistic_synthetic,capsule/test/faulty_imprint/006.png,1,faulty_imprint,0.055563465
capsule,B_realistic_synthetic,capsule/test/faulty_imprint/011.png,1,faulty_imprint,0.09507978
capsule,B_realistic_synthetic,capsule/test/faulty_imprint/013.png,1,faulty_imprint,0.11949942
capsule,B_realistic_synthetic,capsule/test/faulty_imprint/015.png,1,faulty_imprint,0.07912713
capsule,B_realistic_synthetic,capsule/test/faulty_imprint/016.png,1,faulty_imprint,0.11605416
capsule,B_realistic_synthetic,capsule/test/faulty_imprint/017.png,1,faulty_imprint,0.11434151
capsule,B_realistic_synthetic,capsule/test/faulty_imprint/018.png,1,faulty_imprint,0.17991619
capsule,B_realistic_synthetic,capsule/test/faulty_imprint/020.png,1,faulty_imprint,0.05247156
capsule,B_realistic_synthetic,capsule/test/poke/001.png,1,poke,0.085359395
capsule,B_realistic_synthetic,capsule/test/poke/003.png,1,poke,0.07316038
capsule,B_realistic_synthetic,capsule/test/poke/004.png,1,poke,0.09241521
capsule,B_realistic_synthetic,capsule/test/poke/005.png,1,poke,0.060459737
capsule,B_realistic_synthetic,capsule/test/poke/009.png,1,poke,0.10110012
capsule,B_realistic_synthetic,capsule/test/poke/010.png,1,poke,0.11449019
capsule,B_realistic_synthetic,capsule/test/poke/011.png,1,poke,0.10728062
capsule,B_realistic_synthetic,capsule/test/poke/014.png,1,poke,0.046545308
capsule,B_realistic_synthetic,capsule/test/poke/015.png,1,poke,0.06346442
capsule,B_realistic_synthetic,capsule/test/poke/016.png,1,poke,0.07887631
capsule,B_realistic_synthetic,capsule/test/poke/017.png,1,poke,0.14307104
capsule,B_realistic_synthetic,capsule/test/scratch/000.png,1,scratch,0.06959414
capsule,B_realistic_synthetic,capsule/test/scratch/003.png,1,scratch,0.10649955
capsule,B_realistic_synthetic,capsule/test/scratch/004.png,1,scratch,0.06218655
capsule,B_realistic_synthetic,capsule/test/scratch/007.png,1,scratch,0.18002862
capsule,B_realistic_synthetic,capsule/test/scratch/008.png,1,scratch,0.052017123
capsule,B_realistic_synthetic,capsule/test/scratch/009.png,1,scratch,0.05245942
capsule,B_realistic_synthetic,capsule/test/scratch/011.png,1,scratch,0.043996423
capsule,B_realistic_synthetic,capsule/test/scratch/017.png,1,scratch,0.08000852
capsule,B_realistic_synthetic,capsule/test/scratch/018.png,1,scratch,0.05025867
capsule,B_realistic_synthetic,capsule/test/scratch/019.png,1,scratch,0.07168551
capsule,B_realistic_synthetic,capsule/test/scratch/020.png,1,scratch,0.038169432
capsule,B_realistic_synthetic,capsule/test/squeeze/000.png,1,squeeze,0.12644768
capsule,B_realistic_synthetic,capsule/test/squeeze/001.png,1,squeeze,0.08528904
capsule,B_realistic_synthetic,capsule/test/squeeze/002.png,1,squeeze,0.0922601
capsule,B_realistic_synthetic,capsule/test/squeeze/003.png,1,squeeze,0.3748694
capsule,B_realistic_synthetic,capsule/test/squeeze/004.png,1,squeeze,0.1365357
capsule,B_realistic_synthetic,capsule/test/squeeze/009.png,1,squeeze,0.085436895
capsule,B_realistic_synthetic,capsule/test/squeeze/010.png,1,squeeze,0.34726557
capsule,B_realistic_synthetic,capsule/test/squeeze/012.png,1,squeeze,0.038796075
capsule,B_realistic_synthetic,capsule/test/squeeze/014.png,1,squeeze,0.08296484
capsule,B_realistic_synthetic,capsule/test/squeeze/016.png,1,squeeze,0.049002968
carpet,B_realistic_synthetic,carpet/test/good/000.png,0,good,0.3451727
carpet,B_realistic_synthetic,carpet/test/good/001.png,0,good,0.57594335
carpet,B_realistic_synthetic,carpet/test/good/002.png,0,good,0.6174391
carpet,B_realistic_synthetic,carpet/test/good/003.png,0,good,0.81124884
carpet,B_realistic_synthetic,carpet/test/good/004.png,0,good,0.7703281
carpet,B_realistic_synthetic,carpet/test/good/005.png,0,good,0.5987656
carpet,B_realistic_synthetic,carpet/test/good/006.png,0,good,0.5874799
carpet,B_realistic_synthetic,carpet/test/good/007.png,0,good,0.7614896
carpet,B_realistic_synthetic,carpet/test/good/008.png,0,good,0.56643844
carpet,B_realistic_synthetic,carpet/test/good/009.png,0,good,0.6512215
carpet,B_realistic_synthetic,carpet/test/good/010.png,0,good,0.40227196
carpet,B_realistic_synthetic,carpet/test/good/011.png,0,good,0.27111804
carpet,B_realistic_synthetic,carpet/test/good/012.png,0,good,0.5781783
carpet,B_realistic_synthetic,carpet/test/good/013.png,0,good,0.61055106
carpet,B_realistic_synthetic,carpet/test/good/014.png,0,good,0.79718107
carpet,B_realistic_synthetic,carpet/test/good/015.png,0,good,0.7736941
carpet,B_realistic_synthetic,carpet/test/good/016.png,0,good,0.53579277
carpet,B_realistic_synthetic,carpet/test/good/017.png,0,good,0.25279346
carpet,B_realistic_synthetic,carpet/test/good/018.png,0,good,0.3124665
carpet,B_realistic_synthetic,carpet/test/good/019.png,0,good,0.47690266
carpet,B_realistic_synthetic,carpet/test/good/020.png,0,good,0.26805264
carpet,B_realistic_synthetic,carpet/test/good/021.png,0,good,0.41249073
carpet,B_realistic_synthetic,carpet/test/good/022.png,0,good,0.35749093
carpet,B_realistic_synthetic,carpet/test/good/023.png,0,good,0.3796699
carpet,B_realistic_synthetic,carpet/test/good/024.png,0,good,0.37650248
carpet,B_realistic_synthetic,carpet/test/good/025.png,0,good,0.35942787
carpet,B_realistic_synthetic,carpet/test/good/026.png,0,good,0.41567376
carpet,B_realistic_synthetic,carpet/test/good/027.png,0,good,0.31301826
carpet,B_realistic_synthetic,carpet/test/color/001.png,1,color,0.9962464
carpet,B_realistic_synthetic,carpet/test/color/002.png,1,color,0.9908702
carpet,B_realistic_synthetic,carpet/test/color/004.png,1,color,0.98602134
carpet,B_realistic_synthetic,carpet/test/color/005.png,1,color,0.9249972
carpet,B_realistic_synthetic,carpet/test/color/008.png,1,color,0.9950309
carpet,B_realistic_synthetic,carpet/test/color/009.png,1,color,0.74529535
carpet,B_realistic_synthetic,carpet/test/color/012.png,1,color,0.8688021
carpet,B_realistic_synthetic,carpet/test/color/014.png,1,color,0.6668544
carpet,B_realistic_synthetic,carpet/test/color/016.png,1,color,0.96779335
carpet,B_realistic_synthetic,carpet/test/cut/000.png,1,cut,0.98290944
carpet,B_realistic_synthetic,carpet/test/cut/001.png,1,cut,0.98475236
carpet,B_realistic_synthetic,carpet/test/cut/004.png,1,cut,0.9181179
carpet,B_realistic_synthetic,carpet/test/cut/006.png,1,cut,0.9854172
carpet,B_realistic_synthetic,carpet/test/cut/008.png,1,cut,0.64664394
carpet,B_realistic_synthetic,carpet/test/cut/009.png,1,cut,0.9959188
carpet,B_realistic_synthetic,carpet/test/cut/010.png,1,cut,0.99072903
carpet,B_realistic_synthetic,carpet/test/cut/015.png,1,cut,0.9686763
carpet,B_realistic_synthetic,carpet/test/cut/016.png,1,cut,0.9116354
carpet,B_realistic_synthetic,carpet/test/hole/001.png,1,hole,0.7656291
carpet,B_realistic_synthetic,carpet/test/hole/002.png,1,hole,0.8108684
carpet,B_realistic_synthetic,carpet/test/hole/004.png,1,hole,0.99329925
carpet,B_realistic_synthetic,carpet/test/hole/005.png,1,hole,0.9908365
carpet,B_realistic_synthetic,carpet/test/hole/007.png,1,hole,0.98922765
carpet,B_realistic_synthetic,carpet/test/hole/011.png,1,hole,0.9499945
carpet,B_realistic_synthetic,carpet/test/hole/012.png,1,hole,0.8264092
carpet,B_realistic_synthetic,carpet/test/hole/014.png,1,hole,0.90589094
carpet,B_realistic_synthetic,carpet/test/hole/015.png,1,hole,0.99194664
carpet,B_realistic_synthetic,carpet/test/metal_contamination/000.png,1,metal_contamination,0.84880483
carpet,B_realistic_synthetic,carpet/test/metal_contamination/002.png,1,metal_contamination,0.7205781
carpet,B_realistic_synthetic,carpet/test/metal_contamination/003.png,1,metal_contamination,0.8119772
carpet,B_realistic_synthetic,carpet/test/metal_contamination/004.png,1,metal_contamination,0.9744812
carpet,B_realistic_synthetic,carpet/test/metal_contamination/006.png,1,metal_contamination,0.7013373
carpet,B_realistic_synthetic,carpet/test/metal_contamination/007.png,1,metal_contamination,0.99687165
carpet,B_realistic_synthetic,carpet/test/metal_contamination/010.png,1,metal_contamination,0.99273515
carpet,B_realistic_synthetic,carpet/test/metal_contamination/014.png,1,metal_contamination,0.67187005
carpet,B_realistic_synthetic,carpet/test/metal_contamination/015.png,1,metal_contamination,0.8309376
carpet,B_realistic_synthetic,carpet/test/thread/002.png,1,thread,0.6584562
carpet,B_realistic_synthetic,carpet/test/thread/004.png,1,thread,0.96565074
carpet,B_realistic_synthetic,carpet/test/thread/005.png,1,thread,0.99026805
carpet,B_realistic_synthetic,carpet/test/thread/008.png,1,thread,0.9958192
carpet,B_realistic_synthetic,carpet/test/thread/009.png,1,thread,0.87649065
carpet,B_realistic_synthetic,carpet/test/thread/011.png,1,thread,0.9419691
carpet,B_realistic_synthetic,carpet/test/thread/012.png,1,thread,0.9622518
carpet,B_realistic_synthetic,carpet/test/thread/014.png,1,thread,0.5601562
carpet,B_realistic_synthetic,carpet/test/thread/015.png,1,thread,0.65782905
grid,B_realistic_synthetic,grid/test/good/000.png,0,good,0.05709527
grid,B_realistic_synthetic,grid/test/good/001.png,0,good,0.05937674
grid,B_realistic_synthetic,grid/test/good/002.png,0,good,0.13669902
grid,B_realistic_synthetic,grid/test/good/003.png,0,good,0.07554042
grid,B_realistic_synthetic,grid/test/good/004.png,0,good,0.13058852
grid,B_realistic_synthetic,grid/test/good/005.png,0,good,0.09642521
grid,B_realistic_synthetic,grid/test/good/006.png,0,good,0.347695
grid,B_realistic_synthetic,grid/test/good/007.png,0,good,0.057353005
grid,B_realistic_synthetic,grid/test/good/008.png,0,good,0.0860653
grid,B_realistic_synthetic,grid/test/good/009.png,0,good,0.04957159
grid,B_realistic_synthetic,grid/test/good/010.png,0,good,0.07107395
grid,B_realistic_synthetic,grid/test/good/011.png,0,good,0.15511553
grid,B_realistic_synthetic,grid/test/good/012.png,0,good,0.075746484
grid,B_realistic_synthetic,grid/test/good/013.png,0,good,0.06842675
grid,B_realistic_synthetic,grid/test/good/014.png,0,good,0.06301238
grid,B_realistic_synthetic,grid/test/good/015.png,0,good,0.06874291
grid,B_realistic_synthetic,grid/test/good/016.png,0,good,0.047387492
grid,B_realistic_synthetic,grid/test/good/017.png,0,good,0.15239638
grid,B_realistic_synthetic,grid/test/good/018.png,0,good,0.052358586
grid,B_realistic_synthetic,grid/test/good/019.png,0,good,0.052725792
grid,B_realistic_synthetic,grid/test/good/020.png,0,good,0.13349281
grid,B_realistic_synthetic,grid/test/bent/000.png,1,bent,0.9999999
grid,B_realistic_synthetic,grid/test/bent/005.png,1,bent,0.96983063
grid,B_realistic_synthetic,grid/test/bent/007.png,1,bent,0.96717
grid,B_realistic_synthetic,grid/test/bent/008.png,1,bent,0.9997751
grid,B_realistic_synthetic,grid/test/bent/009.png,1,bent,0.9984737
grid,B_realistic_synthetic,grid/test/bent/011.png,1,bent,0.9999846
grid,B_realistic_synthetic,grid/test/broken/001.png,1,broken,0.99960595
grid,B_realistic_synthetic,grid/test/broken/003.png,1,broken,1.0
grid,B_realistic_synthetic,grid/test/broken/004.png,1,broken,1.0
grid,B_realistic_synthetic,grid/test/broken/005.png,1,broken,1.0
grid,B_realistic_synthetic,grid/test/broken/006.png,1,broken,0.9998946
grid,B_realistic_synthetic,grid/test/broken/011.png,1,broken,0.99994826
grid,B_realistic_synthetic,grid/test/glue/001.png,1,glue,0.16739053
grid,B_realistic_synthetic,grid/test/glue/003.png,1,glue,0.19025388
grid,B_realistic_synthetic,grid/test/glue/005.png,1,glue,0.99999356
grid,B_realistic_synthetic,grid/test/glue/008.png,1,glue,0.10672916
grid,B_realistic_synthetic,grid/test/glue/010.png,1,glue,0.9990895
grid,B_realistic_synthetic,grid/test/metal_contamination/000.png,1,metal_contamination,0.9998864
grid,B_realistic_synthetic,grid/test/metal_contamination/001.png,1,metal_contamination,0.9961986
grid,B_realistic_synthetic,grid/test/metal_contamination/003.png,1,metal_contamination,0.9999974
grid,B_realistic_synthetic,grid/test/metal_contamination/009.png,1,metal_contamination,0.9929554
grid,B_realistic_synthetic,grid/test/metal_contamination/010.png,1,metal_contamination,0.9925069
grid,B_realistic_synthetic,grid/test/thread/002.png,1,thread,0.15555508
grid,B_realistic_synthetic,grid/test/thread/003.png,1,thread,0.07117013
grid,B_realistic_synthetic,grid/test/thread/004.png,1,thread,0.90174
grid,B_realistic_synthetic,grid/test/thread/007.png,1,thread,0.09697848
grid,B_realistic_synthetic,grid/test/thread/008.png,1,thread,0.11504679
hazelnut,B_realistic_synthetic,hazelnut/test/good/000.png,0,good,0.055222597
hazelnut,B_realistic_synthetic,hazelnut/test/good/001.png,0,good,0.03577459
hazelnut,B_realistic_synthetic,hazelnut/test/good/002.png,0,good,0.07025733
hazelnut,B_realistic_synthetic,hazelnut/test/good/003.png,0,good,0.15329961
hazelnut,B_realistic_synthetic,hazelnut/test/good/004.png,0,good,0.011423997
hazelnut,B_realistic_synthetic,hazelnut/test/good/005.png,0,good,0.14035869
hazelnut,B_realistic_synthetic,hazelnut/test/good/006.png,0,good,0.114736736
hazelnut,B_realistic_synthetic,hazelnut/test/good/007.png,0,good,0.016486341
hazelnut,B_realistic_synthetic,hazelnut/test/good/008.png,0,good,0.8643694
hazelnut,B_realistic_synthetic,hazelnut/test/good/009.png,0,good,0.11005022
hazelnut,B_realistic_synthetic,hazelnut/test/good/010.png,0,good,0.05742708
hazelnut,B_realistic_synthetic,hazelnut/test/good/011.png,0,good,0.11511888
hazelnut,B_realistic_synthetic,hazelnut/test/good/012.png,0,good,0.05129012
hazelnut,B_realistic_synthetic,hazelnut/test/good/013.png,0,good,0.1307384
hazelnut,B_realistic_synthetic,hazelnut/test/good/014.png,0,good,0.3115802
hazelnut,B_realistic_synthetic,hazelnut/test/good/015.png,0,good,0.064344674
hazelnut,B_realistic_synthetic,hazelnut/test/good/016.png,0,good,0.027550966
hazelnut,B_realistic_synthetic,hazelnut/test/good/017.png,0,good,0.03842609
hazelnut,B_realistic_synthetic,hazelnut/test/good/018.png,0,good,0.10424326
hazelnut,B_realistic_synthetic,hazelnut/test/good/019.png,0,good,0.0155021995
hazelnut,B_realistic_synthetic,hazelnut/test/good/020.png,0,good,0.39167297
hazelnut,B_realistic_synthetic,hazelnut/test/good/021.png,0,good,0.027739577
hazelnut,B_realistic_synthetic,hazelnut/test/good/022.png,0,good,0.058283336
hazelnut,B_realistic_synthetic,hazelnut/test/good/023.png,0,good,0.026440624
hazelnut,B_realistic_synthetic,hazelnut/test/good/024.png,0,good,0.008855914
hazelnut,B_realistic_synthetic,hazelnut/test/good/025.png,0,good,0.05855257
hazelnut,B_realistic_synthetic,hazelnut/test/good/026.png,0,good,0.25768796
hazelnut,B_realistic_synthetic,hazelnut/test/good/027.png,0,good,0.016315896
hazelnut,B_realistic_synthetic,hazelnut/test/good/028.png,0,good,0.07956782
hazelnut,B_realistic_synthetic,hazelnut/test/good/029.png,0,good,0.06677268
hazelnut,B_realistic_synthetic,hazelnut/test/good/030.png,0,good,0.029261086
hazelnut,B_realistic_synthetic,hazelnut/test/good/031.png,0,good,0.071984574
hazelnut,B_realistic_synthetic,hazelnut/test/good/032.png,0,good,0.123152606
hazelnut,B_realistic_synthetic,hazelnut/test/good/033.png,0,good,0.97175354
hazelnut,B_realistic_synthetic,hazelnut/test/good/034.png,0,good,0.03306736
hazelnut,B_realistic_synthetic,hazelnut/test/good/035.png,0,good,0.0066387635
hazelnut,B_realistic_synthetic,hazelnut/test/good/036.png,0,good,0.13838987
hazelnut,B_realistic_synthetic,hazelnut/test/good/037.png,0,good,0.14308894
hazelnut,B_realistic_synthetic,hazelnut/test/good/038.png,0,good,0.04075953
hazelnut,B_realistic_synthetic,hazelnut/test/good/039.png,0,good,0.014272319
hazelnut,B_realistic_synthetic,hazelnut/test/crack/002.png,1,crack,0.99847144
hazelnut,B_realistic_synthetic,hazelnut/test/crack/003.png,1,crack,0.9979164
hazelnut,B_realistic_synthetic,hazelnut/test/crack/005.png,1,crack,0.9998621
hazelnut,B_realistic_synthetic,hazelnut/test/crack/009.png,1,crack,0.9764
hazelnut,B_realistic_synthetic,hazelnut/test/crack/011.png,1,crack,0.8124377
hazelnut,B_realistic_synthetic,hazelnut/test/crack/013.png,1,crack,0.99476695
hazelnut,B_realistic_synthetic,hazelnut/test/crack/014.png,1,crack,0.9996468
hazelnut,B_realistic_synthetic,hazelnut/test/crack/015.png,1,crack,0.9910178
hazelnut,B_realistic_synthetic,hazelnut/test/crack/017.png,1,crack,0.98970944
hazelnut,B_realistic_synthetic,hazelnut/test/cut/000.png,1,cut,0.4879432
hazelnut,B_realistic_synthetic,hazelnut/test/cut/001.png,1,cut,0.98739237
hazelnut,B_realistic_synthetic,hazelnut/test/cut/004.png,1,cut,0.999879
hazelnut,B_realistic_synthetic,hazelnut/test/cut/006.png,1,cut,0.7031372
hazelnut,B_realistic_synthetic,hazelnut/test/cut/007.png,1,cut,0.9818766
hazelnut,B_realistic_synthetic,hazelnut/test/cut/008.png,1,cut,0.8152513
hazelnut,B_realistic_synthetic,hazelnut/test/cut/013.png,1,cut,0.74094045
hazelnut,B_realistic_synthetic,hazelnut/test/cut/014.png,1,cut,0.9923866
hazelnut,B_realistic_synthetic,hazelnut/test/cut/016.png,1,cut,0.8347769
hazelnut,B_realistic_synthetic,hazelnut/test/hole/000.png,1,hole,0.9800401
hazelnut,B_realistic_synthetic,hazelnut/test/hole/001.png,1,hole,0.9983348
hazelnut,B_realistic_synthetic,hazelnut/test/hole/004.png,1,hole,0.9989976
hazelnut,B_realistic_synthetic,hazelnut/test/hole/009.png,1,hole,0.9989635
hazelnut,B_realistic_synthetic,hazelnut/test/hole/011.png,1,hole,0.99676704
hazelnut,B_realistic_synthetic,hazelnut/test/hole/012.png,1,hole,0.99864393
hazelnut,B_realistic_synthetic,hazelnut/test/hole/013.png,1,hole,0.9956039
hazelnut,B_realistic_synthetic,hazelnut/test/hole/014.png,1,hole,0.9848932
hazelnut,B_realistic_synthetic,hazelnut/test/hole/017.png,1,hole,0.99475384
hazelnut,B_realistic_synthetic,hazelnut/test/print/001.png,1,print,0.28607506
hazelnut,B_realistic_synthetic,hazelnut/test/print/004.png,1,print,0.39920342
hazelnut,B_realistic_synthetic,hazelnut/test/print/005.png,1,print,0.4720824
hazelnut,B_realistic_synthetic,hazelnut/test/print/009.png,1,print,0.057418
hazelnut,B_realistic_synthetic,hazelnut/test/print/010.png,1,print,0.6585198
hazelnut,B_realistic_synthetic,hazelnut/test/print/011.png,1,print,0.5121417
hazelnut,B_realistic_synthetic,hazelnut/test/print/014.png,1,print,0.13957213
hazelnut,B_realistic_synthetic,hazelnut/test/print/015.png,1,print,0.2737022
hazelnut,B_realistic_synthetic,hazelnut/test/print/016.png,1,print,0.39760876
leather,B_realistic_synthetic,leather/test/good/000.png,0,good,0.13309065
leather,B_realistic_synthetic,leather/test/good/001.png,0,good,0.1839615
leather,B_realistic_synthetic,leather/test/good/002.png,0,good,0.16029677
leather,B_realistic_synthetic,leather/test/good/003.png,0,good,0.1620906
leather,B_realistic_synthetic,leather/test/good/004.png,0,good,0.14042398
leather,B_realistic_synthetic,leather/test/good/005.png,0,good,0.15184699
leather,B_realistic_synthetic,leather/test/good/006.png,0,good,0.1490396
leather,B_realistic_synthetic,leather/test/good/007.png,0,good,0.15019016
leather,B_realistic_synthetic,leather/test/good/008.png,0,good,0.14387776
leather,B_realistic_synthetic,leather/test/good/009.png,0,good,0.13538158
leather,B_realistic_synthetic,leather/test/good/010.png,0,good,0.14463405
leather,B_realistic_synthetic,leather/test/good/011.png,0,good,0.18021162
leather,B_realistic_synthetic,leather/test/good/012.png,0,good,0.16051781
leather,B_realistic_synthetic,leather/test/good/013.png,0,good,0.15589038
leather,B_realistic_synthetic,leather/test/good/014.png,0,good,0.523629
leather,B_realistic_synthetic,leather/test/good/015.png,0,good,0.12205577
leather,B_realistic_synthetic,leather/test/good/016.png,0,good,0.17297018
leather,B_realistic_synthetic,leather/test/good/017.png,0,good,0.13481732
leather,B_realistic_synthetic,leather/test/good/018.png,0,good,0.14195122
leather,B_realistic_synthetic,leather/test/good/019.png,0,good,0.15651652
leather,B_realistic_synthetic,leather/test/good/020.png,0,good,0.15375686
leather,B_realistic_synthetic,leather/test/good/021.png,0,good,0.13770655
leather,B_realistic_synthetic,leather/test/good/022.png,0,good,0.14142254
leather,B_realistic_synthetic,leather/test/good/023.png,0,good,0.21229078
leather,B_realistic_synthetic,leather/test/good/024.png,0,good,0.16871095
leather,B_realistic_synthetic,leather/test/good/025.png,0,good,0.17766042
leather,B_realistic_synthetic,leather/test/good/026.png,0,good,0.18070398
leather,B_realistic_synthetic,leather/test/good/027.png,0,good,0.15970498
leather,B_realistic_synthetic,leather/test/good/028.png,0,good,0.14159207
leather,B_realistic_synthetic,leather/test/good/029.png,0,good,0.14700171
leather,B_realistic_synthetic,leather/test/good/030.png,0,good,0.16390741
leather,B_realistic_synthetic,leather/test/good/031.png,0,good,0.15795007
leather,B_realistic_synthetic,leather/test/color/001.png,1,color,0.99968505
leather,B_realistic_synthetic,leather/test/color/005.png,1,color,0.99861455
leather,B_realistic_synthetic,leather/test/color/007.png,1,color,0.9988739
leather,B_realistic_synthetic,leather/test/color/008.png,1,color,0.9977787
leather,B_realistic_synthetic,leather/test/color/009.png,1,color,0.9995036
leather,B_realistic_synthetic,leather/test/color/011.png,1,color,0.99983776
leather,B_realistic_synthetic,leather/test/color/012.png,1,color,0.99929535
leather,B_realistic_synthetic,leather/test/color/014.png,1,color,0.9973162
leather,B_realistic_synthetic,leather/test/color/015.png,1,color,0.99983513
leather,B_realistic_synthetic,leather/test/cut/002.png,1,cut,0.9985239
leather,B_realistic_synthetic,leather/test/cut/004.png,1,cut,0.9999988
leather,B_realistic_synthetic,leather/test/cut/005.png,1,cut,0.9995191
leather,B_realistic_synthetic,leather/test/cut/008.png,1,cut,0.9899672
leather,B_realistic_synthetic,leather/test/cut/010.png,1,cut,0.9982589
leather,B_realistic_synthetic,leather/test/cut/012.png,1,cut,0.9905041
leather,B_realistic_synthetic,leather/test/cut/013.png,1,cut,0.97985053
leather,B_realistic_synthetic,leather/test/cut/016.png,1,cut,0.93298894
leather,B_realistic_synthetic,leather/test/cut/017.png,1,cut,0.62504596
leather,B_realistic_synthetic,leather/test/fold/000.png,1,fold,0.8015866
leather,B_realistic_synthetic,leather/test/fold/005.png,1,fold,0.9598143
leather,B_realistic_synthetic,leather/test/fold/006.png,1,fold,0.93542874
leather,B_realistic_synthetic,leather/test/fold/007.png,1,fold,0.8469808
leather,B_realistic_synthetic,leather/test/fold/010.png,1,fold,0.7056188
leather,B_realistic_synthetic,leather/test/fold/012.png,1,fold,0.718702
leather,B_realistic_synthetic,leather/test/fold/014.png,1,fold,0.894951
leather,B_realistic_synthetic,leather/test/fold/015.png,1,fold,0.9101917
leather,B_realistic_synthetic,leather/test/fold/016.png,1,fold,0.88938886
leather,B_realistic_synthetic,leather/test/glue/000.png,1,glue,0.99193734
leather,B_realistic_synthetic,leather/test/glue/001.png,1,glue,0.99989235
leather,B_realistic_synthetic,leather/test/glue/002.png,1,glue,0.999419
leather,B_realistic_synthetic,leather/test/glue/005.png,1,glue,0.9943446
leather,B_realistic_synthetic,leather/test/glue/008.png,1,glue,1.0
leather,B_realistic_synthetic,leather/test/glue/009.png,1,glue,0.99926466
leather,B_realistic_synthetic,leather/test/glue/015.png,1,glue,0.99911326
leather,B_realistic_synthetic,leather/test/glue/016.png,1,glue,0.9995129
leather,B_realistic_synthetic,leather/test/glue/017.png,1,glue,0.9108529
leather,B_realistic_synthetic,leather/test/poke/001.png,1,poke,0.992148
leather,B_realistic_synthetic,leather/test/poke/002.png,1,poke,0.99904484
leather,B_realistic_synthetic,leather/test/poke/005.png,1,poke,0.9996952
leather,B_realistic_synthetic,leather/test/poke/007.png,1,poke,0.99981695
leather,B_realistic_synthetic,leather/test/poke/010.png,1,poke,0.83895284
leather,B_realistic_synthetic,leather/test/poke/011.png,1,poke,0.99666995
leather,B_realistic_synthetic,leather/test/poke/012.png,1,poke,0.999824
leather,B_realistic_synthetic,leather/test/poke/014.png,1,poke,0.99991286
leather,B_realistic_synthetic,leather/test/poke/016.png,1,poke,0.9989421
metal_nut,B_realistic_synthetic,metal_nut/test/good/000.png,0,good,0.17849243
metal_nut,B_realistic_synthetic,metal_nut/test/good/001.png,0,good,0.09700006
metal_nut,B_realistic_synthetic,metal_nut/test/good/002.png,0,good,0.077847995
metal_nut,B_realistic_synthetic,metal_nut/test/good/003.png,0,good,0.11742079
metal_nut,B_realistic_synthetic,metal_nut/test/good/004.png,0,good,0.089704834
metal_nut,B_realistic_synthetic,metal_nut/test/good/005.png,0,good,0.56349313
metal_nut,B_realistic_synthetic,metal_nut/test/good/006.png,0,good,0.07447889
metal_nut,B_realistic_synthetic,metal_nut/test/good/007.png,0,good,0.110525
metal_nut,B_realistic_synthetic,metal_nut/test/good/008.png,0,good,0.062489286
metal_nut,B_realistic_synthetic,metal_nut/test/good/009.png,0,good,0.09280427
metal_nut,B_realistic_synthetic,metal_nut/test/good/010.png,0,good,0.029332656
metal_nut,B_realistic_synthetic,metal_nut/test/good/011.png,0,good,0.07728667
metal_nut,B_realistic_synthetic,metal_nut/test/good/012.png,0,good,0.36353767
metal_nut,B_realistic_synthetic,metal_nut/test/good/013.png,0,good,0.05045748
metal_nut,B_realistic_synthetic,metal_nut/test/good/014.png,0,good,0.062072847
metal_nut,B_realistic_synthetic,metal_nut/test/good/015.png,0,good,0.1589322
metal_nut,B_realistic_synthetic,metal_nut/test/good/016.png,0,good,0.038162466
metal_nut,B_realistic_synthetic,metal_nut/test/good/017.png,0,good,0.070773825
metal_nut,B_realistic_synthetic,metal_nut/test/good/018.png,0,good,0.06869472
metal_nut,B_realistic_synthetic,metal_nut/test/good/019.png,0,good,0.076361224
metal_nut,B_realistic_synthetic,metal_nut/test/good/020.png,0,good,0.072690785
metal_nut,B_realistic_synthetic,metal_nut/test/good/021.png,0,good,0.20979492
metal_nut,B_realistic_synthetic,metal_nut/test/bent/001.png,1,bent,0.06400196
metal_nut,B_realistic_synthetic,metal_nut/test/bent/002.png,1,bent,0.3343813
metal_nut,B_realistic_synthetic,metal_nut/test/bent/006.png,1,bent,0.3176469
metal_nut,B_realistic_synthetic,metal_nut/test/bent/010.png,1,bent,0.78977656
metal_nut,B_realistic_synthetic,metal_nut/test/bent/011.png,1,bent,0.85868174
metal_nut,B_realistic_synthetic,metal_nut/test/bent/012.png,1,bent,0.14232804
metal_nut,B_realistic_synthetic,metal_nut/test/bent/013.png,1,bent,0.9011999
metal_nut,B_realistic_synthetic,metal_nut/test/bent/014.png,1,bent,0.089195766
metal_nut,B_realistic_synthetic,metal_nut/test/bent/018.png,1,bent,0.9946852
metal_nut,B_realistic_synthetic,metal_nut/test/bent/019.png,1,bent,0.17366394
metal_nut,B_realistic_synthetic,metal_nut/test/bent/022.png,1,bent,0.21864139
metal_nut,B_realistic_synthetic,metal_nut/test/bent/023.png,1,bent,0.9214428
metal_nut,B_realistic_synthetic,metal_nut/test/bent/024.png,1,bent,0.8531814
metal_nut,B_realistic_synthetic,metal_nut/test/color/000.png,1,color,0.8047515
metal_nut,B_realistic_synthetic,metal_nut/test/color/001.png,1,color,0.55461437
metal_nut,B_realistic_synthetic,metal_nut/test/color/002.png,1,color,0.15463272
metal_nut,B_realistic_synthetic,metal_nut/test/color/003.png,1,color,0.6634879
metal_nut,B_realistic_synthetic,metal_nut/test/color/005.png,1,color,0.12871885
metal_nut,B_realistic_synthetic,metal_nut/test/color/007.png,1,color,0.9792524
metal_nut,B_realistic_synthetic,metal_nut/test/color/010.png,1,color,0.065277725
metal_nut,B_realistic_synthetic,metal_nut/test/color/012.png,1,color,0.58979
metal_nut,B_realistic_synthetic,metal_nut/test/color/013.png,1,color,0.10027901
metal_nut,B_realistic_synthetic,metal_nut/test/color/016.png,1,color,0.4650326
metal_nut,B_realistic_synthetic,metal_nut/test/color/020.png,1,color,0.15852402
metal_nut,B_realistic_synthetic,metal_nut/test/flip/001.png,1,flip,0.66691697
metal_nut,B_realistic_synthetic,metal_nut/test/flip/002.png,1,flip,0.7193494
metal_nut,B_realistic_synthetic,metal_nut/test/flip/006.png,1,flip,0.45050037
metal_nut,B_realistic_synthetic,metal_nut/test/flip/008.png,1,flip,0.15292962
metal_nut,B_realistic_synthetic,metal_nut/test/flip/009.png,1,flip,0.3034558
metal_nut,B_realistic_synthetic,metal_nut/test/flip/010.png,1,flip,0.16925626
metal_nut,B_realistic_synthetic,metal_nut/test/flip/013.png,1,flip,0.8936834
metal_nut,B_realistic_synthetic,metal_nut/test/flip/014.png,1,flip,0.30997127
metal_nut,B_realistic_synthetic,metal_nut/test/flip/015.png,1,flip,0.2444035
metal_nut,B_realistic_synthetic,metal_nut/test/flip/019.png,1,flip,0.5814134
metal_nut,B_realistic_synthetic,metal_nut/test/flip/022.png,1,flip,0.88280904
metal_nut,B_realistic_synthetic,metal_nut/test/scratch/001.png,1,scratch,0.8117621
metal_nut,B_realistic_synthetic,metal_nut/test/scratch/002.png,1,scratch,0.34956855
metal_nut,B_realistic_synthetic,metal_nut/test/scratch/003.png,1,scratch,0.16269094
metal_nut,B_realistic_synthetic,metal_nut/test/scratch/004.png,1,scratch,0.5991064
metal_nut,B_realistic_synthetic,metal_nut/test/scratch/005.png,1,scratch,0.19360164
metal_nut,B_realistic_synthetic,metal_nut/test/scratch/007.png,1,scratch,0.92382497
metal_nut,B_realistic_synthetic,metal_nut/test/scratch/008.png,1,scratch,0.662064
metal_nut,B_realistic_synthetic,metal_nut/test/scratch/009.png,1,scratch,0.593835
metal_nut,B_realistic_synthetic,metal_nut/test/scratch/012.png,1,scratch,0.8350549
metal_nut,B_realistic_synthetic,metal_nut/test/scratch/018.png,1,scratch,0.9968748
metal_nut,B_realistic_synthetic,metal_nut/test/scratch/019.png,1,scratch,0.2274447
pill,B_realistic_synthetic,pill/test/good/000.png,0,good,0.026338097
pill,B_realistic_synthetic,pill/test/good/001.png,0,good,0.019674841
pill,B_realistic_synthetic,pill/test/good/002.png,0,good,0.040280946
pill,B_realistic_synthetic,pill/test/good/003.png,0,good,0.020741317
pill,B_realistic_synthetic,pill/test/good/004.png,0,good,0.021040844
pill,B_realistic_synthetic,pill/test/good/005.png,0,good,0.020465132
pill,B_realistic_synthetic,pill/test/good/006.png,0,good,0.025677886
pill,B_realistic_synthetic,pill/test/good/007.png,0,good,0.022169702
pill,B_realistic_synthetic,pill/test/good/008.png,0,good,0.01762969
pill,B_realistic_synthetic,pill/test/good/009.png,0,good,0.022990957
pill,B_realistic_synthetic,pill/test/good/010.png,0,good,0.037087813
pill,B_realistic_synthetic,pill/test/good/011.png,0,good,0.05260902
pill,B_realistic_synthetic,pill/test/good/012.png,0,good,0.3267763
pill,B_realistic_synthetic,pill/test/good/013.png,0,good,0.013725721
pill,B_realistic_synthetic,pill/test/good/014.png,0,good,0.20603283
pill,B_realistic_synthetic,pill/test/good/015.png,0,good,0.040846594
pill,B_realistic_synthetic,pill/test/good/016.png,0,good,0.031291246
pill,B_realistic_synthetic,pill/test/good/017.png,0,good,0.071065016
pill,B_realistic_synthetic,pill/test/good/018.png,0,good,0.14472
pill,B_realistic_synthetic,pill/test/good/019.png,0,good,0.0356622
pill,B_realistic_synthetic,pill/test/good/020.png,0,good,0.020922221
pill,B_realistic_synthetic,pill/test/good/021.png,0,good,0.027861113
pill,B_realistic_synthetic,pill/test/good/022.png,0,good,0.026670236
pill,B_realistic_synthetic,pill/test/good/023.png,0,good,0.08246039
pill,B_realistic_synthetic,pill/test/good/024.png,0,good,0.72405607
pill,B_realistic_synthetic,pill/test/good/025.png,0,good,0.035609808
pill,B_realistic_synthetic,pill/test/color/002.png,1,color,0.052186534
pill,B_realistic_synthetic,pill/test/color/005.png,1,color,0.67126155
pill,B_realistic_synthetic,pill/test/color/007.png,1,color,0.19247003
pill,B_realistic_synthetic,pill/test/color/008.png,1,color,0.16121311
pill,B_realistic_synthetic,pill/test/color/010.png,1,color,0.063200645
pill,B_realistic_synthetic,pill/test/color/011.png,1,color,0.10875274
pill,B_realistic_synthetic,pill/test/color/014.png,1,color,0.240709
pill,B_realistic_synthetic,pill/test/color/018.png,1,color,0.7806418
pill,B_realistic_synthetic,pill/test/color/019.png,1,color,0.049355686
pill,B_realistic_synthetic,pill/test/color/020.png,1,color,0.7241017
pill,B_realistic_synthetic,pill/test/color/021.png,1,color,0.20749943
pill,B_realistic_synthetic,pill/test/color/022.png,1,color,0.1853697
pill,B_realistic_synthetic,pill/test/color/023.png,1,color,0.095666915
pill,B_realistic_synthetic,pill/test/combined/001.png,1,combined,0.99055946
pill,B_realistic_synthetic,pill/test/combined/004.png,1,combined,0.23682018
pill,B_realistic_synthetic,pill/test/combined/006.png,1,combined,0.05547575
pill,B_realistic_synthetic,pill/test/combined/007.png,1,combined,0.1214625
pill,B_realistic_synthetic,pill/test/combined/008.png,1,combined,0.27303496
pill,B_realistic_synthetic,pill/test/combined/012.png,1,combined,0.3381969
pill,B_realistic_synthetic,pill/test/combined/013.png,1,combined,0.7564805
pill,B_realistic_synthetic,pill/test/combined/015.png,1,combined,0.3443321
pill,B_realistic_synthetic,pill/test/combined/016.png,1,combined,0.88966626
pill,B_realistic_synthetic,pill/test/contamination/000.png,1,contamination,0.24041806
pill,B_realistic_synthetic,pill/test/contamination/003.png,1,contamination,0.70114464
pill,B_realistic_synthetic,pill/test/contamination/008.png,1,contamination,0.04849961
pill,B_realistic_synthetic,pill/test/contamination/009.png,1,contamination,0.070553504
pill,B_realistic_synthetic,pill/test/contamination/010.png,1,contamination,0.073861636
pill,B_realistic_synthetic,pill/test/contamination/013.png,1,contamination,0.06756715
pill,B_realistic_synthetic,pill/test/contamination/014.png,1,contamination,0.091225386
pill,B_realistic_synthetic,pill/test/contamination/015.png,1,contamination,0.63862306
pill,B_realistic_synthetic,pill/test/contamination/016.png,1,contamination,0.70855945
pill,B_realistic_synthetic,pill/test/contamination/017.png,1,contamination,0.41691256
pill,B_realistic_synthetic,pill/test/contamination/018.png,1,contamination,0.07660224
pill,B_realistic_synthetic,pill/test/crack/003.png,1,crack,0.022007681
pill,B_realistic_synthetic,pill/test/crack/004.png,1,crack,0.053237732
pill,B_realistic_synthetic,pill/test/crack/005.png,1,crack,0.92459
pill,B_realistic_synthetic,pill/test/crack/007.png,1,crack,0.06689844
pill,B_realistic_synthetic,pill/test/crack/011.png,1,crack,0.75174457
pill,B_realistic_synthetic,pill/test/crack/013.png,1,crack,0.031350814
pill,B_realistic_synthetic,pill/test/crack/015.png,1,crack,0.04741592
pill,B_realistic_synthetic,pill/test/crack/016.png,1,crack,0.027938053
pill,B_realistic_synthetic,pill/test/crack/017.png,1,crack,0.8424921
pill,B_realistic_synthetic,pill/test/crack/018.png,1,crack,0.09275056
pill,B_realistic_synthetic,pill/test/crack/020.png,1,crack,0.060501505
pill,B_realistic_synthetic,pill/test/crack/023.png,1,crack,0.17094383
pill,B_realistic_synthetic,pill/test/crack/024.png,1,crack,0.029921083
pill,B_realistic_synthetic,pill/test/faulty_imprint/000.png,1,faulty_imprint,0.040533468
pill,B_realistic_synthetic,pill/test/faulty_imprint/001.png,1,faulty_imprint,0.06515247
pill,B_realistic_synthetic,pill/test/faulty_imprint/004.png,1,faulty_imprint,0.06273857
pill,B_realistic_synthetic,pill/test/faulty_imprint/008.png,1,faulty_imprint,0.033957884
pill,B_realistic_synthetic,pill/test/faulty_imprint/009.png,1,faulty_imprint,0.0514894
pill,B_realistic_synthetic,pill/test/faulty_imprint/010.png,1,faulty_imprint,0.06964362
pill,B_realistic_synthetic,pill/test/faulty_imprint/011.png,1,faulty_imprint,0.12705187
pill,B_realistic_synthetic,pill/test/faulty_imprint/013.png,1,faulty_imprint,0.07041968
pill,B_realistic_synthetic,pill/test/faulty_imprint/017.png,1,faulty_imprint,0.9084387
pill,B_realistic_synthetic,pill/test/pill_type/001.png,1,pill_type,0.94955873
pill,B_realistic_synthetic,pill/test/pill_type/004.png,1,pill_type,0.6080816
pill,B_realistic_synthetic,pill/test/pill_type/005.png,1,pill_type,0.9622423
pill,B_realistic_synthetic,pill/test/pill_type/007.png,1,pill_type,0.4960446
pill,B_realistic_synthetic,pill/test/pill_type/008.png,1,pill_type,0.8291395
pill,B_realistic_synthetic,pill/test/scratch/002.png,1,scratch,0.5696947
pill,B_realistic_synthetic,pill/test/scratch/003.png,1,scratch,0.70598716
pill,B_realistic_synthetic,pill/test/scratch/004.png,1,scratch,0.1169485
pill,B_realistic_synthetic,pill/test/scratch/006.png,1,scratch,0.11689135
pill,B_realistic_synthetic,pill/test/scratch/009.png,1,scratch,0.12204598
pill,B_realistic_synthetic,pill/test/scratch/012.png,1,scratch,0.04657964
pill,B_realistic_synthetic,pill/test/scratch/014.png,1,scratch,0.054111168
pill,B_realistic_synthetic,pill/test/scratch/015.png,1,scratch,0.060463224
pill,B_realistic_synthetic,pill/test/scratch/016.png,1,scratch,0.026572442
pill,B_realistic_synthetic,pill/test/scratch/019.png,1,scratch,0.12445734
pill,B_realistic_synthetic,pill/test/scratch/020.png,1,scratch,0.07177454
pill,B_realistic_synthetic,pill/test/scratch/022.png,1,scratch,0.0830995
screw,B_realistic_synthetic,screw/test/good/000.png,0,good,0.059394274
screw,B_realistic_synthetic,screw/test/good/001.png,0,good,0.26421532
screw,B_realistic_synthetic,screw/test/good/002.png,0,good,0.0792281
screw,B_realistic_synthetic,screw/test/good/003.png,0,good,0.17570676
screw,B_realistic_synthetic,screw/test/good/004.png,0,good,0.12595654
screw,B_realistic_synthetic,screw/test/good/005.png,0,good,0.10970996
screw,B_realistic_synthetic,screw/test/good/006.png,0,good,0.10681894
screw,B_realistic_synthetic,screw/test/good/007.png,0,good,0.09795264
screw,B_realistic_synthetic,screw/test/good/008.png,0,good,0.16804479
screw,B_realistic_synthetic,screw/test/good/009.png,0,good,0.08140101
screw,B_realistic_synthetic,screw/test/good/010.png,0,good,0.10731088
screw,B_realistic_synthetic,screw/test/good/011.png,0,good,0.14678974
screw,B_realistic_synthetic,screw/test/good/012.png,0,good,0.14400955
screw,B_realistic_synthetic,screw/test/good/013.png,0,good,0.16946019
screw,B_realistic_synthetic,screw/test/good/014.png,0,good,0.1308656
screw,B_realistic_synthetic,screw/test/good/015.png,0,good,0.15969571
screw,B_realistic_synthetic,screw/test/good/016.png,0,good,0.07612801
screw,B_realistic_synthetic,screw/test/good/017.png,0,good,0.087222174
screw,B_realistic_synthetic,screw/test/good/018.png,0,good,0.10979951
screw,B_realistic_synthetic,screw/test/good/019.png,0,good,0.08414953
screw,B_realistic_synthetic,screw/test/good/020.png,0,good,0.07051235
screw,B_realistic_synthetic,screw/test/good/021.png,0,good,0.07753029
screw,B_realistic_synthetic,screw/test/good/022.png,0,good,0.35572603
screw,B_realistic_synthetic,screw/test/good/023.png,0,good,0.13230173
screw,B_realistic_synthetic,screw/test/good/024.png,0,good,0.14041062
screw,B_realistic_synthetic,screw/test/good/025.png,0,good,0.07967565
screw,B_realistic_synthetic,screw/test/good/026.png,0,good,0.09526278
screw,B_realistic_synthetic,screw/test/good/027.png,0,good,0.073609374
screw,B_realistic_synthetic,screw/test/good/028.png,0,good,0.08991686
screw,B_realistic_synthetic,screw/test/good/029.png,0,good,0.14350961
screw,B_realistic_synthetic,screw/test/good/030.png,0,good,0.16480109
screw,B_realistic_synthetic,screw/test/good/031.png,0,good,0.06837366
screw,B_realistic_synthetic,screw/test/good/032.png,0,good,0.09804824
screw,B_realistic_synthetic,screw/test/good/033.png,0,good,0.076456256
screw,B_realistic_synthetic,screw/test/good/034.png,0,good,0.07997087
screw,B_realistic_synthetic,screw/test/good/035.png,0,good,0.3026471
screw,B_realistic_synthetic,screw/test/good/036.png,0,good,0.052848905
screw,B_realistic_synthetic,screw/test/good/037.png,0,good,0.07516075
screw,B_realistic_synthetic,screw/test/good/038.png,0,good,0.10449557
screw,B_realistic_synthetic,screw/test/good/039.png,0,good,0.058268216
screw,B_realistic_synthetic,screw/test/good/040.png,0,good,0.07237269
screw,B_realistic_synthetic,screw/test/manipulated_front/004.png,1,manipulated_front,0.30526143
screw,B_realistic_synthetic,screw/test/manipulated_front/005.png,1,manipulated_front,0.07924573
screw,B_realistic_synthetic,screw/test/manipulated_front/006.png,1,manipulated_front,0.09862593
screw,B_realistic_synthetic,screw/test/manipulated_front/010.png,1,manipulated_front,0.07017925
screw,B_realistic_synthetic,screw/test/manipulated_front/011.png,1,manipulated_front,0.0973655
screw,B_realistic_synthetic,screw/test/manipulated_front/013.png,1,manipulated_front,0.08777615
screw,B_realistic_synthetic,screw/test/manipulated_front/015.png,1,manipulated_front,0.24537385
screw,B_realistic_synthetic,screw/test/manipulated_front/016.png,1,manipulated_front,0.07160609
screw,B_realistic_synthetic,screw/test/manipulated_front/017.png,1,manipulated_front,0.14159502
screw,B_realistic_synthetic,screw/test/manipulated_front/020.png,1,manipulated_front,0.084740505
screw,B_realistic_synthetic,screw/test/manipulated_front/021.png,1,manipulated_front,0.12734418
screw,B_realistic_synthetic,screw/test/manipulated_front/022.png,1,manipulated_front,0.17178667
screw,B_realistic_synthetic,screw/test/scratch_head/000.png,1,scratch_head,0.3384784
screw,B_realistic_synthetic,screw/test/scratch_head/001.png,1,scratch_head,0.38180214
screw,B_realistic_synthetic,screw/test/scratch_head/002.png,1,scratch_head,0.10916622
screw,B_realistic_synthetic,screw/test/scratch_head/003.png,1,scratch_head,0.11353791
screw,B_realistic_synthetic,screw/test/scratch_head/004.png,1,scratch_head,0.07964646
screw,B_realistic_synthetic,screw/test/scratch_head/007.png,1,scratch_head,0.25037703
screw,B_realistic_synthetic,screw/test/scratch_head/009.png,1,scratch_head,0.07159142
screw,B_realistic_synthetic,screw/test/scratch_head/010.png,1,scratch_head,0.55531305
screw,B_realistic_synthetic,screw/test/scratch_head/012.png,1,scratch_head,0.1875944
screw,B_realistic_synthetic,screw/test/scratch_head/015.png,1,scratch_head,0.13390292
screw,B_realistic_synthetic,screw/test/scratch_head/020.png,1,scratch_head,0.09794682
screw,B_realistic_synthetic,screw/test/scratch_head/021.png,1,scratch_head,0.13463333
screw,B_realistic_synthetic,screw/test/scratch_neck/002.png,1,scratch_neck,0.21041675
screw,B_realistic_synthetic,screw/test/scratch_neck/006.png,1,scratch_neck,0.16367768
screw,B_realistic_synthetic,screw/test/scratch_neck/009.png,1,scratch_neck,0.09331157
screw,B_realistic_synthetic,screw/test/scratch_neck/010.png,1,scratch_neck,0.13991717
screw,B_realistic_synthetic,screw/test/scratch_neck/011.png,1,scratch_neck,0.18254513
screw,B_realistic_synthetic,screw/test/scratch_neck/014.png,1,scratch_neck,0.11728805
screw,B_realistic_synthetic,screw/test/scratch_neck/015.png,1,scratch_neck,0.35226923
screw,B_realistic_synthetic,screw/test/scratch_neck/016.png,1,scratch_neck,0.8890721
screw,B_realistic_synthetic,screw/test/scratch_neck/018.png,1,scratch_neck,0.14577746
screw,B_realistic_synthetic,screw/test/scratch_neck/020.png,1,scratch_neck,0.074851595
screw,B_realistic_synthetic,screw/test/scratch_neck/022.png,1,scratch_neck,0.44719714
screw,B_realistic_synthetic,screw/test/scratch_neck/023.png,1,scratch_neck,0.12058432
screw,B_realistic_synthetic,screw/test/scratch_neck/024.png,1,scratch_neck,0.111794084
screw,B_realistic_synthetic,screw/test/thread_side/000.png,1,thread_side,0.42308003
screw,B_realistic_synthetic,screw/test/thread_side/001.png,1,thread_side,0.13395566
screw,B_realistic_synthetic,screw/test/thread_side/004.png,1,thread_side,0.11083766
screw,B_realistic_synthetic,screw/test/thread_side/008.png,1,thread_side,0.40610427
screw,B_realistic_synthetic,screw/test/thread_side/009.png,1,thread_side,0.12369966
screw,B_realistic_synthetic,screw/test/thread_side/010.png,1,thread_side,0.11775434
screw,B_realistic_synthetic,screw/test/thread_side/011.png,1,thread_side,0.33292392
screw,B_realistic_synthetic,screw/test/thread_side/012.png,1,thread_side,0.078368545
screw,B_realistic_synthetic,screw/test/thread_side/014.png,1,thread_side,0.21760798
screw,B_realistic_synthetic,screw/test/thread_side/015.png,1,thread_side,0.13817574
screw,B_realistic_synthetic,screw/test/thread_side/020.png,1,thread_side,0.12992766
screw,B_realistic_synthetic,screw/test/thread_top/000.png,1,thread_top,0.14256106
screw,B_realistic_synthetic,screw/test/thread_top/004.png,1,thread_top,0.11746015
screw,B_realistic_synthetic,screw/test/thread_top/005.png,1,thread_top,0.06056356
screw,B_realistic_synthetic,screw/test/thread_top/007.png,1,thread_top,0.20760892
screw,B_realistic_synthetic,screw/test/thread_top/010.png,1,thread_top,0.08499035
screw,B_realistic_synthetic,screw/test/thread_top/011.png,1,thread_top,0.38275126
screw,B_realistic_synthetic,screw/test/thread_top/013.png,1,thread_top,0.17338142
screw,B_realistic_synthetic,screw/test/thread_top/018.png,1,thread_top,0.4084495
screw,B_realistic_synthetic,screw/test/thread_top/019.png,1,thread_top,0.11910674
screw,B_realistic_synthetic,screw/test/thread_top/020.png,1,thread_top,0.60773915
screw,B_realistic_synthetic,screw/test/thread_top/021.png,1,thread_top,0.10044789
tile,B_realistic_synthetic,tile/test/good/000.png,0,good,0.44482803
tile,B_realistic_synthetic,tile/test/good/001.png,0,good,0.22980812
tile,B_realistic_synthetic,tile/test/good/002.png,0,good,0.39254147
tile,B_realistic_synthetic,tile/test/good/003.png,0,good,0.24658525
tile,B_realistic_synthetic,tile/test/good/004.png,0,good,0.19031976
tile,B_realistic_synthetic,tile/test/good/005.png,0,good,0.27827725
tile,B_realistic_synthetic,tile/test/good/006.png,0,good,0.75268024
tile,B_realistic_synthetic,tile/test/good/007.png,0,good,0.24685435
tile,B_realistic_synthetic,tile/test/good/008.png,0,good,0.18712609
tile,B_realistic_synthetic,tile/test/good/009.png,0,good,0.26564184
tile,B_realistic_synthetic,tile/test/good/010.png,0,good,0.5290164
tile,B_realistic_synthetic,tile/test/good/011.png,0,good,0.26785624
tile,B_realistic_synthetic,tile/test/good/012.png,0,good,0.19065653
tile,B_realistic_synthetic,tile/test/good/013.png,0,good,0.69606405
tile,B_realistic_synthetic,tile/test/good/014.png,0,good,0.31284252
tile,B_realistic_synthetic,tile/test/good/015.png,0,good,0.50728005
tile,B_realistic_synthetic,tile/test/good/016.png,0,good,0.36923093
tile,B_realistic_synthetic,tile/test/good/017.png,0,good,0.28188518
tile,B_realistic_synthetic,tile/test/good/018.png,0,good,0.35726285
tile,B_realistic_synthetic,tile/test/good/019.png,0,good,0.22372514
tile,B_realistic_synthetic,tile/test/good/020.png,0,good,0.40086225
tile,B_realistic_synthetic,tile/test/good/021.png,0,good,0.31522578
tile,B_realistic_synthetic,tile/test/good/022.png,0,good,0.3768465
tile,B_realistic_synthetic,tile/test/good/023.png,0,good,0.4250018
tile,B_realistic_synthetic,tile/test/good/024.png,0,good,0.24118923
tile,B_realistic_synthetic,tile/test/good/025.png,0,good,0.6704222
tile,B_realistic_synthetic,tile/test/good/026.png,0,good,0.5383929
tile,B_realistic_synthetic,tile/test/good/027.png,0,good,0.42537117
tile,B_realistic_synthetic,tile/test/good/028.png,0,good,0.33635962
tile,B_realistic_synthetic,tile/test/good/029.png,0,good,0.3721503
tile,B_realistic_synthetic,tile/test/good/030.png,0,good,0.14659761
tile,B_realistic_synthetic,tile/test/good/031.png,0,good,0.3607628
tile,B_realistic_synthetic,tile/test/good/032.png,0,good,0.16841803
tile,B_realistic_synthetic,tile/test/crack/000.png,1,crack,0.99817944
tile,B_realistic_synthetic,tile/test/crack/002.png,1,crack,0.99998224
tile,B_realistic_synthetic,tile/test/crack/005.png,1,crack,0.7278877
tile,B_realistic_synthetic,tile/test/crack/006.png,1,crack,0.99995625
tile,B_realistic_synthetic,tile/test/crack/009.png,1,crack,0.999908
tile,B_realistic_synthetic,tile/test/crack/012.png,1,crack,0.9997366
tile,B_realistic_synthetic,tile/test/crack/013.png,1,crack,0.9997943
tile,B_realistic_synthetic,tile/test/crack/014.png,1,crack,0.9998012
tile,B_realistic_synthetic,tile/test/crack/016.png,1,crack,0.9998951
tile,B_realistic_synthetic,tile/test/glue_strip/000.png,1,glue_strip,0.999833
tile,B_realistic_synthetic,tile/test/glue_strip/001.png,1,glue_strip,0.99997497
tile,B_realistic_synthetic,tile/test/glue_strip/002.png,1,glue_strip,0.9943956
tile,B_realistic_synthetic,tile/test/glue_strip/006.png,1,glue_strip,0.99988246
tile,B_realistic_synthetic,tile/test/glue_strip/009.png,1,glue_strip,0.99363285
tile,B_realistic_synthetic,tile/test/glue_strip/010.png,1,glue_strip,0.99990547
tile,B_realistic_synthetic,tile/test/glue_strip/014.png,1,glue_strip,0.9926053
tile,B_realistic_synthetic,tile/test/glue_strip/015.png,1,glue_strip,0.99969494
tile,B_realistic_synthetic,tile/test/glue_strip/016.png,1,glue_strip,0.9886934
tile,B_realistic_synthetic,tile/test/gray_stroke/001.png,1,gray_stroke,0.68850833
tile,B_realistic_synthetic,tile/test/gray_stroke/003.png,1,gray_stroke,0.9505438
tile,B_realistic_synthetic,tile/test/gray_stroke/008.png,1,gray_stroke,0.8218751
tile,B_realistic_synthetic,tile/test/gray_stroke/010.png,1,gray_stroke,0.99385035
tile,B_realistic_synthetic,tile/test/gray_stroke/011.png,1,gray_stroke,0.9586377
tile,B_realistic_synthetic,tile/test/gray_stroke/012.png,1,gray_stroke,0.1524117
tile,B_realistic_synthetic,tile/test/gray_stroke/014.png,1,gray_stroke,0.9507694
tile,B_realistic_synthetic,tile/test/gray_stroke/015.png,1,gray_stroke,0.5455922
tile,B_realistic_synthetic,tile/test/oil/002.png,1,oil,0.9673882
tile,B_realistic_synthetic,tile/test/oil/004.png,1,oil,0.9661086
tile,B_realistic_synthetic,tile/test/oil/005.png,1,oil,0.97111815
tile,B_realistic_synthetic,tile/test/oil/006.png,1,oil,0.9808121
tile,B_realistic_synthetic,tile/test/oil/007.png,1,oil,0.61303353
tile,B_realistic_synthetic,tile/test/oil/009.png,1,oil,0.83003473
tile,B_realistic_synthetic,tile/test/oil/010.png,1,oil,0.95742935
tile,B_realistic_synthetic,tile/test/oil/016.png,1,oil,0.8305802
tile,B_realistic_synthetic,tile/test/oil/017.png,1,oil,0.8043204
tile,B_realistic_synthetic,tile/test/rough/001.png,1,rough,0.97390693
tile,B_realistic_synthetic,tile/test/rough/004.png,1,rough,0.9565776
tile,B_realistic_synthetic,tile/test/rough/005.png,1,rough,0.74217397
tile,B_realistic_synthetic,tile/test/rough/008.png,1,rough,0.9661323
tile,B_realistic_synthetic,tile/test/rough/009.png,1,rough,0.9995315
tile,B_realistic_synthetic,tile/test/rough/010.png,1,rough,0.9968053
tile,B_realistic_synthetic,tile/test/rough/012.png,1,rough,0.9896522
toothbrush,B_realistic_synthetic,toothbrush/test/good/000.png,0,good,0.3439514
toothbrush,B_realistic_synthetic,toothbrush/test/good/001.png,0,good,0.45802888
toothbrush,B_realistic_synthetic,toothbrush/test/good/002.png,0,good,0.43784204
toothbrush,B_realistic_synthetic,toothbrush/test/good/003.png,0,good,0.30674654
toothbrush,B_realistic_synthetic,toothbrush/test/good/004.png,0,good,0.3018322
toothbrush,B_realistic_synthetic,toothbrush/test/good/005.png,0,good,0.21265818
toothbrush,B_realistic_synthetic,toothbrush/test/good/006.png,0,good,0.2678499
toothbrush,B_realistic_synthetic,toothbrush/test/good/007.png,0,good,0.3900752
toothbrush,B_realistic_synthetic,toothbrush/test/good/008.png,0,good,0.23987255
toothbrush,B_realistic_synthetic,toothbrush/test/good/009.png,0,good,0.3298542
toothbrush,B_realistic_synthetic,toothbrush/test/good/010.png,0,good,0.16741614
toothbrush,B_realistic_synthetic,toothbrush/test/good/011.png,0,good,0.16302915
toothbrush,B_realistic_synthetic,toothbrush/test/defective/001.png,1,defective,0.4953277
toothbrush,B_realistic_synthetic,toothbrush/test/defective/002.png,1,defective,0.7838746
toothbrush,B_realistic_synthetic,toothbrush/test/defective/003.png,1,defective,0.6047164
toothbrush,B_realistic_synthetic,toothbrush/test/defective/009.png,1,defective,0.84111387
toothbrush,B_realistic_synthetic,toothbrush/test/defective/010.png,1,defective,0.7975738
toothbrush,B_realistic_synthetic,toothbrush/test/defective/011.png,1,defective,0.29851574
toothbrush,B_realistic_synthetic,toothbrush/test/defective/016.png,1,defective,0.6110713
toothbrush,B_realistic_synthetic,toothbrush/test/defective/017.png,1,defective,0.98940617
toothbrush,B_realistic_synthetic,toothbrush/test/defective/018.png,1,defective,0.23455647
toothbrush,B_realistic_synthetic,toothbrush/test/defective/019.png,1,defective,0.6222084
toothbrush,B_realistic_synthetic,toothbrush/test/defective/020.png,1,defective,0.37773055
toothbrush,B_realistic_synthetic,toothbrush/test/defective/021.png,1,defective,0.23384413
toothbrush,B_realistic_synthetic,toothbrush/test/defective/022.png,1,defective,0.9904687
toothbrush,B_realistic_synthetic,toothbrush/test/defective/023.png,1,defective,0.738396
toothbrush,B_realistic_synthetic,toothbrush/test/defective/027.png,1,defective,0.40451342
transistor,B_realistic_synthetic,transistor/test/good/000.png,0,good,0.2015984
transistor,B_realistic_synthetic,transistor/test/good/001.png,0,good,0.28272247
transistor,B_realistic_synthetic,transistor/test/good/002.png,0,good,0.20387568
transistor,B_realistic_synthetic,transistor/test/good/003.png,0,good,0.34495068
transistor,B_realistic_synthetic,transistor/test/good/004.png,0,good,0.2738056
transistor,B_realistic_synthetic,transistor/test/good/005.png,0,good,0.29275405
transistor,B_realistic_synthetic,transistor/test/good/006.png,0,good,0.27900076
transistor,B_realistic_synthetic,transistor/test/good/007.png,0,good,0.27380157
transistor,B_realistic_synthetic,transistor/test/good/008.png,0,good,0.22616172
transistor,B_realistic_synthetic,transistor/test/good/009.png,0,good,0.47089306
transistor,B_realistic_synthetic,transistor/test/good/010.png,0,good,0.27443862
transistor,B_realistic_synthetic,transistor/test/good/011.png,0,good,0.20002197
transistor,B_realistic_synthetic,transistor/test/good/012.png,0,good,0.43510893
transistor,B_realistic_synthetic,transistor/test/good/013.png,0,good,0.30427355
transistor,B_realistic_synthetic,transistor/test/good/014.png,0,good,0.4068489
transistor,B_realistic_synthetic,transistor/test/good/015.png,0,good,0.43584192
transistor,B_realistic_synthetic,transistor/test/good/016.png,0,good,0.25615883
transistor,B_realistic_synthetic,transistor/test/good/017.png,0,good,0.46571624
transistor,B_realistic_synthetic,transistor/test/good/018.png,0,good,0.27166554
transistor,B_realistic_synthetic,transistor/test/good/019.png,0,good,0.27967593
transistor,B_realistic_synthetic,transistor/test/good/020.png,0,good,0.28366458
transistor,B_realistic_synthetic,transistor/test/good/021.png,0,good,0.593918
transistor,B_realistic_synthetic,transistor/test/good/022.png,0,good,0.28223172
transistor,B_realistic_synthetic,transistor/test/good/023.png,0,good,0.2716466
transistor,B_realistic_synthetic,transistor/test/good/024.png,0,good,0.26952904
transistor,B_realistic_synthetic,transistor/test/good/025.png,0,good,0.24298467
transistor,B_realistic_synthetic,transistor/test/good/026.png,0,good,0.5352446
transistor,B_realistic_synthetic,transistor/test/good/027.png,0,good,0.23549558
transistor,B_realistic_synthetic,transistor/test/good/028.png,0,good,0.24078497
transistor,B_realistic_synthetic,transistor/test/good/029.png,0,good,0.25426224
transistor,B_realistic_synthetic,transistor/test/good/030.png,0,good,0.22279851
transistor,B_realistic_synthetic,transistor/test/good/031.png,0,good,0.4608187
transistor,B_realistic_synthetic,transistor/test/good/032.png,0,good,0.34350318
transistor,B_realistic_synthetic,transistor/test/good/033.png,0,good,0.19745292
transistor,B_realistic_synthetic,transistor/test/good/034.png,0,good,0.20879991
transistor,B_realistic_synthetic,transistor/test/good/035.png,0,good,0.2453314
transistor,B_realistic_synthetic,transistor/test/good/036.png,0,good,0.52101415
transistor,B_realistic_synthetic,transistor/test/good/037.png,0,good,0.35599566
transistor,B_realistic_synthetic,transistor/test/good/038.png,0,good,0.2618953
transistor,B_realistic_synthetic,transistor/test/good/039.png,0,good,0.21519196
transistor,B_realistic_synthetic,transistor/test/good/040.png,0,good,0.22056668
transistor,B_realistic_synthetic,transistor/test/good/041.png,0,good,0.32437432
transistor,B_realistic_synthetic,transistor/test/good/042.png,0,good,0.27259803
transistor,B_realistic_synthetic,transistor/test/good/043.png,0,good,0.3396949
transistor,B_realistic_synthetic,transistor/test/good/044.png,0,good,0.361605
transistor,B_realistic_synthetic,transistor/test/good/045.png,0,good,0.2859647
transistor,B_realistic_synthetic,transistor/test/good/046.png,0,good,0.1640402
transistor,B_realistic_synthetic,transistor/test/good/047.png,0,good,0.23505658
transistor,B_realistic_synthetic,transistor/test/good/048.png,0,good,0.25151536
transistor,B_realistic_synthetic,transistor/test/good/049.png,0,good,0.28458333
transistor,B_realistic_synthetic,transistor/test/good/050.png,0,good,0.19282232
transistor,B_realistic_synthetic,transistor/test/good/051.png,0,good,0.26364058
transistor,B_realistic_synthetic,transistor/test/good/052.png,0,good,0.35029525
transistor,B_realistic_synthetic,transistor/test/good/053.png,0,good,0.33435038
transistor,B_realistic_synthetic,transistor/test/good/054.png,0,good,0.25502342
transistor,B_realistic_synthetic,transistor/test/good/055.png,0,good,0.40878272
transistor,B_realistic_synthetic,transistor/test/good/056.png,0,good,0.25495428
transistor,B_realistic_synthetic,transistor/test/good/057.png,0,good,0.21652296
transistor,B_realistic_synthetic,transistor/test/good/058.png,0,good,0.19658886
transistor,B_realistic_synthetic,transistor/test/good/059.png,0,good,0.21908276
transistor,B_realistic_synthetic,transistor/test/bent_lead/001.png,1,bent_lead,0.5072107
transistor,B_realistic_synthetic,transistor/test/bent_lead/003.png,1,bent_lead,0.35214123
transistor,B_realistic_synthetic,transistor/test/bent_lead/005.png,1,bent_lead,0.6663376
transistor,B_realistic_synthetic,transistor/test/bent_lead/008.png,1,bent_lead,0.51003337
transistor,B_realistic_synthetic,transistor/test/bent_lead/009.png,1,bent_lead,0.38546252
transistor,B_realistic_synthetic,transistor/test/cut_lead/001.png,1,cut_lead,0.31371897
transistor,B_realistic_synthetic,transistor/test/cut_lead/002.png,1,cut_lead,0.27848113
transistor,B_realistic_synthetic,transistor/test/cut_lead/003.png,1,cut_lead,0.31578532
transistor,B_realistic_synthetic,transistor/test/cut_lead/004.png,1,cut_lead,0.475904
transistor,B_realistic_synthetic,transistor/test/cut_lead/007.png,1,cut_lead,0.3283557
transistor,B_realistic_synthetic,transistor/test/damaged_case/000.png,1,damaged_case,0.3578413
transistor,B_realistic_synthetic,transistor/test/damaged_case/002.png,1,damaged_case,0.2278995
transistor,B_realistic_synthetic,transistor/test/damaged_case/006.png,1,damaged_case,0.26203957
transistor,B_realistic_synthetic,transistor/test/damaged_case/008.png,1,damaged_case,0.55293393
transistor,B_realistic_synthetic,transistor/test/damaged_case/009.png,1,damaged_case,0.40771037
transistor,B_realistic_synthetic,transistor/test/misplaced/000.png,1,misplaced,0.57016855
transistor,B_realistic_synthetic,transistor/test/misplaced/001.png,1,misplaced,0.99194896
transistor,B_realistic_synthetic,transistor/test/misplaced/003.png,1,misplaced,0.22481298
transistor,B_realistic_synthetic,transistor/test/misplaced/005.png,1,misplaced,0.90996474
transistor,B_realistic_synthetic,transistor/test/misplaced/009.png,1,misplaced,0.77386576
wood,B_realistic_synthetic,wood/test/good/000.png,0,good,0.06688917
wood,B_realistic_synthetic,wood/test/good/001.png,0,good,0.05454114
wood,B_realistic_synthetic,wood/test/good/002.png,0,good,0.048015922
wood,B_realistic_synthetic,wood/test/good/003.png,0,good,0.05120084
wood,B_realistic_synthetic,wood/test/good/004.png,0,good,0.05499043
wood,B_realistic_synthetic,wood/test/good/005.png,0,good,0.043436196
wood,B_realistic_synthetic,wood/test/good/006.png,0,good,0.044071853
wood,B_realistic_synthetic,wood/test/good/007.png,0,good,0.07483209
wood,B_realistic_synthetic,wood/test/good/008.png,0,good,0.05283034
wood,B_realistic_synthetic,wood/test/good/009.png,0,good,0.1058381
wood,B_realistic_synthetic,wood/test/good/010.png,0,good,0.07956171
wood,B_realistic_synthetic,wood/test/good/011.png,0,good,0.08886142
wood,B_realistic_synthetic,wood/test/good/012.png,0,good,0.07803922
wood,B_realistic_synthetic,wood/test/good/013.png,0,good,0.04951186
wood,B_realistic_synthetic,wood/test/good/014.png,0,good,0.2522849
wood,B_realistic_synthetic,wood/test/good/015.png,0,good,0.08974697
wood,B_realistic_synthetic,wood/test/good/016.png,0,good,0.09723771
wood,B_realistic_synthetic,wood/test/good/017.png,0,good,0.1305491
wood,B_realistic_synthetic,wood/test/good/018.png,0,good,0.13033484
wood,B_realistic_synthetic,wood/test/color/000.png,1,color,0.99958724
wood,B_realistic_synthetic,wood/test/color/001.png,1,color,0.98562545
wood,B_realistic_synthetic,wood/test/color/006.png,1,color,0.5351832
wood,B_realistic_synthetic,wood/test/color/007.png,1,color,0.97916406
wood,B_realistic_synthetic,wood/test/combined/002.png,1,combined,0.9999728
wood,B_realistic_synthetic,wood/test/combined/004.png,1,combined,0.35830742
wood,B_realistic_synthetic,wood/test/combined/006.png,1,combined,0.55547744
wood,B_realistic_synthetic,wood/test/combined/008.png,1,combined,0.999979
wood,B_realistic_synthetic,wood/test/combined/009.png,1,combined,0.9995036
wood,B_realistic_synthetic,wood/test/hole/000.png,1,hole,0.99950755
wood,B_realistic_synthetic,wood/test/hole/003.png,1,hole,0.9999999
wood,B_realistic_synthetic,wood/test/hole/005.png,1,hole,0.18069027
wood,B_realistic_synthetic,wood/test/hole/008.png,1,hole,0.99999285
wood,B_realistic_synthetic,wood/test/hole/009.png,1,hole,0.9998747
wood,B_realistic_synthetic,wood/test/liquid/003.png,1,liquid,0.998816
wood,B_realistic_synthetic,wood/test/liquid/004.png,1,liquid,0.99812657
wood,B_realistic_synthetic,wood/test/liquid/006.png,1,liquid,0.33417925
wood,B_realistic_synthetic,wood/test/liquid/007.png,1,liquid,0.6428406
wood,B_realistic_synthetic,wood/test/liquid/008.png,1,liquid,0.6637932
wood,B_realistic_synthetic,wood/test/scratch/000.png,1,scratch,0.07645131
wood,B_realistic_synthetic,wood/test/scratch/003.png,1,scratch,0.9999995
wood,B_realistic_synthetic,wood/test/scratch/005.png,1,scratch,0.98605156
wood,B_realistic_synthetic,wood/test/scratch/006.png,1,scratch,0.5095719
wood,B_realistic_synthetic,wood/test/scratch/007.png,1,scratch,0.36750165
wood,B_realistic_synthetic,wood/test/scratch/008.png,1,scratch,0.99876153
wood,B_realistic_synthetic,wood/test/scratch/009.png,1,scratch,0.9321072
wood,B_realistic_synthetic,wood/test/scratch/011.png,1,scratch,0.39928415
wood,B_realistic_synthetic,wood/test/scratch/013.png,1,scratch,0.9999825
wood,B_realistic_synthetic,wood/test/scratch/014.png,1,scratch,0.9994956
wood,B_realistic_synthetic,wood/test/scratch/016.png,1,scratch,0.4739127
zipper,B_realistic_synthetic,zipper/test/good/000.png,0,good,0.3509576
zipper,B_realistic_synthetic,zipper/test/good/001.png,0,good,0.39622706
zipper,B_realistic_synthetic,zipper/test/good/002.png,0,good,0.5056472
zipper,B_realistic_synthetic,zipper/test/good/003.png,0,good,0.79620206
zipper,B_realistic_synthetic,zipper/test/good/004.png,0,good,0.31291285
zipper,B_realistic_synthetic,zipper/test/good/005.png,0,good,0.3249288
zipper,B_realistic_synthetic,zipper/test/good/006.png,0,good,0.3099335
zipper,B_realistic_synthetic,zipper/test/good/007.png,0,good,0.31612918
zipper,B_realistic_synthetic,zipper/test/good/008.png,0,good,0.44118613
zipper,B_realistic_synthetic,zipper/test/good/009.png,0,good,0.33296144
zipper,B_realistic_synthetic,zipper/test/good/010.png,0,good,0.31029248
zipper,B_realistic_synthetic,zipper/test/good/011.png,0,good,0.83802956
zipper,B_realistic_synthetic,zipper/test/good/012.png,0,good,0.5391802
zipper,B_realistic_synthetic,zipper/test/good/013.png,0,good,0.8479249
zipper,B_realistic_synthetic,zipper/test/good/014.png,0,good,0.77385384
zipper,B_realistic_synthetic,zipper/test/good/015.png,0,good,0.8531735
zipper,B_realistic_synthetic,zipper/test/good/016.png,0,good,0.51687247
zipper,B_realistic_synthetic,zipper/test/good/017.png,0,good,0.49687394
zipper,B_realistic_synthetic,zipper/test/good/018.png,0,good,0.4513801
zipper,B_realistic_synthetic,zipper/test/good/019.png,0,good,0.44361973
zipper,B_realistic_synthetic,zipper/test/good/020.png,0,good,0.35525963
zipper,B_realistic_synthetic,zipper/test/good/021.png,0,good,0.3592058
zipper,B_realistic_synthetic,zipper/test/good/022.png,0,good,0.25435945
zipper,B_realistic_synthetic,zipper/test/good/023.png,0,good,0.8022299
zipper,B_realistic_synthetic,zipper/test/good/024.png,0,good,0.51104844
zipper,B_realistic_synthetic,zipper/test/good/025.png,0,good,0.5880579
zipper,B_realistic_synthetic,zipper/test/good/026.png,0,good,0.2880096
zipper,B_realistic_synthetic,zipper/test/good/027.png,0,good,0.31802136
zipper,B_realistic_synthetic,zipper/test/good/028.png,0,good,0.38647282
zipper,B_realistic_synthetic,zipper/test/good/029.png,0,good,0.6173089
zipper,B_realistic_synthetic,zipper/test/good/030.png,0,good,0.1447872
zipper,B_realistic_synthetic,zipper/test/good/031.png,0,good,0.37190235
zipper,B_realistic_synthetic,zipper/test/broken_teeth/002.png,1,broken_teeth,0.82312053
zipper,B_realistic_synthetic,zipper/test/broken_teeth/003.png,1,broken_teeth,0.9992391
zipper,B_realistic_synthetic,zipper/test/broken_teeth/008.png,1,broken_teeth,0.9997371
zipper,B_realistic_synthetic,zipper/test/broken_teeth/010.png,1,broken_teeth,0.9991346
zipper,B_realistic_synthetic,zipper/test/broken_teeth/011.png,1,broken_teeth,0.99576265
zipper,B_realistic_synthetic,zipper/test/broken_teeth/013.png,1,broken_teeth,0.9986449
zipper,B_realistic_synthetic,zipper/test/broken_teeth/014.png,1,broken_teeth,0.9714112
zipper,B_realistic_synthetic,zipper/test/broken_teeth/016.png,1,broken_teeth,0.5626945
zipper,B_realistic_synthetic,zipper/test/broken_teeth/018.png,1,broken_teeth,0.99937433
zipper,B_realistic_synthetic,zipper/test/combined/001.png,1,combined,0.9886635
zipper,B_realistic_synthetic,zipper/test/combined/005.png,1,combined,0.9965379
zipper,B_realistic_synthetic,zipper/test/combined/007.png,1,combined,0.8477973
zipper,B_realistic_synthetic,zipper/test/combined/009.png,1,combined,0.99927384
zipper,B_realistic_synthetic,zipper/test/combined/010.png,1,combined,0.99999726
zipper,B_realistic_synthetic,zipper/test/combined/011.png,1,combined,0.9999995
zipper,B_realistic_synthetic,zipper/test/combined/013.png,1,combined,0.99985266
zipper,B_realistic_synthetic,zipper/test/combined/014.png,1,combined,0.9998926
zipper,B_realistic_synthetic,zipper/test/fabric_border/001.png,1,fabric_border,0.99998605
zipper,B_realistic_synthetic,zipper/test/fabric_border/002.png,1,fabric_border,0.8626806
zipper,B_realistic_synthetic,zipper/test/fabric_border/003.png,1,fabric_border,0.9834464
zipper,B_realistic_synthetic,zipper/test/fabric_border/005.png,1,fabric_border,0.99998736
zipper,B_realistic_synthetic,zipper/test/fabric_border/006.png,1,fabric_border,0.99999547
zipper,B_realistic_synthetic,zipper/test/fabric_border/012.png,1,fabric_border,0.9999968
zipper,B_realistic_synthetic,zipper/test/fabric_border/013.png,1,fabric_border,0.9783015
zipper,B_realistic_synthetic,zipper/test/fabric_border/014.png,1,fabric_border,0.9848068
zipper,B_realistic_synthetic,zipper/test/fabric_border/015.png,1,fabric_border,0.9999888
zipper,B_realistic_synthetic,zipper/test/fabric_interior/000.png,1,fabric_interior,0.99999917
zipper,B_realistic_synthetic,zipper/test/fabric_interior/001.png,1,fabric_interior,0.9719687
zipper,B_realistic_synthetic,zipper/test/fabric_interior/003.png,1,fabric_interior,0.9979006
zipper,B_realistic_synthetic,zipper/test/fabric_interior/005.png,1,fabric_interior,0.9938929
zipper,B_realistic_synthetic,zipper/test/fabric_interior/006.png,1,fabric_interior,0.9999182
zipper,B_realistic_synthetic,zipper/test/fabric_interior/007.png,1,fabric_interior,0.40326396
zipper,B_realistic_synthetic,zipper/test/fabric_interior/009.png,1,fabric_interior,0.998899
zipper,B_realistic_synthetic,zipper/test/fabric_interior/012.png,1,fabric_interior,0.9992673
zipper,B_realistic_synthetic,zipper/test/rough/000.png,1,rough,0.9991835
zipper,B_realistic_synthetic,zipper/test/rough/004.png,1,rough,0.99998486
zipper,B_realistic_synthetic,zipper/test/rough/006.png,1,rough,0.9999918
zipper,B_realistic_synthetic,zipper/test/rough/007.png,1,rough,0.9986588
zipper,B_realistic_synthetic,zipper/test/rough/008.png,1,rough,0.9986253
zipper,B_realistic_synthetic,zipper/test/rough/010.png,1,rough,0.99952936
zipper,B_realistic_synthetic,zipper/test/rough/014.png,1,rough,0.9946702
zipper,B_realistic_synthetic,zipper/test/rough/015.png,1,rough,0.9997925
zipper,B_realistic_synthetic,zipper/test/rough/016.png,1,rough,0.9992988
zipper,B_realistic_synthetic,zipper/test/split_teeth/003.png,1,split_teeth,0.9921995
zipper,B_realistic_synthetic,zipper/test/split_teeth/004.png,1,split_teeth,0.998615
zipper,B_realistic_synthetic,zipper/test/split_teeth/005.png,1,split_teeth,0.98125196
zipper,B_realistic_synthetic,zipper/test/split_teeth/007.png,1,split_teeth,0.9955859
zipper,B_realistic_synthetic,zipper/test/split_teeth/009.png,1,split_teeth,0.9910913
zipper,B_realistic_synthetic,zipper/test/split_teeth/011.png,1,split_teeth,0.96119726
zipper,B_realistic_synthetic,zipper/test/split_teeth/014.png,1,split_teeth,0.98908603
zipper,B_realistic_synthetic,zipper/test/split_teeth/015.png,1,split_teeth,0.9995455
zipper,B_realistic_synthetic,zipper/test/split_teeth/016.png,1,split_teeth,0.99945325
zipper,B_realistic_synthetic,zipper/test/squeezed_teeth/000.png,1,squeezed_teeth,0.9991779
zipper,B_realistic_synthetic,zipper/test/squeezed_teeth/001.png,1,squeezed_teeth,0.98338103
zipper,B_realistic_synthetic,zipper/test/squeezed_teeth/002.png,1,squeezed_teeth,0.99963164
zipper,B_realistic_synthetic,zipper/test/squeezed_teeth/005.png,1,squeezed_teeth,0.99215335
zipper,B_realistic_synthetic,zipper/test/squeezed_teeth/006.png,1,squeezed_teeth,0.9599977
zipper,B_realistic_synthetic,zipper/test/squeezed_teeth/012.png,1,squeezed_teeth,0.9400614
zipper,B_realistic_synthetic,zipper/test/squeezed_teeth/013.png,1,squeezed_teeth,0.9927654
zipper,B_realistic_synthetic,zipper/test/squeezed_teeth/014.png,1,squeezed_teeth,0.9997588
bottle,C_real_defects,bottle/test/good/000.png,0,good,0.08358896
bottle,C_real_defects,bottle/test/good/001.png,0,good,0.056929696
bottle,C_real_defects,bottle/test/good/002.png,0,good,0.04938024
bottle,C_real_defects,bottle/test/good/003.png,0,good,0.05636659
bottle,C_real_defects,bottle/test/good/004.png,0,good,0.012887021
bottle,C_real_defects,bottle/test/good/005.png,0,good,0.016457967
bottle,C_real_defects,bottle/test/good/006.png,0,good,0.046290264
bottle,C_real_defects,bottle/test/good/007.png,0,good,0.07502792
bottle,C_real_defects,bottle/test/good/008.png,0,good,0.017871657
bottle,C_real_defects,bottle/test/good/009.png,0,good,0.046938386
bottle,C_real_defects,bottle/test/good/010.png,0,good,0.1869055
bottle,C_real_defects,bottle/test/good/011.png,0,good,0.029764792
bottle,C_real_defects,bottle/test/good/012.png,0,good,0.043003075
bottle,C_real_defects,bottle/test/good/013.png,0,good,0.036899947
bottle,C_real_defects,bottle/test/good/014.png,0,good,0.054945756
bottle,C_real_defects,bottle/test/good/015.png,0,good,0.14894713
bottle,C_real_defects,bottle/test/good/016.png,0,good,0.057133812
bottle,C_real_defects,bottle/test/good/017.png,0,good,0.6398598
bottle,C_real_defects,bottle/test/good/018.png,0,good,0.0115233045
bottle,C_real_defects,bottle/test/good/019.png,0,good,0.21415198
bottle,C_real_defects,bottle/test/broken_large/000.png,1,broken_large,0.99707174
bottle,C_real_defects,bottle/test/broken_large/002.png,1,broken_large,0.9999621
bottle,C_real_defects,bottle/test/broken_large/004.png,1,broken_large,0.998744
bottle,C_real_defects,bottle/test/broken_large/006.png,1,broken_large,0.9999813
bottle,C_real_defects,bottle/test/broken_large/008.png,1,broken_large,0.99967957
bottle,C_real_defects,bottle/test/broken_large/011.png,1,broken_large,0.9907477
bottle,C_real_defects,bottle/test/broken_large/012.png,1,broken_large,0.999907
bottle,C_real_defects,bottle/test/broken_large/014.png,1,broken_large,0.9890648
bottle,C_real_defects,bottle/test/broken_large/016.png,1,broken_large,0.999642
bottle,C_real_defects,bottle/test/broken_large/018.png,1,broken_large,0.9995515
bottle,C_real_defects,bottle/test/broken_small/000.png,1,broken_small,0.9211777
bottle,C_real_defects,bottle/test/broken_small/001.png,1,broken_small,0.9999292
bottle,C_real_defects,bottle/test/broken_small/003.png,1,broken_small,0.9982778
bottle,C_real_defects,bottle/test/broken_small/004.png,1,broken_small,0.99918133
bottle,C_real_defects,bottle/test/broken_small/007.png,1,broken_small,0.99062
bottle,C_real_defects,bottle/test/broken_small/008.png,1,broken_small,0.99925536
bottle,C_real_defects,bottle/test/broken_small/010.png,1,broken_small,0.99786
bottle,C_real_defects,bottle/test/broken_small/013.png,1,broken_small,0.9849674
bottle,C_real_defects,bottle/test/broken_small/014.png,1,broken_small,0.9995881
bottle,C_real_defects,bottle/test/broken_small/017.png,1,broken_small,0.9990252
bottle,C_real_defects,bottle/test/broken_small/020.png,1,broken_small,0.998979
bottle,C_real_defects,bottle/test/contamination/000.png,1,contamination,0.9969896
bottle,C_real_defects,bottle/test/contamination/001.png,1,contamination,0.66461533
bottle,C_real_defects,bottle/test/contamination/002.png,1,contamination,0.61100096
bottle,C_real_defects,bottle/test/contamination/006.png,1,contamination,0.99612975
bottle,C_real_defects,bottle/test/contamination/008.png,1,contamination,0.99988127
bottle,C_real_defects,bottle/test/contamination/009.png,1,contamination,0.99875414
bottle,C_real_defects,bottle/test/contamination/011.png,1,contamination,0.99936754
bottle,C_real_defects,bottle/test/contamination/013.png,1,contamination,0.9972119
bottle,C_real_defects,bottle/test/contamination/018.png,1,contamination,0.99987996
bottle,C_real_defects,bottle/test/contamination/019.png,1,contamination,0.8844989
bottle,C_real_defects,bottle/test/contamination/020.png,1,contamination,0.9899159
cable,C_real_defects,cable/test/good/000.png,0,good,0.4038939
cable,C_real_defects,cable/test/good/001.png,0,good,0.46033713
cable,C_real_defects,cable/test/good/002.png,0,good,0.62482685
cable,C_real_defects,cable/test/good/003.png,0,good,0.2439209
cable,C_real_defects,cable/test/good/004.png,0,good,0.20876032
cable,C_real_defects,cable/test/good/005.png,0,good,0.21871787
cable,C_real_defects,cable/test/good/006.png,0,good,0.22338869
cable,C_real_defects,cable/test/good/007.png,0,good,0.7861483
cable,C_real_defects,cable/test/good/008.png,0,good,0.48986086
cable,C_real_defects,cable/test/good/009.png,0,good,0.52914315
cable,C_real_defects,cable/test/good/010.png,0,good,0.5951036
cable,C_real_defects,cable/test/good/011.png,0,good,0.55032074
cable,C_real_defects,cable/test/good/012.png,0,good,0.5560326
cable,C_real_defects,cable/test/good/013.png,0,good,0.43898827
cable,C_real_defects,cable/test/good/014.png,0,good,0.46420184
cable,C_real_defects,cable/test/good/015.png,0,good,0.22642046
cable,C_real_defects,cable/test/good/016.png,0,good,0.22223836
cable,C_real_defects,cable/test/good/017.png,0,good,0.15760365
cable,C_real_defects,cable/test/good/018.png,0,good,0.37657222
cable,C_real_defects,cable/test/good/019.png,0,good,0.82109654
cable,C_real_defects,cable/test/good/020.png,0,good,0.24887238
cable,C_real_defects,cable/test/good/021.png,0,good,0.31015706
cable,C_real_defects,cable/test/good/022.png,0,good,0.2840593
cable,C_real_defects,cable/test/good/023.png,0,good,0.20213936
cable,C_real_defects,cable/test/good/024.png,0,good,0.2125624
cable,C_real_defects,cable/test/good/025.png,0,good,0.09946574
cable,C_real_defects,cable/test/good/026.png,0,good,0.12736885
cable,C_real_defects,cable/test/good/027.png,0,good,0.34497944
cable,C_real_defects,cable/test/good/028.png,0,good,0.3917328
cable,C_real_defects,cable/test/good/029.png,0,good,0.17253861
cable,C_real_defects,cable/test/good/030.png,0,good,0.3555286
cable,C_real_defects,cable/test/good/031.png,0,good,0.34373692
cable,C_real_defects,cable/test/good/032.png,0,good,0.3347773
cable,C_real_defects,cable/test/good/033.png,0,good,0.32101297
cable,C_real_defects,cable/test/good/034.png,0,good,0.12178771
cable,C_real_defects,cable/test/good/035.png,0,good,0.15610002
cable,C_real_defects,cable/test/good/036.png,0,good,0.5674689
cable,C_real_defects,cable/test/good/037.png,0,good,0.24813434
cable,C_real_defects,cable/test/good/038.png,0,good,0.37074104
cable,C_real_defects,cable/test/good/039.png,0,good,0.3834826
cable,C_real_defects,cable/test/good/040.png,0,good,0.43290466
cable,C_real_defects,cable/test/good/041.png,0,good,0.19263883
cable,C_real_defects,cable/test/good/042.png,0,good,0.29650027
cable,C_real_defects,cable/test/good/043.png,0,good,0.5794282
cable,C_real_defects,cable/test/good/044.png,0,good,0.32999438
cable,C_real_defects,cable/test/good/045.png,0,good,0.394341
cable,C_real_defects,cable/test/good/046.png,0,good,0.2418723
cable,C_real_defects,cable/test/good/047.png,0,good,0.39457712
cable,C_real_defects,cable/test/good/048.png,0,good,0.37625626
cable,C_real_defects,cable/test/good/049.png,0,good,0.5591802
cable,C_real_defects,cable/test/good/050.png,0,good,0.6276585
cable,C_real_defects,cable/test/good/051.png,0,good,0.41774154
cable,C_real_defects,cable/test/good/052.png,0,good,0.6338875
cable,C_real_defects,cable/test/good/053.png,0,good,0.4679173
cable,C_real_defects,cable/test/good/054.png,0,good,0.4046457
cable,C_real_defects,cable/test/good/055.png,0,good,0.47758517
cable,C_real_defects,cable/test/good/056.png,0,good,0.3269181
cable,C_real_defects,cable/test/good/057.png,0,good,0.35460544
cable,C_real_defects,cable/test/bent_wire/000.png,1,bent_wire,0.99341774
cable,C_real_defects,cable/test/bent_wire/002.png,1,bent_wire,0.99696004
cable,C_real_defects,cable/test/bent_wire/006.png,1,bent_wire,0.9878011
cable,C_real_defects,cable/test/bent_wire/007.png,1,bent_wire,0.9998078
cable,C_real_defects,cable/test/bent_wire/008.png,1,bent_wire,0.96569633
cable,C_real_defects,cable/test/bent_wire/009.png,1,bent_wire,0.99946505
cable,C_real_defects,cable/test/bent_wire/011.png,1,bent_wire,0.99999917
cable,C_real_defects,cable/test/cable_swap/000.png,1,cable_swap,0.4607653
cable,C_real_defects,cable/test/cable_swap/004.png,1,cable_swap,0.6487133
cable,C_real_defects,cable/test/cable_swap/005.png,1,cable_swap,0.40780592
cable,C_real_defects,cable/test/cable_swap/007.png,1,cable_swap,0.40155795
cable,C_real_defects,cable/test/cable_swap/008.png,1,cable_swap,0.21734792
cable,C_real_defects,cable/test/cable_swap/011.png,1,cable_swap,0.37047753
cable,C_real_defects,cable/test/combined/000.png,1,combined,0.9999956
cable,C_real_defects,cable/test/combined/005.png,1,combined,0.9999616
cable,C_real_defects,cable/test/combined/006.png,1,combined,0.99999166
cable,C_real_defects,cable/test/combined/008.png,1,combined,0.9999697
cable,C_real_defects,cable/test/combined/009.png,1,combined,0.9993697
cable,C_real_defects,cable/test/cut_inner_insulation/000.png,1,cut_inner_insulation,0.9955753
cable,C_real_defects,cable/test/cut_inner_insulation/002.png,1,cut_inner_insulation,0.99532276
cable,C_real_defects,cable/test/cut_inner_insulation/003.png,1,cut_inner_insulation,0.9999862
cable,C_real_defects,cable/test/cut_inner_insulation/004.png,1,cut_inner_insulation,0.9993286
cable,C_real_defects,cable/test/cut_inner_insulation/006.png,1,cut_inner_insulation,0.9954462
cable,C_real_defects,cable/test/cut_inner_insulation/011.png,1,cut_inner_insulation,0.9944824
cable,C_real_defects,cable/test/cut_inner_insulation/012.png,1,cut_inner_insulation,0.99997306
cable,C_real_defects,cable/test/cut_outer_insulation/000.png,1,cut_outer_insulation,0.98190683
cable,C_real_defects,cable/test/cut_outer_insulation/001.png,1,cut_outer_insulation,0.98604673
cable,C_real_defects,cable/test/cut_outer_insulation/003.png,1,cut_outer_insulation,0.917481
cable,C_real_defects,cable/test/cut_outer_insulation/004.png,1,cut_outer_insulation,0.66592705
cable,C_real_defects,cable/test/cut_outer_insulation/009.png,1,cut_outer_insulation,0.83079296
cable,C_real_defects,cable/test/missing_cable/000.png,1,missing_cable,0.99853945
cable,C_real_defects,cable/test/missing_cable/001.png,1,missing_cable,0.99094313
cable,C_real_defects,cable/test/missing_cable/005.png,1,missing_cable,0.9997054
cable,C_real_defects,cable/test/missing_cable/007.png,1,missing_cable,0.9999472
cable,C_real_defects,cable/test/missing_cable/009.png,1,missing_cable,0.9999969
cable,C_real_defects,cable/test/missing_cable/010.png,1,missing_cable,0.9989833
cable,C_real_defects,cable/test/missing_wire/004.png,1,missing_wire,0.99999917
cable,C_real_defects,cable/test/missing_wire/005.png,1,missing_wire,0.9986719
cable,C_real_defects,cable/test/missing_wire/006.png,1,missing_wire,0.9896622
cable,C_real_defects,cable/test/missing_wire/007.png,1,missing_wire,0.78534365
cable,C_real_defects,cable/test/missing_wire/009.png,1,missing_wire,0.99055874
cable,C_real_defects,cable/test/poke_insulation/001.png,1,poke_insulation,0.99383175
cable,C_real_defects,cable/test/poke_insulation/002.png,1,poke_insulation,0.53160554
cable,C_real_defects,cable/test/poke_insulation/003.png,1,poke_insulation,0.9322157
cable,C_real_defects,cable/test/poke_insulation/006.png,1,poke_insulation,0.98135155
cable,C_real_defects,cable/test/poke_insulation/008.png,1,poke_insulation,0.99985135
capsule,C_real_defects,capsule/test/good/000.png,0,good,0.06350669
capsule,C_real_defects,capsule/test/good/001.png,0,good,0.0052388143
capsule,C_real_defects,capsule/test/good/002.png,0,good,0.03413226
capsule,C_real_defects,capsule/test/good/003.png,0,good,0.014188497
capsule,C_real_defects,capsule/test/good/004.png,0,good,0.041574426
capsule,C_real_defects,capsule/test/good/005.png,0,good,0.013944167
capsule,C_real_defects,capsule/test/good/006.png,0,good,0.68010044
capsule,C_real_defects,capsule/test/good/007.png,0,good,0.07005109
capsule,C_real_defects,capsule/test/good/008.png,0,good,0.036750052
capsule,C_real_defects,capsule/test/good/009.png,0,good,0.013715693
capsule,C_real_defects,capsule/test/good/010.png,0,good,0.058057882
capsule,C_real_defects,capsule/test/good/011.png,0,good,0.07508879
capsule,C_real_defects,capsule/test/good/012.png,0,good,0.10932638
capsule,C_real_defects,capsule/test/good/013.png,0,good,0.11235122
capsule,C_real_defects,capsule/test/good/014.png,0,good,0.06918145
capsule,C_real_defects,capsule/test/good/015.png,0,good,0.054786347
capsule,C_real_defects,capsule/test/good/016.png,0,good,0.019458426
capsule,C_real_defects,capsule/test/good/017.png,0,good,0.009393756
capsule,C_real_defects,capsule/test/good/018.png,0,good,0.025993383
capsule,C_real_defects,capsule/test/good/019.png,0,good,0.023421744
capsule,C_real_defects,capsule/test/good/020.png,0,good,0.011909388
capsule,C_real_defects,capsule/test/good/021.png,0,good,0.03018803
capsule,C_real_defects,capsule/test/good/022.png,0,good,0.010837315
capsule,C_real_defects,capsule/test/crack/001.png,1,crack,0.993583
capsule,C_real_defects,capsule/test/crack/002.png,1,crack,0.8617154
capsule,C_real_defects,capsule/test/crack/005.png,1,crack,0.89206207
capsule,C_real_defects,capsule/test/crack/008.png,1,crack,0.98896676
capsule,C_real_defects,capsule/test/crack/009.png,1,crack,0.98956305
capsule,C_real_defects,capsule/test/crack/010.png,1,crack,0.99654216
capsule,C_real_defects,capsule/test/crack/014.png,1,crack,0.83856463
capsule,C_real_defects,capsule/test/crack/015.png,1,crack,0.99723524
capsule,C_real_defects,capsule/test/crack/016.png,1,crack,0.14487837
capsule,C_real_defects,capsule/test/crack/017.png,1,crack,0.9982509
capsule,C_real_defects,capsule/test/crack/018.png,1,crack,0.99053776
capsule,C_real_defects,capsule/test/faulty_imprint/001.png,1,faulty_imprint,0.42883214
capsule,C_real_defects,capsule/test/faulty_imprint/002.png,1,faulty_imprint,0.9043702
capsule,C_real_defects,capsule/test/faulty_imprint/004.png,1,faulty_imprint,0.9894559
capsule,C_real_defects,capsule/test/faulty_imprint/006.png,1,faulty_imprint,0.10931364
capsule,C_real_defects,capsule/test/faulty_imprint/011.png,1,faulty_imprint,0.7638475
capsule,C_real_defects,capsule/test/faulty_imprint/013.png,1,faulty_imprint,0.9922536
capsule,C_real_defects,capsule/test/faulty_imprint/015.png,1,faulty_imprint,0.7168368
capsule,C_real_defects,capsule/test/faulty_imprint/016.png,1,faulty_imprint,0.9933189
capsule,C_real_defects,capsule/test/faulty_imprint/017.png,1,faulty_imprint,0.9909937
capsule,C_real_defects,capsule/test/faulty_imprint/018.png,1,faulty_imprint,0.9923822
capsule,C_real_defects,capsule/test/faulty_imprint/020.png,1,faulty_imprint,0.9050417
capsule,C_real_defects,capsule/test/poke/001.png,1,poke,0.363337
capsule,C_real_defects,capsule/test/poke/003.png,1,poke,0.63326746
capsule,C_real_defects,capsule/test/poke/004.png,1,poke,0.99623966
capsule,C_real_defects,capsule/test/poke/005.png,1,poke,0.44840565
capsule,C_real_defects,capsule/test/poke/009.png,1,poke,0.68576217
capsule,C_real_defects,capsule/test/poke/010.png,1,poke,0.94491416
capsule,C_real_defects,capsule/test/poke/011.png,1,poke,0.99291986
capsule,C_real_defects,capsule/test/poke/014.png,1,poke,0.9859227
capsule,C_real_defects,capsule/test/poke/015.png,1,poke,0.9964211
capsule,C_real_defects,capsule/test/poke/016.png,1,poke,0.9792068
capsule,C_real_defects,capsule/test/poke/017.png,1,poke,0.9693755
capsule,C_real_defects,capsule/test/scratch/000.png,1,scratch,0.5269097
capsule,C_real_defects,capsule/test/scratch/003.png,1,scratch,0.6494879
capsule,C_real_defects,capsule/test/scratch/004.png,1,scratch,0.84027743
capsule,C_real_defects,capsule/test/scratch/007.png,1,scratch,0.9711028
capsule,C_real_defects,capsule/test/scratch/008.png,1,scratch,0.99353045
capsule,C_real_defects,capsule/test/scratch/009.png,1,scratch,0.8705022
capsule,C_real_defects,capsule/test/scratch/011.png,1,scratch,0.7310438
capsule,C_real_defects,capsule/test/scratch/017.png,1,scratch,0.551709
capsule,C_real_defects,capsule/test/scratch/018.png,1,scratch,0.71192575
capsule,C_real_defects,capsule/test/scratch/019.png,1,scratch,0.99051875
capsule,C_real_defects,capsule/test/scratch/020.png,1,scratch,0.6356452
capsule,C_real_defects,capsule/test/squeeze/000.png,1,squeeze,0.9983348
capsule,C_real_defects,capsule/test/squeeze/001.png,1,squeeze,0.99739563
capsule,C_real_defects,capsule/test/squeeze/002.png,1,squeeze,0.7899022
capsule,C_real_defects,capsule/test/squeeze/003.png,1,squeeze,0.71813005
capsule,C_real_defects,capsule/test/squeeze/004.png,1,squeeze,0.44374746
capsule,C_real_defects,capsule/test/squeeze/009.png,1,squeeze,0.79824394
capsule,C_real_defects,capsule/test/squeeze/010.png,1,squeeze,0.87106746
capsule,C_real_defects,capsule/test/squeeze/012.png,1,squeeze,0.6721372
capsule,C_real_defects,capsule/test/squeeze/014.png,1,squeeze,0.9995828
capsule,C_real_defects,capsule/test/squeeze/016.png,1,squeeze,0.9897914
carpet,C_real_defects,carpet/test/good/000.png,0,good,0.38716626
carpet,C_real_defects,carpet/test/good/001.png,0,good,0.7410134
carpet,C_real_defects,carpet/test/good/002.png,0,good,0.98168945
carpet,C_real_defects,carpet/test/good/003.png,0,good,0.98798615
carpet,C_real_defects,carpet/test/good/004.png,0,good,0.93478495
carpet,C_real_defects,carpet/test/good/005.png,0,good,0.931429
carpet,C_real_defects,carpet/test/good/006.png,0,good,0.98228616
carpet,C_real_defects,carpet/test/good/007.png,0,good,0.9882373
carpet,C_real_defects,carpet/test/good/008.png,0,good,0.9664665
carpet,C_real_defects,carpet/test/good/009.png,0,good,0.9969091
carpet,C_real_defects,carpet/test/good/010.png,0,good,0.5199171
carpet,C_real_defects,carpet/test/good/011.png,0,good,0.47054783
carpet,C_real_defects,carpet/test/good/012.png,0,good,0.9733666
carpet,C_real_defects,carpet/test/good/013.png,0,good,0.91444945
carpet,C_real_defects,carpet/test/good/014.png,0,good,0.9955591
carpet,C_real_defects,carpet/test/good/015.png,0,good,0.9783986
carpet,C_real_defects,carpet/test/good/016.png,0,good,0.8149875
carpet,C_real_defects,carpet/test/good/017.png,0,good,0.27519023
carpet,C_real_defects,carpet/test/good/018.png,0,good,0.28595144
carpet,C_real_defects,carpet/test/good/019.png,0,good,0.5384771
carpet,C_real_defects,carpet/test/good/020.png,0,good,0.2534857
carpet,C_real_defects,carpet/test/good/021.png,0,good,0.5137331
carpet,C_real_defects,carpet/test/good/022.png,0,good,0.3175011
carpet,C_real_defects,carpet/test/good/023.png,0,good,0.3886839
carpet,C_real_defects,carpet/test/good/024.png,0,good,0.19808161
carpet,C_real_defects,carpet/test/good/025.png,0,good,0.41516784
carpet,C_real_defects,carpet/test/good/026.png,0,good,0.2875737
carpet,C_real_defects,carpet/test/good/027.png,0,good,0.44912577
carpet,C_real_defects,carpet/test/color/001.png,1,color,0.9998049
carpet,C_real_defects,carpet/test/color/002.png,1,color,0.99978167
carpet,C_real_defects,carpet/test/color/004.png,1,color,0.99908316
carpet,C_real_defects,carpet/test/color/005.png,1,color,0.9978422
carpet,C_real_defects,carpet/test/color/008.png,1,color,0.99955755
carpet,C_real_defects,carpet/test/color/009.png,1,color,0.9719616
carpet,C_real_defects,carpet/test/color/012.png,1,color,0.99990845
carpet,C_real_defects,carpet/test/color/014.png,1,color,0.62174904
carpet,C_real_defects,carpet/test/color/016.png,1,color,0.9998373
carpet,C_real_defects,carpet/test/cut/000.png,1,cut,0.9976603
carpet,C_real_defects,carpet/test/cut/001.png,1,cut,0.997015
carpet,C_real_defects,carpet/test/cut/004.png,1,cut,0.9968901
carpet,C_real_defects,carpet/test/cut/006.png,1,cut,0.99916434
carpet,C_real_defects,carpet/test/cut/008.png,1,cut,0.9401789
carpet,C_real_defects,carpet/test/cut/009.png,1,cut,0.9994999
carpet,C_real_defects,carpet/test/cut/010.png,1,cut,0.99960774
carpet,C_real_defects,carpet/test/cut/015.png,1,cut,0.99878305
carpet,C_real_defects,carpet/test/cut/016.png,1,cut,0.9859088
carpet,C_real_defects,carpet/test/hole/001.png,1,hole,0.9980228
carpet,C_real_defects,carpet/test/hole/002.png,1,hole,0.9373534
carpet,C_real_defects,carpet/test/hole/004.png,1,hole,0.99937147
carpet,C_real_defects,carpet/test/hole/005.png,1,hole,0.99994123
carpet,C_real_defects,carpet/test/hole/007.png,1,hole,0.9991478
carpet,C_real_defects,carpet/test/hole/011.png,1,hole,0.9997942
carpet,C_real_defects,carpet/test/hole/012.png,1,hole,0.9886389
carpet,C_real_defects,carpet/test/hole/014.png,1,hole,0.9998714
carpet,C_real_defects,carpet/test/hole/015.png,1,hole,0.9998995
carpet,C_real_defects,carpet/test/metal_contamination/000.png,1,metal_contamination,0.9858414
carpet,C_real_defects,carpet/test/metal_contamination/002.png,1,metal_contamination,0.96222544
carpet,C_real_defects,carpet/test/metal_contamination/003.png,1,metal_contamination,0.9995011
carpet,C_real_defects,carpet/test/metal_contamination/004.png,1,metal_contamination,0.9994848
carpet,C_real_defects,carpet/test/metal_contamination/006.png,1,metal_contamination,0.9993067
carpet,C_real_defects,carpet/test/metal_contamination/007.png,1,metal_contamination,0.9999826
carpet,C_real_defects,carpet/test/metal_contamination/010.png,1,metal_contamination,0.999845
carpet,C_real_defects,carpet/test/metal_contamination/014.png,1,metal_contamination,0.9437673
carpet,C_real_defects,carpet/test/metal_contamination/015.png,1,metal_contamination,0.9970796
carpet,C_real_defects,carpet/test/thread/002.png,1,thread,0.9954146
carpet,C_real_defects,carpet/test/thread/004.png,1,thread,0.99618125
carpet,C_real_defects,carpet/test/thread/005.png,1,thread,0.9999583
carpet,C_real_defects,carpet/test/thread/008.png,1,thread,0.99961984
carpet,C_real_defects,carpet/test/thread/009.png,1,thread,0.9952933
carpet,C_real_defects,carpet/test/thread/011.png,1,thread,0.9997048
carpet,C_real_defects,carpet/test/thread/012.png,1,thread,0.9993837
carpet,C_real_defects,carpet/test/thread/014.png,1,thread,0.97090155
carpet,C_real_defects,carpet/test/thread/015.png,1,thread,0.87455136
grid,C_real_defects,grid/test/good/000.png,0,good,0.10170035
grid,C_real_defects,grid/test/good/001.png,0,good,0.09387892
grid,C_real_defects,grid/test/good/002.png,0,good,0.09723709
grid,C_real_defects,grid/test/good/003.png,0,good,0.072004855
grid,C_real_defects,grid/test/good/004.png,0,good,0.06141846
grid,C_real_defects,grid/test/good/005.png,0,good,0.43354568
grid,C_real_defects,grid/test/good/006.png,0,good,0.6545858
grid,C_real_defects,grid/test/good/007.png,0,good,0.087674275
grid,C_real_defects,grid/test/good/008.png,0,good,0.49253833
grid,C_real_defects,grid/test/good/009.png,0,good,0.09666293
grid,C_real_defects,grid/test/good/010.png,0,good,0.09419875
grid,C_real_defects,grid/test/good/011.png,0,good,0.08335921
grid,C_real_defects,grid/test/good/012.png,0,good,0.13087402
grid,C_real_defects,grid/test/good/013.png,0,good,0.073987484
grid,C_real_defects,grid/test/good/014.png,0,good,0.10327085
grid,C_real_defects,grid/test/good/015.png,0,good,0.050115928
grid,C_real_defects,grid/test/good/016.png,0,good,0.050555784
grid,C_real_defects,grid/test/good/017.png,0,good,0.053055666
grid,C_real_defects,grid/test/good/018.png,0,good,0.07727844
grid,C_real_defects,grid/test/good/019.png,0,good,0.05135861
grid,C_real_defects,grid/test/good/020.png,0,good,0.4417576
grid,C_real_defects,grid/test/bent/000.png,1,bent,0.9999337
grid,C_real_defects,grid/test/bent/005.png,1,bent,0.999793
grid,C_real_defects,grid/test/bent/007.png,1,bent,0.9967133
grid,C_real_defects,grid/test/bent/008.png,1,bent,0.996736
grid,C_real_defects,grid/test/bent/009.png,1,bent,0.9986675
grid,C_real_defects,grid/test/bent/011.png,1,bent,0.99991333
grid,C_real_defects,grid/test/broken/001.png,1,broken,0.9999653
grid,C_real_defects,grid/test/broken/003.png,1,broken,0.99999917
grid,C_real_defects,grid/test/broken/004.png,1,broken,0.9999739
grid,C_real_defects,grid/test/broken/005.png,1,broken,0.9999976
grid,C_real_defects,grid/test/broken/006.png,1,broken,0.9993389
grid,C_real_defects,grid/test/broken/011.png,1,broken,0.99939525
grid,C_real_defects,grid/test/glue/001.png,1,glue,0.3546446
grid,C_real_defects,grid/test/glue/003.png,1,glue,0.83305
grid,C_real_defects,grid/test/glue/005.png,1,glue,0.9997178
grid,C_real_defects,grid/test/glue/008.png,1,glue,0.18909872
grid,C_real_defects,grid/test/glue/010.png,1,glue,0.9993906
grid,C_real_defects,grid/test/metal_contamination/000.png,1,metal_contamination,0.999765
grid,C_real_defects,grid/test/metal_contamination/001.png,1,metal_contamination,0.9966002
grid,C_real_defects,grid/test/metal_contamination/003.png,1,metal_contamination,0.99999464
grid,C_real_defects,grid/test/metal_contamination/009.png,1,metal_contamination,0.99857926
grid,C_real_defects,grid/test/metal_contamination/010.png,1,metal_contamination,0.9978161
grid,C_real_defects,grid/test/thread/002.png,1,thread,0.15531135
grid,C_real_defects,grid/test/thread/003.png,1,thread,0.1017693
grid,C_real_defects,grid/test/thread/004.png,1,thread,0.9423841
grid,C_real_defects,grid/test/thread/007.png,1,thread,0.5293355
grid,C_real_defects,grid/test/thread/008.png,1,thread,0.4847401
hazelnut,C_real_defects,hazelnut/test/good/000.png,0,good,0.05036254
hazelnut,C_real_defects,hazelnut/test/good/001.png,0,good,0.112714544
hazelnut,C_real_defects,hazelnut/test/good/002.png,0,good,0.032792743
hazelnut,C_real_defects,hazelnut/test/good/003.png,0,good,0.057436667
hazelnut,C_real_defects,hazelnut/test/good/004.png,0,good,0.013040636
hazelnut,C_real_defects,hazelnut/test/good/005.png,0,good,0.2876711
hazelnut,C_real_defects,hazelnut/test/good/006.png,0,good,0.107576795
hazelnut,C_real_defects,hazelnut/test/good/007.png,0,good,0.017326575
hazelnut,C_real_defects,hazelnut/test/good/008.png,0,good,0.15904686
hazelnut,C_real_defects,hazelnut/test/good/009.png,0,good,0.067475855
hazelnut,C_real_defects,hazelnut/test/good/010.png,0,good,0.056253925
hazelnut,C_real_defects,hazelnut/test/good/011.png,0,good,0.03413742
hazelnut,C_real_defects,hazelnut/test/good/012.png,0,good,0.05843692
hazelnut,C_real_defects,hazelnut/test/good/013.png,0,good,0.1833018
hazelnut,C_real_defects,hazelnut/test/good/014.png,0,good,0.07784235
hazelnut,C_real_defects,hazelnut/test/good/015.png,0,good,0.030036375
hazelnut,C_real_defects,hazelnut/test/good/016.png,0,good,0.01874296
hazelnut,C_real_defects,hazelnut/test/good/017.png,0,good,0.024032418
hazelnut,C_real_defects,hazelnut/test/good/018.png,0,good,0.061405957
hazelnut,C_real_defects,hazelnut/test/good/019.png,0,good,0.022098096
hazelnut,C_real_defects,hazelnut/test/good/020.png,0,good,0.07866273
hazelnut,C_real_defects,hazelnut/test/good/021.png,0,good,0.01943588
hazelnut,C_real_defects,hazelnut/test/good/022.png,0,good,0.046175454
hazelnut,C_real_defects,hazelnut/test/good/023.png,0,good,0.018952694
hazelnut,C_real_defects,hazelnut/test/good/024.png,0,good,0.018324684
hazelnut,C_real_defects,hazelnut/test/good/025.png,0,good,0.030650118
hazelnut,C_real_defects,hazelnut/test/good/026.png,0,good,0.41147467
hazelnut,C_real_defects,hazelnut/test/good/027.png,0,good,0.0227018
hazelnut,C_real_defects,hazelnut/test/good/028.png,0,good,0.039197825
hazelnut,C_real_defects,hazelnut/test/good/029.png,0,good,0.038823377
hazelnut,C_real_defects,hazelnut/test/good/030.png,0,good,0.12533885
hazelnut,C_real_defects,hazelnut/test/good/031.png,0,good,0.043976735
hazelnut,C_real_defects,hazelnut/test/good/032.png,0,good,0.03219378
hazelnut,C_real_defects,hazelnut/test/good/033.png,0,good,0.6596791
hazelnut,C_real_defects,hazelnut/test/good/034.png,0,good,0.026847221
hazelnut,C_real_defects,hazelnut/test/good/035.png,0,good,0.028183103
hazelnut,C_real_defects,hazelnut/test/good/036.png,0,good,0.06054341
hazelnut,C_real_defects,hazelnut/test/good/037.png,0,good,0.060813572
hazelnut,C_real_defects,hazelnut/test/good/038.png,0,good,0.018540159
hazelnut,C_real_defects,hazelnut/test/good/039.png,0,good,0.013738955
hazelnut,C_real_defects,hazelnut/test/crack/002.png,1,crack,0.99996865
hazelnut,C_real_defects,hazelnut/test/crack/003.png,1,crack,0.99998796
hazelnut,C_real_defects,hazelnut/test/crack/005.png,1,crack,0.99999917
hazelnut,C_real_defects,hazelnut/test/crack/009.png,1,crack,0.99997616
hazelnut,C_real_defects,hazelnut/test/crack/011.png,1,crack,0.99705577
hazelnut,C_real_defects,hazelnut/test/crack/013.png,1,crack,0.99965096
hazelnut,C_real_defects,hazelnut/test/crack/014.png,1,crack,0.9999558
hazelnut,C_real_defects,hazelnut/test/crack/015.png,1,crack,0.99997187
hazelnut,C_real_defects,hazelnut/test/crack/017.png,1,crack,0.99977344
hazelnut,C_real_defects,hazelnut/test/cut/000.png,1,cut,0.9912956
hazelnut,C_real_defects,hazelnut/test/cut/001.png,1,cut,0.99904865
hazelnut,C_real_defects,hazelnut/test/cut/004.png,1,cut,0.9999864
hazelnut,C_real_defects,hazelnut/test/cut/006.png,1,cut,0.9989511
hazelnut,C_real_defects,hazelnut/test/cut/007.png,1,cut,0.9996803
hazelnut,C_real_defects,hazelnut/test/cut/008.png,1,cut,0.9989716
hazelnut,C_real_defects,hazelnut/test/cut/013.png,1,cut,0.9992557
hazelnut,C_real_defects,hazelnut/test/cut/014.png,1,cut,0.99908686
hazelnut,C_real_defects,hazelnut/test/cut/016.png,1,cut,0.9999621
hazelnut,C_real_defects,hazelnut/test/hole/000.png,1,hole,0.9996624
hazelnut,C_real_defects,hazelnut/test/hole/001.png,1,hole,0.9998129
hazelnut,C_real_defects,hazelnut/test/hole/004.png,1,hole,0.99990165
hazelnut,C_real_defects,hazelnut/test/hole/009.png,1,hole,0.9998555
hazelnut,C_real_defects,hazelnut/test/hole/011.png,1,hole,0.9999578
hazelnut,C_real_defects,hazelnut/test/hole/012.png,1,hole,0.99989676
hazelnut,C_real_defects,hazelnut/test/hole/013.png,1,hole,0.99997354
hazelnut,C_real_defects,hazelnut/test/hole/014.png,1,hole,0.9998982
hazelnut,C_real_defects,hazelnut/test/hole/017.png,1,hole,0.9998698
hazelnut,C_real_defects,hazelnut/test/print/001.png,1,print,0.9747116
hazelnut,C_real_defects,hazelnut/test/print/004.png,1,print,0.99599046
hazelnut,C_real_defects,hazelnut/test/print/005.png,1,print,0.98186696
hazelnut,C_real_defects,hazelnut/test/print/009.png,1,print,0.96824396
hazelnut,C_real_defects,hazelnut/test/print/010.png,1,print,0.9999342
hazelnut,C_real_defects,hazelnut/test/print/011.png,1,print,0.9971643
hazelnut,C_real_defects,hazelnut/test/print/014.png,1,print,0.9939564
hazelnut,C_real_defects,hazelnut/test/print/015.png,1,print,0.9287642
hazelnut,C_real_defects,hazelnut/test/print/016.png,1,print,0.9985682
leather,C_real_defects,leather/test/good/000.png,0,good,0.69349617
leather,C_real_defects,leather/test/good/001.png,0,good,0.95094025
leather,C_real_defects,leather/test/good/002.png,0,good,0.7463003
leather,C_real_defects,leather/test/good/003.png,0,good,0.9016935
leather,C_real_defects,leather/test/good/004.png,0,good,0.87928957
leather,C_real_defects,leather/test/good/005.png,0,good,0.39030382
leather,C_real_defects,leather/test/good/006.png,0,good,0.7082137
leather,C_real_defects,leather/test/good/007.png,0,good,0.7263126
leather,C_real_defects,leather/test/good/008.png,0,good,0.5975819
leather,C_real_defects,leather/test/good/009.png,0,good,0.28110546
leather,C_real_defects,leather/test/good/010.png,0,good,0.817652
leather,C_real_defects,leather/test/good/011.png,0,good,0.8481069
leather,C_real_defects,leather/test/good/012.png,0,good,0.8537129
leather,C_real_defects,leather/test/good/013.png,0,good,0.82215035
leather,C_real_defects,leather/test/good/014.png,0,good,0.18744266
leather,C_real_defects,leather/test/good/015.png,0,good,0.3690209
leather,C_real_defects,leather/test/good/016.png,0,good,0.46603388
leather,C_real_defects,leather/test/good/017.png,0,good,0.3608525
leather,C_real_defects,leather/test/good/018.png,0,good,0.2146474
leather,C_real_defects,leather/test/good/019.png,0,good,0.23959906
leather,C_real_defects,leather/test/good/020.png,0,good,0.24254861
leather,C_real_defects,leather/test/good/021.png,0,good,0.5118528
leather,C_real_defects,leather/test/good/022.png,0,good,0.39908782
leather,C_real_defects,leather/test/good/023.png,0,good,0.48903862
leather,C_real_defects,leather/test/good/024.png,0,good,0.36853936
leather,C_real_defects,leather/test/good/025.png,0,good,0.46344182
leather,C_real_defects,leather/test/good/026.png,0,good,0.7430002
leather,C_real_defects,leather/test/good/027.png,0,good,0.782835
leather,C_real_defects,leather/test/good/028.png,0,good,0.31489748
leather,C_real_defects,leather/test/good/029.png,0,good,0.805079
leather,C_real_defects,leather/test/good/030.png,0,good,0.85898167
leather,C_real_defects,leather/test/good/031.png,0,good,0.6145131
leather,C_real_defects,leather/test/color/001.png,1,color,0.9999968
leather,C_real_defects,leather/test/color/005.png,1,color,0.9999771
leather,C_real_defects,leather/test/color/007.png,1,color,0.99998486
leather,C_real_defects,leather/test/color/008.png,1,color,0.9993492
leather,C_real_defects,leather/test/color/009.png,1,color,0.9998549
leather,C_real_defects,leather/test/color/011.png,1,color,0.99999356
leather,C_real_defects,leather/test/color/012.png,1,color,0.9999907
leather,C_real_defects,leather/test/color/014.png,1,color,0.99958843
leather,C_real_defects,leather/test/color/015.png,1,color,0.999998
leather,C_real_defects,leather/test/cut/002.png,1,cut,0.99997365
leather,C_real_defects,leather/test/cut/004.png,1,cut,1.0
leather,C_real_defects,leather/test/cut/005.png,1,cut,0.99957067
leather,C_real_defects,leather/test/cut/008.png,1,cut,0.9999417
leather,C_real_defects,leather/test/cut/010.png,1,cut,0.9981914
leather,C_real_defects,leather/test/cut/012.png,1,cut,0.99975175
leather,C_real_defects,leather/test/cut/013.png,1,cut,0.9992292
leather,C_real_defects,leather/test/cut/016.png,1,cut,0.9997143
leather,C_real_defects,leather/test/cut/017.png,1,cut,0.9998043
leather,C_real_defects,leather/test/fold/000.png,1,fold,0.9999739
leather,C_real_defects,leather/test/fold/005.png,1,fold,0.9994266
leather,C_real_defects,leather/test/fold/006.png,1,fold,0.9990056
leather,C_real_defects,leather/test/fold/007.png,1,fold,0.999998
leather,C_real_defects,leather/test/fold/010.png,1,fold,0.99903655
leather,C_real_defects,leather/test/fold/012.png,1,fold,0.9999974
leather,C_real_defects,leather/test/fold/014.png,1,fold,0.9999956
leather,C_real_defects,leather/test/fold/015.png,1,fold,0.999998
leather,C_real_defects,leather/test/fold/016.png,1,fold,0.9999906
leather,C_real_defects,leather/test/glue/000.png,1,glue,0.99992883
leather,C_real_defects,leather/test/glue/001.png,1,glue,0.99996614
leather,C_real_defects,leather/test/glue/002.png,1,glue,0.99971026
leather,C_real_defects,leather/test/glue/005.png,1,glue,0.9999869
leather,C_real_defects,leather/test/glue/008.png,1,glue,0.9999999
leather,C_real_defects,leather/test/glue/009.png,1,glue,0.999161
leather,C_real_defects,leather/test/glue/015.png,1,glue,0.9999975
leather,C_real_defects,leather/test/glue/016.png,1,glue,0.99998355
leather,C_real_defects,leather/test/glue/017.png,1,glue,0.99988616
leather,C_real_defects,leather/test/poke/001.png,1,poke,0.9965905
leather,C_real_defects,leather/test/poke/002.png,1,poke,0.9999877
leather,C_real_defects,leather/test/poke/005.png,1,poke,0.9999907
leather,C_real_defects,leather/test/poke/007.png,1,poke,0.99999523
leather,C_real_defects,leather/test/poke/010.png,1,poke,0.99993575
leather,C_real_defects,leather/test/poke/011.png,1,poke,0.9992799
leather,C_real_defects,leather/test/poke/012.png,1,poke,0.99999464
leather,C_real_defects,leather/test/poke/014.png,1,poke,0.99999654
leather,C_real_defects,leather/test/poke/016.png,1,poke,0.9999852
metal_nut,C_real_defects,metal_nut/test/good/000.png,0,good,0.1269569
metal_nut,C_real_defects,metal_nut/test/good/001.png,0,good,0.07039955
metal_nut,C_real_defects,metal_nut/test/good/002.png,0,good,0.116082594
metal_nut,C_real_defects,metal_nut/test/good/003.png,0,good,0.1321334
metal_nut,C_real_defects,metal_nut/test/good/004.png,0,good,0.046867006
metal_nut,C_real_defects,metal_nut/test/good/005.png,0,good,0.25180605
metal_nut,C_real_defects,metal_nut/test/good/006.png,0,good,0.11004676
metal_nut,C_real_defects,metal_nut/test/good/007.png,0,good,0.073000796
metal_nut,C_real_defects,metal_nut/test/good/008.png,0,good,0.09998374
metal_nut,C_real_defects,metal_nut/test/good/009.png,0,good,0.054968692
metal_nut,C_real_defects,metal_nut/test/good/010.png,0,good,0.050992034
metal_nut,C_real_defects,metal_nut/test/good/011.png,0,good,0.08407
metal_nut,C_real_defects,metal_nut/test/good/012.png,0,good,0.3843093
metal_nut,C_real_defects,metal_nut/test/good/013.png,0,good,0.05436217
metal_nut,C_real_defects,metal_nut/test/good/014.png,0,good,0.057302393
metal_nut,C_real_defects,metal_nut/test/good/015.png,0,good,0.067085624
metal_nut,C_real_defects,metal_nut/test/good/016.png,0,good,0.088103116
metal_nut,C_real_defects,metal_nut/test/good/017.png,0,good,0.04929496
metal_nut,C_real_defects,metal_nut/test/good/018.png,0,good,0.029891573
metal_nut,C_real_defects,metal_nut/test/good/019.png,0,good,0.063948125
metal_nut,C_real_defects,metal_nut/test/good/020.png,0,good,0.050142936
metal_nut,C_real_defects,metal_nut/test/good/021.png,0,good,0.15579449
metal_nut,C_real_defects,metal_nut/test/bent/001.png,1,bent,0.7628886
metal_nut,C_real_defects,metal_nut/test/bent/002.png,1,bent,0.981106
metal_nut,C_real_defects,metal_nut/test/bent/006.png,1,bent,0.6585433
metal_nut,C_real_defects,metal_nut/test/bent/010.png,1,bent,0.9978599
metal_nut,C_real_defects,metal_nut/test/bent/011.png,1,bent,0.9303517
metal_nut,C_real_defects,metal_nut/test/bent/012.png,1,bent,0.98286474
metal_nut,C_real_defects,metal_nut/test/bent/013.png,1,bent,0.99934465
metal_nut,C_real_defects,metal_nut/test/bent/014.png,1,bent,0.54986405
metal_nut,C_real_defects,metal_nut/test/bent/018.png,1,bent,0.998978
metal_nut,C_real_defects,metal_nut/test/bent/019.png,1,bent,0.84934205
metal_nut,C_real_defects,metal_nut/test/bent/022.png,1,bent,0.99429744
metal_nut,C_real_defects,metal_nut/test/bent/023.png,1,bent,0.9336238
metal_nut,C_real_defects,metal_nut/test/bent/024.png,1,bent,0.9994061
metal_nut,C_real_defects,metal_nut/test/color/000.png,1,color,0.9975375
metal_nut,C_real_defects,metal_nut/test/color/001.png,1,color,0.99435306
metal_nut,C_real_defects,metal_nut/test/color/002.png,1,color,0.7544674
metal_nut,C_real_defects,metal_nut/test/color/003.png,1,color,0.9991417
metal_nut,C_real_defects,metal_nut/test/color/005.png,1,color,0.20542695
metal_nut,C_real_defects,metal_nut/test/color/007.png,1,color,0.99967337
metal_nut,C_real_defects,metal_nut/test/color/010.png,1,color,0.9941164
metal_nut,C_real_defects,metal_nut/test/color/012.png,1,color,0.98679465
metal_nut,C_real_defects,metal_nut/test/color/013.png,1,color,0.9997328
metal_nut,C_real_defects,metal_nut/test/color/016.png,1,color,0.9995146
metal_nut,C_real_defects,metal_nut/test/color/020.png,1,color,0.9815671
metal_nut,C_real_defects,metal_nut/test/flip/001.png,1,flip,0.999052
metal_nut,C_real_defects,metal_nut/test/flip/002.png,1,flip,0.9982546
metal_nut,C_real_defects,metal_nut/test/flip/006.png,1,flip,0.99998116
metal_nut,C_real_defects,metal_nut/test/flip/008.png,1,flip,0.9753955
metal_nut,C_real_defects,metal_nut/test/flip/009.png,1,flip,0.9992766
metal_nut,C_real_defects,metal_nut/test/flip/010.png,1,flip,0.99981064
metal_nut,C_real_defects,metal_nut/test/flip/013.png,1,flip,0.9998609
metal_nut,C_real_defects,metal_nut/test/flip/014.png,1,flip,0.9902519
metal_nut,C_real_defects,metal_nut/test/flip/015.png,1,flip,0.9899206
metal_nut,C_real_defects,metal_nut/test/flip/019.png,1,flip,0.99954295
metal_nut,C_real_defects,metal_nut/test/flip/022.png,1,flip,0.9999776
metal_nut,C_real_defects,metal_nut/test/scratch/001.png,1,scratch,0.9984559
metal_nut,C_real_defects,metal_nut/test/scratch/002.png,1,scratch,0.9998472
metal_nut,C_real_defects,metal_nut/test/scratch/003.png,1,scratch,0.9361091
metal_nut,C_real_defects,metal_nut/test/scratch/004.png,1,scratch,0.98126465
metal_nut,C_real_defects,metal_nut/test/scratch/005.png,1,scratch,0.9230265
metal_nut,C_real_defects,metal_nut/test/scratch/007.png,1,scratch,0.99997365
metal_nut,C_real_defects,metal_nut/test/scratch/008.png,1,scratch,0.9999919
metal_nut,C_real_defects,metal_nut/test/scratch/009.png,1,scratch,0.9997534
metal_nut,C_real_defects,metal_nut/test/scratch/012.png,1,scratch,0.9994747
metal_nut,C_real_defects,metal_nut/test/scratch/018.png,1,scratch,0.99998593
metal_nut,C_real_defects,metal_nut/test/scratch/019.png,1,scratch,0.9955765
pill,C_real_defects,pill/test/good/000.png,0,good,0.06541104
pill,C_real_defects,pill/test/good/001.png,0,good,0.04613107
pill,C_real_defects,pill/test/good/002.png,0,good,0.041053075
pill,C_real_defects,pill/test/good/003.png,0,good,0.14178056
pill,C_real_defects,pill/test/good/004.png,0,good,0.03927165
pill,C_real_defects,pill/test/good/005.png,0,good,0.10964662
pill,C_real_defects,pill/test/good/006.png,0,good,0.064214356
pill,C_real_defects,pill/test/good/007.png,0,good,0.039321296
pill,C_real_defects,pill/test/good/008.png,0,good,0.0463424
pill,C_real_defects,pill/test/good/009.png,0,good,0.039050743
pill,C_real_defects,pill/test/good/010.png,0,good,0.06453378
pill,C_real_defects,pill/test/good/011.png,0,good,0.08935608
pill,C_real_defects,pill/test/good/012.png,0,good,0.1678276
pill,C_real_defects,pill/test/good/013.png,0,good,0.07281372
pill,C_real_defects,pill/test/good/014.png,0,good,0.5586424
pill,C_real_defects,pill/test/good/015.png,0,good,0.062406797
pill,C_real_defects,pill/test/good/016.png,0,good,0.030157775
pill,C_real_defects,pill/test/good/017.png,0,good,0.07764668
pill,C_real_defects,pill/test/good/018.png,0,good,0.13965419
pill,C_real_defects,pill/test/good/019.png,0,good,0.033820096
pill,C_real_defects,pill/test/good/020.png,0,good,0.019351339
pill,C_real_defects,pill/test/good/021.png,0,good,0.019990213
pill,C_real_defects,pill/test/good/022.png,0,good,0.05532864
pill,C_real_defects,pill/test/good/023.png,0,good,0.02163814
pill,C_real_defects,pill/test/good/024.png,0,good,0.99629694
pill,C_real_defects,pill/test/good/025.png,0,good,0.05656139
pill,C_real_defects,pill/test/color/002.png,1,color,0.33775565
pill,C_real_defects,pill/test/color/005.png,1,color,0.9863826
pill,C_real_defects,pill/test/color/007.png,1,color,0.6244021
pill,C_real_defects,pill/test/color/008.png,1,color,0.98522854
pill,C_real_defects,pill/test/color/010.png,1,color,0.19834661
pill,C_real_defects,pill/test/color/011.png,1,color,0.89217913
pill,C_real_defects,pill/test/color/014.png,1,color,0.99304223
pill,C_real_defects,pill/test/color/018.png,1,color,0.99804497
pill,C_real_defects,pill/test/color/019.png,1,color,0.99436116
pill,C_real_defects,pill/test/color/020.png,1,color,0.9250371
pill,C_real_defects,pill/test/color/021.png,1,color,0.9579568
pill,C_real_defects,pill/test/color/022.png,1,color,0.9986765
pill,C_real_defects,pill/test/color/023.png,1,color,0.99885654
pill,C_real_defects,pill/test/combined/001.png,1,combined,0.9999646
pill,C_real_defects,pill/test/combined/004.png,1,combined,0.9999962
pill,C_real_defects,pill/test/combined/006.png,1,combined,0.993204
pill,C_real_defects,pill/test/combined/007.png,1,combined,0.9998202
pill,C_real_defects,pill/test/combined/008.png,1,combined,0.99968517
pill,C_real_defects,pill/test/combined/012.png,1,combined,0.9999354
pill,C_real_defects,pill/test/combined/013.png,1,combined,0.9999925
pill,C_real_defects,pill/test/combined/015.png,1,combined,0.9995504
pill,C_real_defects,pill/test/combined/016.png,1,combined,0.9996517
pill,C_real_defects,pill/test/contamination/000.png,1,contamination,0.97522223
pill,C_real_defects,pill/test/contamination/003.png,1,contamination,0.98363954
pill,C_real_defects,pill/test/contamination/008.png,1,contamination,0.39114258
pill,C_real_defects,pill/test/contamination/009.png,1,contamination,0.30625325
pill,C_real_defects,pill/test/contamination/010.png,1,contamination,0.99124473
pill,C_real_defects,pill/test/contamination/013.png,1,contamination,0.8748949
pill,C_real_defects,pill/test/contamination/014.png,1,contamination,0.9965145
pill,C_real_defects,pill/test/contamination/015.png,1,contamination,0.9989416
pill,C_real_defects,pill/test/contamination/016.png,1,contamination,0.99856573
pill,C_real_defects,pill/test/contamination/017.png,1,contamination,0.9998927
pill,C_real_defects,pill/test/contamination/018.png,1,contamination,0.94061315
pill,C_real_defects,pill/test/crack/003.png,1,crack,0.04445164
pill,C_real_defects,pill/test/crack/004.png,1,crack,0.43619806
pill,C_real_defects,pill/test/crack/005.png,1,crack,0.9975458
pill,C_real_defects,pill/test/crack/007.png,1,crack,0.64389426
pill,C_real_defects,pill/test/crack/011.png,1,crack,0.9999746
pill,C_real_defects,pill/test/crack/013.png,1,crack,0.14788398
pill,C_real_defects,pill/test/crack/015.png,1,crack,0.9735815
pill,C_real_defects,pill/test/crack/016.png,1,crack,0.13594884
pill,C_real_defects,pill/test/crack/017.png,1,crack,0.99911064
pill,C_real_defects,pill/test/crack/018.png,1,crack,0.86335015
pill,C_real_defects,pill/test/crack/020.png,1,crack,0.40423608
pill,C_real_defects,pill/test/crack/023.png,1,crack,0.9790866
pill,C_real_defects,pill/test/crack/024.png,1,crack,0.10279727
pill,C_real_defects,pill/test/faulty_imprint/000.png,1,faulty_imprint,0.45399866
pill,C_real_defects,pill/test/faulty_imprint/001.png,1,faulty_imprint,0.5224368
pill,C_real_defects,pill/test/faulty_imprint/004.png,1,faulty_imprint,0.0720378
pill,C_real_defects,pill/test/faulty_imprint/008.png,1,faulty_imprint,0.78103733
pill,C_real_defects,pill/test/faulty_imprint/009.png,1,faulty_imprint,0.22541504
pill,C_real_defects,pill/test/faulty_imprint/010.png,1,faulty_imprint,0.999703
pill,C_real_defects,pill/test/faulty_imprint/011.png,1,faulty_imprint,0.9838546
pill,C_real_defects,pill/test/faulty_imprint/013.png,1,faulty_imprint,0.45045912
pill,C_real_defects,pill/test/faulty_imprint/017.png,1,faulty_imprint,0.9998795
pill,C_real_defects,pill/test/pill_type/001.png,1,pill_type,0.9633354
pill,C_real_defects,pill/test/pill_type/004.png,1,pill_type,0.99979025
pill,C_real_defects,pill/test/pill_type/005.png,1,pill_type,0.9573252
pill,C_real_defects,pill/test/pill_type/007.png,1,pill_type,0.99806124
pill,C_real_defects,pill/test/pill_type/008.png,1,pill_type,0.9991334
pill,C_real_defects,pill/test/scratch/002.png,1,scratch,0.99524105
pill,C_real_defects,pill/test/scratch/003.png,1,scratch,0.9993469
pill,C_real_defects,pill/test/scratch/004.png,1,scratch,0.7240778
pill,C_real_defects,pill/test/scratch/006.png,1,scratch,0.95006657
pill,C_real_defects,pill/test/scratch/009.png,1,scratch,0.66982603
pill,C_real_defects,pill/test/scratch/012.png,1,scratch,0.97170514
pill,C_real_defects,pill/test/scratch/014.png,1,scratch,0.96255034
pill,C_real_defects,pill/test/scratch/015.png,1,scratch,0.9857588
pill,C_real_defects,pill/test/scratch/016.png,1,scratch,0.398645
pill,C_real_defects,pill/test/scratch/019.png,1,scratch,0.75227135
pill,C_real_defects,pill/test/scratch/020.png,1,scratch,0.6556728
pill,C_real_defects,pill/test/scratch/022.png,1,scratch,0.8358471
screw,C_real_defects,screw/test/good/000.png,0,good,0.09334308
screw,C_real_defects,screw/test/good/001.png,0,good,0.08986187
screw,C_real_defects,screw/test/good/002.png,0,good,0.06950112
screw,C_real_defects,screw/test/good/003.png,0,good,0.04770534
screw,C_real_defects,screw/test/good/004.png,0,good,0.11235224
screw,C_real_defects,screw/test/good/005.png,0,good,0.106020644
screw,C_real_defects,screw/test/good/006.png,0,good,0.21122633
screw,C_real_defects,screw/test/good/007.png,0,good,0.08857597
screw,C_real_defects,screw/test/good/008.png,0,good,0.2575407
screw,C_real_defects,screw/test/good/009.png,0,good,0.15213825
screw,C_real_defects,screw/test/good/010.png,0,good,0.13087781
screw,C_real_defects,screw/test/good/011.png,0,good,0.06959755
screw,C_real_defects,screw/test/good/012.png,0,good,0.03994556
screw,C_real_defects,screw/test/good/013.png,0,good,0.048452098
screw,C_real_defects,screw/test/good/014.png,0,good,0.16549891
screw,C_real_defects,screw/test/good/015.png,0,good,0.08294923
screw,C_real_defects,screw/test/good/016.png,0,good,0.09093242
screw,C_real_defects,screw/test/good/017.png,0,good,0.10594769
screw,C_real_defects,screw/test/good/018.png,0,good,0.083165474
screw,C_real_defects,screw/test/good/019.png,0,good,0.12549783
screw,C_real_defects,screw/test/good/020.png,0,good,0.06628343
screw,C_real_defects,screw/test/good/021.png,0,good,0.057189796
screw,C_real_defects,screw/test/good/022.png,0,good,0.097640716
screw,C_real_defects,screw/test/good/023.png,0,good,0.13631305
screw,C_real_defects,screw/test/good/024.png,0,good,0.09384564
screw,C_real_defects,screw/test/good/025.png,0,good,0.13771038
screw,C_real_defects,screw/test/good/026.png,0,good,0.054986898
screw,C_real_defects,screw/test/good/027.png,0,good,0.11638498
screw,C_real_defects,screw/test/good/028.png,0,good,0.070071466
screw,C_real_defects,screw/test/good/029.png,0,good,0.16770662
screw,C_real_defects,screw/test/good/030.png,0,good,0.049229153
screw,C_real_defects,screw/test/good/031.png,0,good,0.1516275
screw,C_real_defects,screw/test/good/032.png,0,good,0.10484186
screw,C_real_defects,screw/test/good/033.png,0,good,0.07789841
screw,C_real_defects,screw/test/good/034.png,0,good,0.04494965
screw,C_real_defects,screw/test/good/035.png,0,good,0.045639
screw,C_real_defects,screw/test/good/036.png,0,good,0.0519336
screw,C_real_defects,screw/test/good/037.png,0,good,0.35324213
screw,C_real_defects,screw/test/good/038.png,0,good,0.09579549
screw,C_real_defects,screw/test/good/039.png,0,good,0.0795067
screw,C_real_defects,screw/test/good/040.png,0,good,0.085690334
screw,C_real_defects,screw/test/manipulated_front/004.png,1,manipulated_front,0.5761026
screw,C_real_defects,screw/test/manipulated_front/005.png,1,manipulated_front,0.5787938
screw,C_real_defects,screw/test/manipulated_front/006.png,1,manipulated_front,0.96101195
screw,C_real_defects,screw/test/manipulated_front/010.png,1,manipulated_front,0.3958317
screw,C_real_defects,screw/test/manipulated_front/011.png,1,manipulated_front,0.751537
screw,C_real_defects,screw/test/manipulated_front/013.png,1,manipulated_front,0.9927227
screw,C_real_defects,screw/test/manipulated_front/015.png,1,manipulated_front,0.99978405
screw,C_real_defects,screw/test/manipulated_front/016.png,1,manipulated_front,0.53084683
screw,C_real_defects,screw/test/manipulated_front/017.png,1,manipulated_front,0.11997202
screw,C_real_defects,screw/test/manipulated_front/020.png,1,manipulated_front,0.6680449
screw,C_real_defects,screw/test/manipulated_front/021.png,1,manipulated_front,0.68615764
screw,C_real_defects,screw/test/manipulated_front/022.png,1,manipulated_front,0.91901296
screw,C_real_defects,screw/test/scratch_head/000.png,1,scratch_head,0.99915004
screw,C_real_defects,screw/test/scratch_head/001.png,1,scratch_head,0.9998035
screw,C_real_defects,screw/test/scratch_head/002.png,1,scratch_head,0.907543
screw,C_real_defects,screw/test/scratch_head/003.png,1,scratch_head,0.8852036
screw,C_real_defects,screw/test/scratch_head/004.png,1,scratch_head,0.34175313
screw,C_real_defects,screw/test/scratch_head/007.png,1,scratch_head,0.9991033
screw,C_real_defects,screw/test/scratch_head/009.png,1,scratch_head,0.5650136
screw,C_real_defects,screw/test/scratch_head/010.png,1,scratch_head,0.99993753
screw,C_real_defects,screw/test/scratch_head/012.png,1,scratch_head,0.9861309
screw,C_real_defects,screw/test/scratch_head/015.png,1,scratch_head,0.94569844
screw,C_real_defects,screw/test/scratch_head/020.png,1,scratch_head,0.9990632
screw,C_real_defects,screw/test/scratch_head/021.png,1,scratch_head,0.9976682
screw,C_real_defects,screw/test/scratch_neck/002.png,1,scratch_neck,0.99772674
screw,C_real_defects,screw/test/scratch_neck/006.png,1,scratch_neck,0.78336424
screw,C_real_defects,screw/test/scratch_neck/009.png,1,scratch_neck,0.99948525
screw,C_real_defects,screw/test/scratch_neck/010.png,1,scratch_neck,0.98703825
screw,C_real_defects,screw/test/scratch_neck/011.png,1,scratch_neck,0.96843797
screw,C_real_defects,screw/test/scratch_neck/014.png,1,scratch_neck,0.99106723
screw,C_real_defects,screw/test/scratch_neck/015.png,1,scratch_neck,0.80173355
screw,C_real_defects,screw/test/scratch_neck/016.png,1,scratch_neck,0.9961217
screw,C_real_defects,screw/test/scratch_neck/018.png,1,scratch_neck,0.3797935
screw,C_real_defects,screw/test/scratch_neck/020.png,1,scratch_neck,0.9778827
screw,C_real_defects,screw/test/scratch_neck/022.png,1,scratch_neck,0.76312196
screw,C_real_defects,screw/test/scratch_neck/023.png,1,scratch_neck,0.91333896
screw,C_real_defects,screw/test/scratch_neck/024.png,1,scratch_neck,0.9980519
screw,C_real_defects,screw/test/thread_side/000.png,1,thread_side,0.8802316
screw,C_real_defects,screw/test/thread_side/001.png,1,thread_side,0.99333376
screw,C_real_defects,screw/test/thread_side/004.png,1,thread_side,0.3576442
screw,C_real_defects,screw/test/thread_side/008.png,1,thread_side,0.9999529
screw,C_real_defects,screw/test/thread_side/009.png,1,thread_side,0.25987935
screw,C_real_defects,screw/test/thread_side/010.png,1,thread_side,0.95671093
screw,C_real_defects,screw/test/thread_side/011.png,1,thread_side,0.999995
screw,C_real_defects,screw/test/thread_side/012.png,1,thread_side,0.9550737
screw,C_real_defects,screw/test/thread_side/014.png,1,thread_side,0.51361394
screw,C_real_defects,screw/test/thread_side/015.png,1,thread_side,0.7312225
screw,C_real_defects,screw/test/thread_side/020.png,1,thread_side,0.96644217
screw,C_real_defects,screw/test/thread_top/000.png,1,thread_top,0.7733302
screw,C_real_defects,screw/test/thread_top/004.png,1,thread_top,0.9713777
screw,C_real_defects,screw/test/thread_top/005.png,1,thread_top,0.7272504
screw,C_real_defects,screw/test/thread_top/007.png,1,thread_top,0.9927878
screw,C_real_defects,screw/test/thread_top/010.png,1,thread_top,0.7608644
screw,C_real_defects,screw/test/thread_top/011.png,1,thread_top,0.97497886
screw,C_real_defects,screw/test/thread_top/013.png,1,thread_top,0.1489959
screw,C_real_defects,screw/test/thread_top/018.png,1,thread_top,0.9935569
screw,C_real_defects,screw/test/thread_top/019.png,1,thread_top,0.9022786
screw,C_real_defects,screw/test/thread_top/020.png,1,thread_top,0.99129266
screw,C_real_defects,screw/test/thread_top/021.png,1,thread_top,0.9677087
tile,C_real_defects,tile/test/good/000.png,0,good,0.1352656
tile,C_real_defects,tile/test/good/001.png,0,good,0.084987715
tile,C_real_defects,tile/test/good/002.png,0,good,0.11711289
tile,C_real_defects,tile/test/good/003.png,0,good,0.10595217
tile,C_real_defects,tile/test/good/004.png,0,good,0.1605665
tile,C_real_defects,tile/test/good/005.png,0,good,0.23651062
tile,C_real_defects,tile/test/good/006.png,0,good,0.18321292
tile,C_real_defects,tile/test/good/007.png,0,good,0.1496125
tile,C_real_defects,tile/test/good/008.png,0,good,0.08296891
tile,C_real_defects,tile/test/good/009.png,0,good,0.15925853
tile,C_real_defects,tile/test/good/010.png,0,good,0.15484205
tile,C_real_defects,tile/test/good/011.png,0,good,0.12067106
tile,C_real_defects,tile/test/good/012.png,0,good,0.122564554
tile,C_real_defects,tile/test/good/013.png,0,good,0.12000382
tile,C_real_defects,tile/test/good/014.png,0,good,0.08124199
tile,C_real_defects,tile/test/good/015.png,0,good,0.11117159
tile,C_real_defects,tile/test/good/016.png,0,good,0.07979938
tile,C_real_defects,tile/test/good/017.png,0,good,0.29531392
tile,C_real_defects,tile/test/good/018.png,0,good,0.109727874
tile,C_real_defects,tile/test/good/019.png,0,good,0.0881401
tile,C_real_defects,tile/test/good/020.png,0,good,0.24984713
tile,C_real_defects,tile/test/good/021.png,0,good,0.10908851
tile,C_real_defects,tile/test/good/022.png,0,good,0.22298773
tile,C_real_defects,tile/test/good/023.png,0,good,0.13689771
tile,C_real_defects,tile/test/good/024.png,0,good,0.12972835
tile,C_real_defects,tile/test/good/025.png,0,good,0.12297059
tile,C_real_defects,tile/test/good/026.png,0,good,0.20496608
tile,C_real_defects,tile/test/good/027.png,0,good,0.19634944
tile,C_real_defects,tile/test/good/028.png,0,good,0.15929666
tile,C_real_defects,tile/test/good/029.png,0,good,0.27111882
tile,C_real_defects,tile/test/good/030.png,0,good,0.14633986
tile,C_real_defects,tile/test/good/031.png,0,good,0.12998436
tile,C_real_defects,tile/test/good/032.png,0,good,0.11726293
tile,C_real_defects,tile/test/crack/000.png,1,crack,0.999032
tile,C_real_defects,tile/test/crack/002.png,1,crack,0.99988985
tile,C_real_defects,tile/test/crack/005.png,1,crack,0.78010696
tile,C_real_defects,tile/test/crack/006.png,1,crack,0.99948275
tile,C_real_defects,tile/test/crack/009.png,1,crack,0.9999932
tile,C_real_defects,tile/test/crack/012.png,1,crack,0.9992692
tile,C_real_defects,tile/test/crack/013.png,1,crack,0.9999726
tile,C_real_defects,tile/test/crack/014.png,1,crack,0.9999523
tile,C_real_defects,tile/test/crack/016.png,1,crack,0.9999087
tile,C_real_defects,tile/test/glue_strip/000.png,1,glue_strip,0.9946956
tile,C_real_defects,tile/test/glue_strip/001.png,1,glue_strip,0.99647045
tile,C_real_defects,tile/test/glue_strip/002.png,1,glue_strip,0.9949249
tile,C_real_defects,tile/test/glue_strip/006.png,1,glue_strip,0.9952329
tile,C_real_defects,tile/test/glue_strip/009.png,1,glue_strip,0.99412185
tile,C_real_defects,tile/test/glue_strip/010.png,1,glue_strip,0.9979127
tile,C_real_defects,tile/test/glue_strip/014.png,1,glue_strip,0.94987774
tile,C_real_defects,tile/test/glue_strip/015.png,1,glue_strip,0.9762624
tile,C_real_defects,tile/test/glue_strip/016.png,1,glue_strip,0.98012495
tile,C_real_defects,tile/test/gray_stroke/001.png,1,gray_stroke,0.9982089
tile,C_real_defects,tile/test/gray_stroke/003.png,1,gray_stroke,0.99986744
tile,C_real_defects,tile/test/gray_stroke/008.png,1,gray_stroke,0.9992144
tile,C_real_defects,tile/test/gray_stroke/010.png,1,gray_stroke,0.99996424
tile,C_real_defects,tile/test/gray_stroke/011.png,1,gray_stroke,0.99995875
tile,C_real_defects,tile/test/gray_stroke/012.png,1,gray_stroke,0.96873975
tile,C_real_defects,tile/test/gray_stroke/014.png,1,gray_stroke,0.99994135
tile,C_real_defects,tile/test/gray_stroke/015.png,1,gray_stroke,0.9736613
tile,C_real_defects,tile/test/oil/002.png,1,oil,0.99332136
tile,C_real_defects,tile/test/oil/004.png,1,oil,0.9920597
tile,C_real_defects,tile/test/oil/005.png,1,oil,0.9944441
tile,C_real_defects,tile/test/oil/006.png,1,oil,0.99986887
tile,C_real_defects,tile/test/oil/007.png,1,oil,0.9785815
tile,C_real_defects,tile/test/oil/009.png,1,oil,0.99857223
tile,C_real_defects,tile/test/oil/010.png,1,oil,0.99765044
tile,C_real_defects,tile/test/oil/016.png,1,oil,0.99106383
tile,C_real_defects,tile/test/oil/017.png,1,oil,0.99337363
tile,C_real_defects,tile/test/rough/001.png,1,rough,0.9989047
tile,C_real_defects,tile/test/rough/004.png,1,rough,0.9999325
tile,C_real_defects,tile/test/rough/005.png,1,rough,0.9764015
tile,C_real_defects,tile/test/rough/008.png,1,rough,0.9901724
tile,C_real_defects,tile/test/rough/009.png,1,rough,0.9999324
tile,C_real_defects,tile/test/rough/010.png,1,rough,0.9993716
tile,C_real_defects,tile/test/rough/012.png,1,rough,0.99929667
toothbrush,C_real_defects,toothbrush/test/good/000.png,0,good,0.12221531
toothbrush,C_real_defects,toothbrush/test/good/001.png,0,good,0.3546285
toothbrush,C_real_defects,toothbrush/test/good/002.png,0,good,0.221315
toothbrush,C_real_defects,toothbrush/test/good/003.png,0,good,0.13055992
toothbrush,C_real_defects,toothbrush/test/good/004.png,0,good,0.33697715
toothbrush,C_real_defects,toothbrush/test/good/005.png,0,good,0.3390094
toothbrush,C_real_defects,toothbrush/test/good/006.png,0,good,0.17749493
toothbrush,C_real_defects,toothbrush/test/good/007.png,0,good,0.2060944
toothbrush,C_real_defects,toothbrush/test/good/008.png,0,good,0.11805687
toothbrush,C_real_defects,toothbrush/test/good/009.png,0,good,0.15672143
toothbrush,C_real_defects,toothbrush/test/good/010.png,0,good,0.09021413
toothbrush,C_real_defects,toothbrush/test/good/011.png,0,good,0.11313454
toothbrush,C_real_defects,toothbrush/test/defective/001.png,1,defective,0.22705041
toothbrush,C_real_defects,toothbrush/test/defective/002.png,1,defective,0.844543
toothbrush,C_real_defects,toothbrush/test/defective/003.png,1,defective,0.6472496
toothbrush,C_real_defects,toothbrush/test/defective/009.png,1,defective,0.6151844
toothbrush,C_real_defects,toothbrush/test/defective/010.png,1,defective,0.9970285
toothbrush,C_real_defects,toothbrush/test/defective/011.png,1,defective,0.5419092
toothbrush,C_real_defects,toothbrush/test/defective/016.png,1,defective,0.98735666
toothbrush,C_real_defects,toothbrush/test/defective/017.png,1,defective,0.9719455
toothbrush,C_real_defects,toothbrush/test/defective/018.png,1,defective,0.3408293
toothbrush,C_real_defects,toothbrush/test/defective/019.png,1,defective,0.7377026
toothbrush,C_real_defects,toothbrush/test/defective/020.png,1,defective,0.42797482
toothbrush,C_real_defects,toothbrush/test/defective/021.png,1,defective,0.23577379
toothbrush,C_real_defects,toothbrush/test/defective/022.png,1,defective,0.9989649
toothbrush,C_real_defects,toothbrush/test/defective/023.png,1,defective,0.99499196
toothbrush,C_real_defects,toothbrush/test/defective/027.png,1,defective,0.5749965
transistor,C_real_defects,transistor/test/good/000.png,0,good,0.116601
transistor,C_real_defects,transistor/test/good/001.png,0,good,0.27329892
transistor,C_real_defects,transistor/test/good/002.png,0,good,0.1720293
transistor,C_real_defects,transistor/test/good/003.png,0,good,0.238027
transistor,C_real_defects,transistor/test/good/004.png,0,good,0.0830786
transistor,C_real_defects,transistor/test/good/005.png,0,good,0.17134458
transistor,C_real_defects,transistor/test/good/006.png,0,good,0.21604738
transistor,C_real_defects,transistor/test/good/007.png,0,good,0.41373163
transistor,C_real_defects,transistor/test/good/008.png,0,good,0.3083825
transistor,C_real_defects,transistor/test/good/009.png,0,good,0.35046685
transistor,C_real_defects,transistor/test/good/010.png,0,good,0.15420906
transistor,C_real_defects,transistor/test/good/011.png,0,good,0.17411186
transistor,C_real_defects,transistor/test/good/012.png,0,good,0.40583917
transistor,C_real_defects,transistor/test/good/013.png,0,good,0.2899783
transistor,C_real_defects,transistor/test/good/014.png,0,good,0.33188736
transistor,C_real_defects,transistor/test/good/015.png,0,good,0.41910028
transistor,C_real_defects,transistor/test/good/016.png,0,good,0.14473797
transistor,C_real_defects,transistor/test/good/017.png,0,good,0.72121596
transistor,C_real_defects,transistor/test/good/018.png,0,good,0.25951403
transistor,C_real_defects,transistor/test/good/019.png,0,good,0.7100689
transistor,C_real_defects,transistor/test/good/020.png,0,good,0.3029058
transistor,C_real_defects,transistor/test/good/021.png,0,good,0.2480084
transistor,C_real_defects,transistor/test/good/022.png,0,good,0.5764596
transistor,C_real_defects,transistor/test/good/023.png,0,good,0.28851652
transistor,C_real_defects,transistor/test/good/024.png,0,good,0.2527409
transistor,C_real_defects,transistor/test/good/025.png,0,good,0.7426414
transistor,C_real_defects,transistor/test/good/026.png,0,good,0.36250544
transistor,C_real_defects,transistor/test/good/027.png,0,good,0.15430926
transistor,C_real_defects,transistor/test/good/028.png,0,good,0.47430608
transistor,C_real_defects,transistor/test/good/029.png,0,good,0.3362939
transistor,C_real_defects,transistor/test/good/030.png,0,good,0.11179931
transistor,C_real_defects,transistor/test/good/031.png,0,good,0.28319237
transistor,C_real_defects,transistor/test/good/032.png,0,good,0.66771483
transistor,C_real_defects,transistor/test/good/033.png,0,good,0.29982898
transistor,C_real_defects,transistor/test/good/034.png,0,good,0.262122
transistor,C_real_defects,transistor/test/good/035.png,0,good,0.4052958
transistor,C_real_defects,transistor/test/good/036.png,0,good,0.4328329
transistor,C_real_defects,transistor/test/good/037.png,0,good,0.380819
transistor,C_real_defects,transistor/test/good/038.png,0,good,0.3967227
transistor,C_real_defects,transistor/test/good/039.png,0,good,0.30604187
transistor,C_real_defects,transistor/test/good/040.png,0,good,0.19420102
transistor,C_real_defects,transistor/test/good/041.png,0,good,0.68598574
transistor,C_real_defects,transistor/test/good/042.png,0,good,0.69824266
transistor,C_real_defects,transistor/test/good/043.png,0,good,0.5302339
transistor,C_real_defects,transistor/test/good/044.png,0,good,0.6273463
transistor,C_real_defects,transistor/test/good/045.png,0,good,0.555294
transistor,C_real_defects,transistor/test/good/046.png,0,good,0.20051943
transistor,C_real_defects,transistor/test/good/047.png,0,good,0.1474326
transistor,C_real_defects,transistor/test/good/048.png,0,good,0.49329293
transistor,C_real_defects,transistor/test/good/049.png,0,good,0.5100686
transistor,C_real_defects,transistor/test/good/050.png,0,good,0.079976805
transistor,C_real_defects,transistor/test/good/051.png,0,good,0.31202883
transistor,C_real_defects,transistor/test/good/052.png,0,good,0.52349806
transistor,C_real_defects,transistor/test/good/053.png,0,good,0.30554244
transistor,C_real_defects,transistor/test/good/054.png,0,good,0.18512547
transistor,C_real_defects,transistor/test/good/055.png,0,good,0.23654978
transistor,C_real_defects,transistor/test/good/056.png,0,good,0.29603985
transistor,C_real_defects,transistor/test/good/057.png,0,good,0.36501384
transistor,C_real_defects,transistor/test/good/058.png,0,good,0.2674812
transistor,C_real_defects,transistor/test/good/059.png,0,good,0.49799126
transistor,C_real_defects,transistor/test/bent_lead/001.png,1,bent_lead,0.97750217
transistor,C_real_defects,transistor/test/bent_lead/003.png,1,bent_lead,0.68479955
transistor,C_real_defects,transistor/test/bent_lead/005.png,1,bent_lead,0.9408157
transistor,C_real_defects,transistor/test/bent_lead/008.png,1,bent_lead,0.99552035
transistor,C_real_defects,transistor/test/bent_lead/009.png,1,bent_lead,0.9697871
transistor,C_real_defects,transistor/test/cut_lead/001.png,1,cut_lead,0.90166986
transistor,C_real_defects,transistor/test/cut_lead/002.png,1,cut_lead,0.77218866
transistor,C_real_defects,transistor/test/cut_lead/003.png,1,cut_lead,0.8452007
transistor,C_real_defects,transistor/test/cut_lead/004.png,1,cut_lead,0.99377525
transistor,C_real_defects,transistor/test/cut_lead/007.png,1,cut_lead,0.91830885
transistor,C_real_defects,transistor/test/damaged_case/000.png,1,damaged_case,0.8806873
transistor,C_real_defects,transistor/test/damaged_case/002.png,1,damaged_case,0.50935173
transistor,C_real_defects,transistor/test/damaged_case/006.png,1,damaged_case,0.67422545
transistor,C_real_defects,transistor/test/damaged_case/008.png,1,damaged_case,0.9997167
transistor,C_real_defects,transistor/test/damaged_case/009.png,1,damaged_case,0.8946711
transistor,C_real_defects,transistor/test/misplaced/000.png,1,misplaced,0.9984559
transistor,C_real_defects,transistor/test/misplaced/001.png,1,misplaced,0.9994066
transistor,C_real_defects,transistor/test/misplaced/003.png,1,misplaced,0.99104357
transistor,C_real_defects,transistor/test/misplaced/005.png,1,misplaced,0.99985135
transistor,C_real_defects,transistor/test/misplaced/009.png,1,misplaced,0.94487596
wood,C_real_defects,wood/test/good/000.png,0,good,0.0050128954
wood,C_real_defects,wood/test/good/001.png,0,good,0.0045568147
wood,C_real_defects,wood/test/good/002.png,0,good,0.006816126
wood,C_real_defects,wood/test/good/003.png,0,good,0.02950552
wood,C_real_defects,wood/test/good/004.png,0,good,0.008623857
wood,C_real_defects,wood/test/good/005.png,0,good,0.012748824
wood,C_real_defects,wood/test/good/006.png,0,good,0.009669915
wood,C_real_defects,wood/test/good/007.png,0,good,0.65275836
wood,C_real_defects,wood/test/good/008.png,0,good,0.20164481
wood,C_real_defects,wood/test/good/009.png,0,good,0.4479576
wood,C_real_defects,wood/test/good/010.png,0,good,0.9631835
wood,C_real_defects,wood/test/good/011.png,0,good,0.79243803
wood,C_real_defects,wood/test/good/012.png,0,good,0.6787517
wood,C_real_defects,wood/test/good/013.png,0,good,0.076285124
wood,C_real_defects,wood/test/good/014.png,0,good,0.0147336945
wood,C_real_defects,wood/test/good/015.png,0,good,0.01297079
wood,C_real_defects,wood/test/good/016.png,0,good,0.06780899
wood,C_real_defects,wood/test/good/017.png,0,good,0.023309465
wood,C_real_defects,wood/test/good/018.png,0,good,0.059242632
wood,C_real_defects,wood/test/color/000.png,1,color,0.9999989
wood,C_real_defects,wood/test/color/001.png,1,color,0.9999454
wood,C_real_defects,wood/test/color/006.png,1,color,0.99996746
wood,C_real_defects,wood/test/color/007.png,1,color,0.99999845
wood,C_real_defects,wood/test/combined/002.png,1,combined,1.0
wood,C_real_defects,wood/test/combined/004.png,1,combined,0.9558502
wood,C_real_defects,wood/test/combined/006.png,1,combined,0.99163777
wood,C_real_defects,wood/test/combined/008.png,1,combined,1.0
wood,C_real_defects,wood/test/combined/009.png,1,combined,0.9999993
wood,C_real_defects,wood/test/hole/000.png,1,hole,1.0
wood,C_real_defects,wood/test/hole/003.png,1,hole,1.0
wood,C_real_defects,wood/test/hole/005.png,1,hole,0.65291715
wood,C_real_defects,wood/test/hole/008.png,1,hole,1.0
wood,C_real_defects,wood/test/hole/009.png,1,hole,1.0
wood,C_real_defects,wood/test/liquid/003.png,1,liquid,1.0
wood,C_real_defects,wood/test/liquid/004.png,1,liquid,1.0
wood,C_real_defects,wood/test/liquid/006.png,1,liquid,0.9975727
wood,C_real_defects,wood/test/liquid/007.png,1,liquid,0.9999403
wood,C_real_defects,wood/test/liquid/008.png,1,liquid,0.99999976
wood,C_real_defects,wood/test/scratch/000.png,1,scratch,0.020572297
wood,C_real_defects,wood/test/scratch/003.png,1,scratch,1.0
wood,C_real_defects,wood/test/scratch/005.png,1,scratch,1.0
wood,C_real_defects,wood/test/scratch/006.png,1,scratch,0.99989617
wood,C_real_defects,wood/test/scratch/007.png,1,scratch,0.9999958
wood,C_real_defects,wood/test/scratch/008.png,1,scratch,1.0
wood,C_real_defects,wood/test/scratch/009.png,1,scratch,0.99999976
wood,C_real_defects,wood/test/scratch/011.png,1,scratch,0.99864393
wood,C_real_defects,wood/test/scratch/013.png,1,scratch,1.0
wood,C_real_defects,wood/test/scratch/014.png,1,scratch,1.0
wood,C_real_defects,wood/test/scratch/016.png,1,scratch,0.8623038
zipper,C_real_defects,zipper/test/good/000.png,0,good,0.099165566
zipper,C_real_defects,zipper/test/good/001.png,0,good,0.09413123
zipper,C_real_defects,zipper/test/good/002.png,0,good,0.26683798
zipper,C_real_defects,zipper/test/good/003.png,0,good,0.3011599
zipper,C_real_defects,zipper/test/good/004.png,0,good,0.084524184
zipper,C_real_defects,zipper/test/good/005.png,0,good,0.09430801
zipper,C_real_defects,zipper/test/good/006.png,0,good,0.14201179
zipper,C_real_defects,zipper/test/good/007.png,0,good,0.18244241
zipper,C_real_defects,zipper/test/good/008.png,0,good,0.11553096
zipper,C_real_defects,zipper/test/good/009.png,0,good,0.09138626
zipper,C_real_defects,zipper/test/good/010.png,0,good,0.09778719
zipper,C_real_defects,zipper/test/good/011.png,0,good,0.15367243
zipper,C_real_defects,zipper/test/good/012.png,0,good,0.08417136
zipper,C_real_defects,zipper/test/good/013.png,0,good,0.074951746
zipper,C_real_defects,zipper/test/good/014.png,0,good,0.11557755
zipper,C_real_defects,zipper/test/good/015.png,0,good,0.18743406
zipper,C_real_defects,zipper/test/good/016.png,0,good,0.103935614
zipper,C_real_defects,zipper/test/good/017.png,0,good,0.11294309
zipper,C_real_defects,zipper/test/good/018.png,0,good,0.121964976
zipper,C_real_defects,zipper/test/good/019.png,0,good,0.10209887
zipper,C_real_defects,zipper/test/good/020.png,0,good,0.10400112
zipper,C_real_defects,zipper/test/good/021.png,0,good,0.30428994
zipper,C_real_defects,zipper/test/good/022.png,0,good,0.33561373
zipper,C_real_defects,zipper/test/good/023.png,0,good,0.14266178
zipper,C_real_defects,zipper/test/good/024.png,0,good,0.10497321
zipper,C_real_defects,zipper/test/good/025.png,0,good,0.2792989
zipper,C_real_defects,zipper/test/good/026.png,0,good,0.14269976
zipper,C_real_defects,zipper/test/good/027.png,0,good,0.23855026
zipper,C_real_defects,zipper/test/good/028.png,0,good,0.095005214
zipper,C_real_defects,zipper/test/good/029.png,0,good,0.10600975
zipper,C_real_defects,zipper/test/good/030.png,0,good,0.116929926
zipper,C_real_defects,zipper/test/good/031.png,0,good,0.09191856
zipper,C_real_defects,zipper/test/broken_teeth/002.png,1,broken_teeth,0.92633414
zipper,C_real_defects,zipper/test/broken_teeth/003.png,1,broken_teeth,0.9995499
zipper,C_real_defects,zipper/test/broken_teeth/008.png,1,broken_teeth,0.9952224
zipper,C_real_defects,zipper/test/broken_teeth/010.png,1,broken_teeth,0.9941943
zipper,C_real_defects,zipper/test/broken_teeth/011.png,1,broken_teeth,0.9926779
zipper,C_real_defects,zipper/test/broken_teeth/013.png,1,broken_teeth,0.9954625
zipper,C_real_defects,zipper/test/broken_teeth/014.png,1,broken_teeth,0.99901843
zipper,C_real_defects,zipper/test/broken_teeth/016.png,1,broken_teeth,0.9566154
zipper,C_real_defects,zipper/test/broken_teeth/018.png,1,broken_teeth,0.9954978
zipper,C_real_defects,zipper/test/combined/001.png,1,combined,0.9994728
zipper,C_real_defects,zipper/test/combined/005.png,1,combined,0.9994836
zipper,C_real_defects,zipper/test/combined/007.png,1,combined,0.9966968
zipper,C_real_defects,zipper/test/combined/009.png,1,combined,0.99627787
zipper,C_real_defects,zipper/test/combined/010.png,1,combined,0.9997496
zipper,C_real_defects,zipper/test/combined/011.png,1,combined,0.9999273
zipper,C_real_defects,zipper/test/combined/013.png,1,combined,0.9992435
zipper,C_real_defects,zipper/test/combined/014.png,1,combined,0.9999033
zipper,C_real_defects,zipper/test/fabric_border/001.png,1,fabric_border,0.9997973
zipper,C_real_defects,zipper/test/fabric_border/002.png,1,fabric_border,0.89488584
zipper,C_real_defects,zipper/test/fabric_border/003.png,1,fabric_border,0.9935701
zipper,C_real_defects,zipper/test/fabric_border/005.png,1,fabric_border,0.9999733
zipper,C_real_defects,zipper/test/fabric_border/006.png,1,fabric_border,0.99992514
zipper,C_real_defects,zipper/test/fabric_border/012.png,1,fabric_border,0.99990964
zipper,C_real_defects,zipper/test/fabric_border/013.png,1,fabric_border,0.9736959
zipper,C_real_defects,zipper/test/fabric_border/014.png,1,fabric_border,0.99885046
zipper,C_real_defects,zipper/test/fabric_border/015.png,1,fabric_border,0.99998736
zipper,C_real_defects,zipper/test/fabric_interior/000.png,1,fabric_interior,0.9999945
zipper,C_real_defects,zipper/test/fabric_interior/001.png,1,fabric_interior,0.99939513
zipper,C_real_defects,zipper/test/fabric_interior/003.png,1,fabric_interior,0.9972767
zipper,C_real_defects,zipper/test/fabric_interior/005.png,1,fabric_interior,0.9924108
zipper,C_real_defects,zipper/test/fabric_interior/006.png,1,fabric_interior,0.9945663
zipper,C_real_defects,zipper/test/fabric_interior/007.png,1,fabric_interior,0.13190311
zipper,C_real_defects,zipper/test/fabric_interior/009.png,1,fabric_interior,0.98902166
zipper,C_real_defects,zipper/test/fabric_interior/012.png,1,fabric_interior,0.913421
zipper,C_real_defects,zipper/test/rough/000.png,1,rough,0.99946696
zipper,C_real_defects,zipper/test/rough/004.png,1,rough,0.9999925
zipper,C_real_defects,zipper/test/rough/006.png,1,rough,0.9999894
zipper,C_real_defects,zipper/test/rough/007.png,1,rough,0.9939621
zipper,C_real_defects,zipper/test/rough/008.png,1,rough,0.9938798
zipper,C_real_defects,zipper/test/rough/010.png,1,rough,0.9991769
zipper,C_real_defects,zipper/test/rough/014.png,1,rough,0.98373806
zipper,C_real_defects,zipper/test/rough/015.png,1,rough,0.99999607
zipper,C_real_defects,zipper/test/rough/016.png,1,rough,0.9972572
zipper,C_real_defects,zipper/test/split_teeth/003.png,1,split_teeth,0.9996517
zipper,C_real_defects,zipper/test/split_teeth/004.png,1,split_teeth,0.9899524
zipper,C_real_defects,zipper/test/split_teeth/005.png,1,split_teeth,0.99972993
zipper,C_real_defects,zipper/test/split_teeth/007.png,1,split_teeth,0.99450535
zipper,C_real_defects,zipper/test/split_teeth/009.png,1,split_teeth,0.99844295
zipper,C_real_defects,zipper/test/split_teeth/011.png,1,split_teeth,0.9950676
zipper,C_real_defects,zipper/test/split_teeth/014.png,1,split_teeth,0.9908925
zipper,C_real_defects,zipper/test/split_teeth/015.png,1,split_teeth,0.99857605
zipper,C_real_defects,zipper/test/split_teeth/016.png,1,split_teeth,0.9988423
zipper,C_real_defects,zipper/test/squeezed_teeth/000.png,1,squeezed_teeth,0.99523586
zipper,C_real_defects,zipper/test/squeezed_teeth/001.png,1,squeezed_teeth,0.9994653
zipper,C_real_defects,zipper/test/squeezed_teeth/002.png,1,squeezed_teeth,0.9991768
zipper,C_real_defects,zipper/test/squeezed_teeth/005.png,1,squeezed_teeth,0.99804497
zipper,C_real_defects,zipper/test/squeezed_teeth/006.png,1,squeezed_teeth,0.97061074
zipper,C_real_defects,zipper/test/squeezed_teeth/012.png,1,squeezed_teeth,0.9613374
zipper,C_real_defects,zipper/test/squeezed_teeth/013.png,1,squeezed_teeth,0.9891745
zipper,C_real_defects,zipper/test/squeezed_teeth/014.png,1,squeezed_teeth,0.9981172
