category,path,label,true_type,true_location,verdict,defect_type,location,valid,raw,latency_s,batch_size,mode
bottle,bottle/test/good/000.png,0,none,none,good,none,none,True,"{""verdict"": ""good"", ""defect_type"": ""none"", ""location"": ""none""}",0.43052774587704334,8,zero_shot
bottle,bottle/test/good/001.png,0,none,none,good,none,none,True,"{""verdict"": ""good"", ""defect_type"": ""none"", ""location"": ""none""}",0.43052774587704334,8,zero_shot
bottle,bottle/test/good/002.png,0,none,none,good,none,none,True,"{""verdict"": ""good"", ""defect_type"": ""none"", ""location"": ""none""}",0.43052774587704334,8,zero_shot
bottle,bottle/test/good/003.png,0,none,none,good,none,none,True,"{""verdict"": ""good"", ""defect_type"": ""none"", ""location"": ""none""}",0.43052774587704334,8,zero_shot
bottle,bottle/test/good/004.png,0,none,none,good,none,none,True,"{""verdict"": ""good"", ""defect_type"": ""none"", ""location"": ""none""}",0.43052774587704334,8,zero_shot
bottle,bottle/test/good/005.png,0,none,none,good,none,none,True,"{""verdict"": ""good"", ""defect_type"": ""none"", ""location"": ""none""}",0.43052774587704334,8,zero_shot
bottle,bottle/test/good/006.png,0,none,none,good,none,none,True,"{""verdict"": ""good"", ""defect_type"": ""none"", ""location"": ""none""}",0.43052774587704334,8,zero_shot
bottle,bottle/test/good/007.png,0,none,none,good,none,none,True,"{""verdict"": ""good"", ""defect_type"": ""none"", ""location"": ""none""}",0.43052774587704334,8,zero_shot
bottle,bottle/test/good/008.png,0,none,none,good,none,none,True,"{""verdict"": ""good"", ""defect_type"": ""none"", ""location"": ""none""}",0.351326801624964,8,zero_shot
bottle,bottle/test/good/009.png,0,none,none,good,none,none,True,"{""verdict"": ""good"", ""defect_type"": ""none"", ""location"": ""none""}",0.351326801624964,8,zero_shot
bottle,bottle/test/good/010.png,0,none,none,good,none,none,True,"{""verdict"": ""good"", ""defect_type"": ""none"", ""location"": ""none""}",0.351326801624964,8,zero_shot
bottle,bottle/test/good/011.png,0,none,none,good,none,none,True,"{""verdict"": ""good"", ""defect_type"": ""none"", ""location"": ""none""}",0.351326801624964,8,zero_shot
bottle,bottle/test/good/012.png,0,none,none,good,none,none,True,"{""verdict"": ""good"", ""defect_type"": ""none"", ""location"": ""none""}",0.351326801624964,8,zero_shot
bottle,bottle/test/good/013.png,0,none,none,good,none,none,True,"{""verdict"": ""good"", ""defect_type"": ""none"", ""location"": ""none""}",0.351326801624964,8,zero_shot
bottle,bottle/test/good/014.png,0,none,none,good,none,none,True,"{""verdict"": ""good"", ""defect_type"": ""none"", ""location"": ""none""}",0.351326801624964,8,zero_shot
bottle,bottle/test/good/015.png,0,none,none,good,none,none,True,"{""verdict"": ""good"", ""defect_type"": ""none"", ""location"": ""none""}",0.351326801624964,8,zero_shot
bottle,bottle/test/good/016.png,0,none,none,good,none,none,True,"{""verdict"": ""good"", ""defect_type"": ""none"", ""location"": ""none""}",0.39196431162417866,8,zero_shot
bottle,bottle/test/good/017.png,0,none,none,good,none,none,True,"{""verdict"": ""good"", ""defect_type"": ""none"", ""location"": ""none""}",0.39196431162417866,8,zero_shot
bottle,bottle/test/good/018.png,0,none,none,good,none,none,True,"{""verdict"": ""good"", ""defect_type"": ""none"", ""location"": ""none""}",0.39196431162417866,8,zero_shot
bottle,bottle/test/good/019.png,0,none,none,good,none,none,True,"{""verdict"": ""good"", ""defect_type"": ""none"", ""location"": ""none""}",0.39196431162417866,8,zero_shot
bottle,bottle/test/broken_large/000.png,1,broken_large,bottom-right,defective,broken_small,right,True,"{""verdict"": ""defective"", ""defect_type"": ""broken_small"", ""location"": ""right""}",0.39196431162417866,8,zero_shot
bottle,bottle/test/broken_large/002.png,1,broken_large,center,good,none,none,True,"{""verdict"": ""good"", ""defect_type"": ""none"", ""location"": ""none""}",0.39196431162417866,8,zero_shot
bottle,bottle/test/broken_large/004.png,1,broken_large,left,defective,broken_small,top-left,True,"{""verdict"": ""defective"", ""defect_type"": ""broken_small"", ""location"": ""top-left""}",0.39196431162417866,8,zero_shot
bottle,bottle/test/broken_large/006.png,1,broken_large,top,defective,broken_large,top,True,"{""verdict"": ""defective"", ""defect_type"": ""broken_large"", ""location"": ""top""}",0.39196431162417866,8,zero_shot
bottle,bottle/test/broken_large/008.png,1,broken_large,bottom,defective,broken_large,top,True,"{""verdict"": ""defective"", ""defect_type"": ""broken_large"", ""location"": ""top""}",0.3761838156278827,8,zero_shot
bottle,bottle/test/broken_large/011.png,1,broken_large,bottom,good,none,none,True,"{""verdict"": ""good"", ""defect_type"": ""none"", ""location"": ""none""}",0.3761838156278827,8,zero_shot
bottle,bottle/test/broken_large/012.png,1,broken_large,right,good,none,none,True,"{""verdict"": ""good"", ""defect_type"": ""none"", ""location"": ""none""}",0.3761838156278827,8,zero_shot
bottle,bottle/test/broken_large/014.png,1,broken_large,left,good,none,none,True,"{""verdict"": ""good"", ""defect_type"": ""none"", ""location"": ""none""}",0.3761838156278827,8,zero_shot
bottle,bottle/test/broken_large/016.png,1,broken_large,center,defective,broken_large,top,True,"{""verdict"": ""defective"", ""defect_type"": ""broken_large"", ""location"": ""top""}",0.3761838156278827,8,zero_shot
bottle,bottle/test/broken_large/018.png,1,broken_large,center,defective,broken_large,top,True,"{""verdict"": ""defective"", ""defect_type"": ""broken_large"", ""location"": ""top""}",0.3761838156278827,8,zero_shot
bottle,bottle/test/broken_small/000.png,1,broken_small,left,good,none,none,True,"{""verdict"": ""good"", ""defect_type"": ""none"", ""location"": ""none""}",0.3761838156278827,8,zero_shot
bottle,bottle/test/broken_small/001.png,1,broken_small,left,defective,broken_small,top-left,True,"{""verdict"": ""defective"", ""defect_type"": ""broken_small"", ""location"": ""top-left""}",0.3761838156278827,8,zero_shot
bottle,bottle/test/broken_small/003.png,1,broken_small,bottom,defective,broken_large,bottom,True,"{""verdict"": ""defective"", ""defect_type"": ""broken_large"", ""location"": ""bottom""}",0.40256879637308884,8,zero_shot
bottle,bottle/test/broken_small/004.png,1,broken_small,bottom-left,defective,broken_small,bottom-left,True,"{""verdict"": ""defective"", ""defect_type"": ""broken_small"", ""location"": ""bottom-left""}",0.40256879637308884,8,zero_shot
bottle,bottle/test/broken_small/007.png,1,broken_small,right,good,none,none,True,"{""verdict"": ""good"", ""defect_type"": ""none"", ""location"": ""none""}",0.40256879637308884,8,zero_shot
bottle,bottle/test/broken_small/008.png,1,broken_small,bottom,defective,broken_large,bottom,True,"{""verdict"": ""defective"", ""defect_type"": ""broken_large"", ""location"": ""bottom""}",0.40256879637308884,8,zero_shot
bottle,bottle/test/broken_small/010.png,1,broken_small,right,defective,broken_small,top,True,"{""verdict"": ""defective"", ""defect_type"": ""broken_small"", ""location"": ""top""}",0.40256879637308884,8,zero_shot
bottle,bottle/test/broken_small/013.png,1,broken_small,top-right,defective,broken_small,top,True,"{""verdict"": ""defective"", ""defect_type"": ""broken_small"", ""location"": ""top""}",0.40256879637308884,8,zero_shot
bottle,bottle/test/broken_small/014.png,1,broken_small,left,good,none,none,True,"{""verdict"": ""good"", ""defect_type"": ""none"", ""location"": ""none""}",0.40256879637308884,8,zero_shot
bottle,bottle/test/broken_small/017.png,1,broken_small,left,defective,broken_small,top-left,True,"{""verdict"": ""defective"", ""defect_type"": ""broken_small"", ""location"": ""top-left""}",0.40256879637308884,8,zero_shot
bottle,bottle/test/broken_small/020.png,1,broken_small,bottom-right,good,none,none,True,"{""verdict"": ""good"", ""defect_type"": ""none"", ""location"": ""none""}",0.3636781838722527,8,zero_shot
bottle,bottle/test/contamination/000.png,1,contamination,center,defective,contamination,center,True,"{""verdict"": ""defective"", ""defect_type"": ""contamination"", ""location"": ""center""}",0.3636781838722527,8,zero_shot
bottle,bottle/test/contamination/001.png,1,contamination,center,good,none,none,True,"{""verdict"": ""good"", ""defect_type"": ""none"", ""location"": ""none""}",0.3636781838722527,8,zero_shot
bottle,bottle/test/contamination/002.png,1,contamination,center,good,none,none,True,"{""verdict"": ""good"", ""defect_type"": ""none"", ""location"": ""none""}",0.3636781838722527,8,zero_shot
bottle,bottle/test/contamination/006.png,1,contamination,center,defective,broken_small,center,True,"{""verdict"": ""defective"", ""defect_type"": ""broken_small"", ""location"": ""center""}",0.3636781838722527,8,zero_shot
bottle,bottle/test/contamination/008.png,1,contamination,center,good,none,none,True,"{""verdict"": ""good"", ""defect_type"": ""none"", ""location"": ""none""}",0.3636781838722527,8,zero_shot
bottle,bottle/test/contamination/009.png,1,contamination,center,good,none,none,True,"{""verdict"": ""good"", ""defect_type"": ""none"", ""location"": ""none""}",0.3636781838722527,8,zero_shot
bottle,bottle/test/contamination/011.png,1,contamination,center,good,none,none,True,"{""verdict"": ""good"", ""defect_type"": ""none"", ""location"": ""none""}",0.3636781838722527,8,zero_shot
bottle,bottle/test/contamination/013.png,1,contamination,left,good,none,none,True,"{""verdict"": ""good"", ""defect_type"": ""none"", ""location"": ""none""}",0.4094282532532816,8,zero_shot
bottle,bottle/test/contamination/018.png,1,contamination,right,defective,broken_small,right,True,"{""verdict"": ""defective"", ""defect_type"": ""broken_small"", ""location"": ""right""}",0.4094282532532816,8,zero_shot
bottle,bottle/test/contamination/019.png,1,contamination,right,good,none,none,True,"{""verdict"": ""good"", ""defect_type"": ""none"", ""location"": ""none""}",0.4094282532532816,8,zero_shot
bottle,bottle/test/contamination/020.png,1,contamination,center,good,none,none,True,"{""verdict"": ""good"", ""defect_type"": ""none"", ""location"": ""none""}",0.4094282532532816,8,zero_shot
cable,cable/test/good/000.png,0,none,none,good,none,none,True,"{""verdict"": ""good"", ""defect_type"": ""none"", ""location"": ""none""}",0.4094282532532816,8,zero_shot
cable,cable/test/good/001.png,0,none,none,good,none,none,True,"{""verdict"": ""good"", ""defect_type"": ""none"", ""location"": ""none""}",0.4094282532532816,8,zero_shot
cable,cable/test/good/002.png,0,none,none,good,none,none,True,"{""verdict"": ""good"", ""defect_type"": ""none"", ""location"": ""none""}",0.4094282532532816,8,zero_shot
cable,cable/test/good/003.png,0,none,none,good,none,none,True,"{""verdict"": ""good"", ""defect_type"": ""none"", ""location"": ""none""}",0.4094282532532816,8,zero_shot
cable,cable/test/good/004.png,0,none,none,good,none,none,True,"{""verdict"": ""good"", ""defect_type"": ""none"", ""location"": ""none""}",0.3617356520044268,8,zero_shot
cable,cable/test/good/005.png,0,none,none,good,none,none,True,"{""verdict"": ""good"", ""defect_type"": ""none"", ""location"": ""none""}",0.3617356520044268,8,zero_shot
cable,cable/test/good/006.png,0,none,none,good,none,none,True,"{""verdict"": ""good"", ""defect_type"": ""none"", ""location"": ""none""}",0.3617356520044268,8,zero_shot
cable,cable/test/good/007.png,0,none,none,good,none,none,True,"{""verdict"": ""good"", ""defect_type"": ""none"", ""location"": ""none""}",0.3617356520044268,8,zero_shot
cable,cable/test/good/008.png,0,none,none,good,none,none,True,"{""verdict"": ""good"", ""defect_type"": ""none"", ""location"": ""none""}",0.3617356520044268,8,zero_shot
cable,cable/test/good/009.png,0,none,none,good,none,none,True,"{""verdict"": ""good"", ""defect_type"": ""none"", ""location"": ""none""}",0.3617356520044268,8,zero_shot
cable,cable/test/good/010.png,0,none,none,good,none,none,True,"{""verdict"": ""good"", ""defect_type"": ""none"", ""location"": ""none""}",0.3617356520044268,8,zero_shot
cable,cable/test/good/011.png,0,none,none,good,none,none,True,"{""verdict"": ""good"", ""defect_type"": ""none"", ""location"": ""none""}",0.3617356520044268,8,zero_shot
cable,cable/test/good/012.png,0,none,none,good,none,none,True,"{""verdict"": ""good"", ""defect_type"": ""none"", ""location"": ""none""}",0.3495022795032128,8,zero_shot
cable,cable/test/good/013.png,0,none,none,good,none,none,True,"{""verdict"": ""good"", ""defect_type"": ""none"", ""location"": ""none""}",0.3495022795032128,8,zero_shot
cable,cable/test/good/014.png,0,none,none,good,none,none,True,"{""verdict"": ""good"", ""defect_type"": ""none"", ""location"": ""none""}",0.3495022795032128,8,zero_shot
cable,cable/test/good/015.png,0,none,none,good,none,none,True,"{""verdict"": ""good"", ""defect_type"": ""none"", ""location"": ""none""}",0.3495022795032128,8,zero_shot
cable,cable/test/good/016.png,0,none,none,good,none,none,True,"{""verdict"": ""good"", ""defect_type"": ""none"", ""location"": ""none""}",0.3495022795032128,8,zero_shot
cable,cable/test/good/017.png,0,none,none,good,none,none,True,"{""verdict"": ""good"", ""defect_type"": ""none"", ""location"": ""none""}",0.3495022795032128,8,zero_shot
cable,cable/test/good/018.png,0,none,none,good,none,none,True,"{""verdict"": ""good"", ""defect_type"": ""none"", ""location"": ""none""}",0.3495022795032128,8,zero_shot
cable,cable/test/good/019.png,0,none,none,good,none,none,True,"{""verdict"": ""good"", ""defect_type"": ""none"", ""location"": ""none""}",0.3495022795032128,8,zero_shot
cable,cable/test/good/020.png,0,none,none,good,none,none,True,"{""verdict"": ""good"", ""defect_type"": ""none"", ""location"": ""none""}",0.35539280662487727,8,zero_shot
cable,cable/test/good/021.png,0,none,none,good,none,none,True,"{""verdict"": ""good"", ""defect_type"": ""none"", ""location"": ""none""}",0.35539280662487727,8,zero_shot
cable,cable/test/good/022.png,0,none,none,good,none,none,True,"{""verdict"": ""good"", ""defect_type"": ""none"", ""location"": ""none""}",0.35539280662487727,8,zero_shot
cable,cable/test/good/023.png,0,none,none,good,none,none,True,"{""verdict"": ""good"", ""defect_type"": ""none"", ""location"": ""none""}",0.35539280662487727,8,zero_shot
cable,cable/test/good/024.png,0,none,none,good,none,none,True,"{""verdict"": ""good"", ""defect_type"": ""none"", ""location"": ""none""}",0.35539280662487727,8,zero_shot
cable,cable/test/good/025.png,0,none,none,good,none,none,True,"{""verdict"": ""good"", ""defect_type"": ""none"", ""location"": ""none""}",0.35539280662487727,8,zero_shot
cable,cable/test/good/026.png,0,none,none,good,none,none,True,"{""verdict"": ""good"", ""defect_type"": ""none"", ""location"": ""none""}",0.35539280662487727,8,zero_shot
cable,cable/test/good/027.png,0,none,none,good,none,none,True,"{""verdict"": ""good"", ""defect_type"": ""none"", ""location"": ""none""}",0.35539280662487727,8,zero_shot
cable,cable/test/good/028.png,0,none,none,good,none,none,True,"{""verdict"": ""good"", ""defect_type"": ""none"", ""location"": ""none""}",0.3510732696231571,8,zero_shot
cable,cable/test/good/029.png,0,none,none,good,none,none,True,"{""verdict"": ""good"", ""defect_type"": ""none"", ""location"": ""none""}",0.3510732696231571,8,zero_shot
cable,cable/test/good/030.png,0,none,none,good,none,none,True,"{""verdict"": ""good"", ""defect_type"": ""none"", ""location"": ""none""}",0.3510732696231571,8,zero_shot
cable,cable/test/good/031.png,0,none,none,good,none,none,True,"{""verdict"": ""good"", ""defect_type"": ""none"", ""location"": ""none""}",0.3510732696231571,8,zero_shot
cable,cable/test/good/032.png,0,none,none,good,none,none,True,"{""verdict"": ""good"", ""defect_type"": ""none"", ""location"": ""none""}",0.3510732696231571,8,zero_shot
cable,cable/test/good/033.png,0,none,none,good,none,none,True,"{""verdict"": ""good"", ""defect_type"": ""none"", ""location"": ""none""}",0.3510732696231571,8,zero_shot
cable,cable/test/good/034.png,0,none,none,good,none,none,True,"{""verdict"": ""good"", ""defect_type"": ""none"", ""location"": ""none""}",0.3510732696231571,8,zero_shot
cable,cable/test/good/035.png,0,none,none,good,none,none,True,"{""verdict"": ""good"", ""defect_type"": ""none"", ""location"": ""none""}",0.3510732696231571,8,zero_shot
cable,cable/test/good/036.png,0,none,none,good,none,none,True,"{""verdict"": ""good"", ""defect_type"": ""none"", ""location"": ""none""}",0.34999212574621197,8,zero_shot
cable,cable/test/good/037.png,0,none,none,good,none,none,True,"{""verdict"": ""good"", ""defect_type"": ""none"", ""location"": ""none""}",0.34999212574621197,8,zero_shot
cable,cable/test/good/038.png,0,none,none,good,none,none,True,"{""verdict"": ""good"", ""defect_type"": ""none"", ""location"": ""none""}",0.34999212574621197,8,zero_shot
cable,cable/test/good/039.png,0,none,none,good,none,none,True,"{""verdict"": ""good"", ""defect_type"": ""none"", ""location"": ""none""}",0.34999212574621197,8,zero_shot
cable,cable/test/good/040.png,0,none,none,good,none,none,True,"{""verdict"": ""good"", ""defect_type"": ""none"", ""location"": ""none""}",0.34999212574621197,8,zero_shot
cable,cable/test/good/041.png,0,none,none,good,none,none,True,"{""verdict"": ""good"", ""defect_type"": ""none"", ""location"": ""none""}",0.34999212574621197,8,zero_shot
cable,cable/test/good/042.png,0,none,none,good,none,none,True,"{""verdict"": ""good"", ""defect_type"": ""none"", ""location"": ""none""}",0.34999212574621197,8,zero_shot
cable,cable/test/good/043.png,0,none,none,good,none,none,True,"{""verdict"": ""good"", ""defect_type"": ""none"", ""location"": ""none""}",0.34999212574621197,8,zero_shot
cable,cable/test/good/044.png,0,none,none,good,none,none,True,"{""verdict"": ""good"", ""defect_type"": ""none"", ""location"": ""none""}",0.3499542863719398,8,zero_shot
cable,cable/test/good/045.png,0,none,none,good,none,none,True,"{""verdict"": ""good"", ""defect_type"": ""none"", ""location"": ""none""}",0.3499542863719398,8,zero_shot
cable,cable/test/good/046.png,0,none,none,good,none,none,True,"{""verdict"": ""good"", ""defect_type"": ""none"", ""location"": ""none""}",0.3499542863719398,8,zero_shot
cable,cable/test/good/047.png,0,none,none,good,none,none,True,"{""verdict"": ""good"", ""defect_type"": ""none"", ""location"": ""none""}",0.3499542863719398,8,zero_shot
cable,cable/test/good/048.png,0,none,none,good,none,none,True,"{""verdict"": ""good"", ""defect_type"": ""none"", ""location"": ""none""}",0.3499542863719398,8,zero_shot
cable,cable/test/good/049.png,0,none,none,good,none,none,True,"{""verdict"": ""good"", ""defect_type"": ""none"", ""location"": ""none""}",0.3499542863719398,8,zero_shot
cable,cable/test/good/050.png,0,none,none,good,none,none,True,"{""verdict"": ""good"", ""defect_type"": ""none"", ""location"": ""none""}",0.3499542863719398,8,zero_shot
cable,cable/test/good/051.png,0,none,none,good,none,none,True,"{""verdict"": ""good"", ""defect_type"": ""none"", ""location"": ""none""}",0.3499542863719398,8,zero_shot
cable,cable/test/good/052.png,0,none,none,good,none,none,True,"{""verdict"": ""good"", ""defect_type"": ""none"", ""location"": ""none""}",0.3503878408737364,8,zero_shot
cable,cable/test/good/053.png,0,none,none,good,none,none,True,"{""verdict"": ""good"", ""defect_type"": ""none"", ""location"": ""none""}",0.3503878408737364,8,zero_shot
cable,cable/test/good/054.png,0,none,none,good,none,none,True,"{""verdict"": ""good"", ""defect_type"": ""none"", ""location"": ""none""}",0.3503878408737364,8,zero_shot
cable,cable/test/good/055.png,0,none,none,good,none,none,True,"{""verdict"": ""good"", ""defect_type"": ""none"", ""location"": ""none""}",0.3503878408737364,8,zero_shot
cable,cable/test/good/056.png,0,none,none,good,none,none,True,"{""verdict"": ""good"", ""defect_type"": ""none"", ""location"": ""none""}",0.3503878408737364,8,zero_shot
cable,cable/test/good/057.png,0,none,none,good,none,none,True,"{""verdict"": ""good"", ""defect_type"": ""none"", ""location"": ""none""}",0.3503878408737364,8,zero_shot
cable,cable/test/bent_wire/000.png,1,bent_wire,center,good,none,none,True,"{""verdict"": ""good"", ""defect_type"": ""none"", ""location"": ""none""}",0.3503878408737364,8,zero_shot
cable,cable/test/bent_wire/002.png,1,bent_wire,top,good,none,none,True,"{""verdict"": ""good"", ""defect_type"": ""none"", ""location"": ""none""}",0.3503878408737364,8,zero_shot
cable,cable/test/bent_wire/006.png,1,bent_wire,left,good,none,none,True,"{""verdict"": ""good"", ""defect_type"": ""none"", ""location"": ""none""}",0.3507902058699983,8,zero_shot
cable,cable/test/bent_wire/007.png,1,bent_wire,center,good,none,center,True,"{""verdict"": ""good"", ""defect_type"": ""none"", ""location"": ""center""}",0.3507902058699983,8,zero_shot
cable,cable/test/bent_wire/008.png,1,bent_wire,center,good,none,none,True,"{""verdict"": ""good"", ""defect_type"": ""none"", ""location"": ""none""}",0.3507902058699983,8,zero_shot
cable,cable/test/bent_wire/009.png,1,bent_wire,left,good,none,none,True,"{""verdict"": ""good"", ""defect_type"": ""none"", ""location"": ""none""}",0.3507902058699983,8,zero_shot
cable,cable/test/bent_wire/011.png,1,bent_wire,center,good,none,center,True,"{""verdict"": ""good"", ""defect_type"": ""none"", ""location"": ""center""}",0.3507902058699983,8,zero_shot
cable,cable/test/cable_swap/000.png,1,cable_swap,right,good,none,none,True,"{""verdict"": ""good"", ""defect_type"": ""none"", ""location"": ""none""}",0.3507902058699983,8,zero_shot
cable,cable/test/cable_swap/004.png,1,cable_swap,top,good,none,none,True,"{""verdict"": ""good"", ""defect_type"": ""none"", ""location"": ""none""}",0.3507902058699983,8,zero_shot
cable,cable/test/cable_swap/005.png,1,cable_swap,center,good,none,none,True,"{""verdict"": ""good"", ""defect_type"": ""none"", ""location"": ""none""}",0.3507902058699983,8,zero_shot
cable,cable/test/cable_swap/007.png,1,cable_swap,center,good,none,none,True,"{""verdict"": ""good"", ""defect_type"": ""none"", ""location"": ""none""}",0.35118965699803084,8,zero_shot
cable,cable/test/cable_swap/008.png,1,cable_swap,center,good,none,none,True,"{""verdict"": ""good"", ""defect_type"": ""none"", ""location"": ""none""}",0.35118965699803084,8,zero_shot
cable,cable/test/cable_swap/011.png,1,cable_swap,top,good,none,none,True,"{""verdict"": ""good"", ""defect_type"": ""none"", ""location"": ""none""}",0.35118965699803084,8,zero_shot
cable,cable/test/combined/000.png,1,combined,center,good,none,none,True,"{""verdict"": ""good"", ""defect_type"": ""none"", ""location"": ""none""}",0.35118965699803084,8,zero_shot
cable,cable/test/combined/005.png,1,combined,center,good,none,none,True,"{""verdict"": ""good"", ""defect_type"": ""none"", ""location"": ""none""}",0.35118965699803084,8,zero_shot
cable,cable/test/combined/006.png,1,combined,center,good,none,none,True,"{""verdict"": ""good"", ""defect_type"": ""none"", ""location"": ""none""}",0.35118965699803084,8,zero_shot
cable,cable/test/combined/008.png,1,combined,center,good,none,none,True,"{""verdict"": ""good"", ""defect_type"": ""none"", ""location"": ""none""}",0.35118965699803084,8,zero_shot
cable,cable/test/combined/009.png,1,combined,center,good,none,none,True,"{""verdict"": ""good"", ""defect_type"": ""none"", ""location"": ""none""}",0.35118965699803084,8,zero_shot
cable,cable/test/cut_inner_insulation/000.png,1,cut_inner_insulation,center,good,none,none,True,"{""verdict"": ""good"", ""defect_type"": ""none"", ""location"": ""none""}",0.35002617125428515,8,zero_shot
cable,cable/test/cut_inner_insulation/002.png,1,cut_inner_insulation,center,good,none,none,True,"{""verdict"": ""good"", ""defect_type"": ""none"", ""location"": ""none""}",0.35002617125428515,8,zero_shot
cable,cable/test/cut_inner_insulation/003.png,1,cut_inner_insulation,center,good,none,none,True,"{""verdict"": ""good"", ""defect_type"": ""none"", ""location"": ""none""}",0.35002617125428515,8,zero_shot
cable,cable/test/cut_inner_insulation/004.png,1,cut_inner_insulation,center,good,none,none,True,"{""verdict"": ""good"", ""defect_type"": ""none"", ""location"": ""none""}",0.35002617125428515,8,zero_shot
cable,cable/test/cut_inner_insulation/006.png,1,cut_inner_insulation,left,good,none,none,True,"{""verdict"": ""good"", ""defect_type"": ""none"", ""location"": ""none""}",0.35002617125428515,8,zero_shot
cable,cable/test/cut_inner_insulation/011.png,1,cut_inner_insulation,center,good,none,none,True,"{""verdict"": ""good"", ""defect_type"": ""none"", ""location"": ""none""}",0.35002617125428515,8,zero_shot
cable,cable/test/cut_inner_insulation/012.png,1,cut_inner_insulation,center,good,none,none,True,"{""verdict"": ""good"", ""defect_type"": ""none"", ""location"": ""none""}",0.35002617125428515,8,zero_shot
cable,cable/test/cut_outer_insulation/000.png,1,cut_outer_insulation,right,good,none,none,True,"{""verdict"": ""good"", ""defect_type"": ""none"", ""location"": ""none""}",0.35002617125428515,8,zero_shot
cable,cable/test/cut_outer_insulation/001.png,1,cut_outer_insulation,bottom,good,none,none,True,"{""verdict"": ""good"", ""defect_type"": ""none"", ""location"": ""none""}",0.3508236126290285,8,zero_shot
cable,cable/test/cut_outer_insulation/003.png,1,cut_outer_insulation,right,good,none,none,True,"{""verdict"": ""good"", ""defect_type"": ""none"", ""location"": ""none""}",0.3508236126290285,8,zero_shot
cable,cable/test/cut_outer_insulation/004.png,1,cut_outer_insulation,bottom-left,good,none,none,True,"{""verdict"": ""good"", ""defect_type"": ""none"", ""location"": ""none""}",0.3508236126290285,8,zero_shot
cable,cable/test/cut_outer_insulation/009.png,1,cut_outer_insulation,left,good,none,none,True,"{""verdict"": ""good"", ""defect_type"": ""none"", ""location"": ""none""}",0.3508236126290285,8,zero_shot
cable,cable/test/missing_cable/000.png,1,missing_cable,top,good,none,none,True,"{""verdict"": ""good"", ""defect_type"": ""none"", ""location"": ""none""}",0.3508236126290285,8,zero_shot
cable,cable/test/missing_cable/001.png,1,missing_cable,center,good,none,center,True,"{""verdict"": ""good"", ""defect_type"": ""none"", ""location"": ""center""}",0.3508236126290285,8,zero_shot
cable,cable/test/missing_cable/005.png,1,missing_cable,center,good,none,center,True,"{""verdict"": ""good"", ""defect_type"": ""none"", ""location"": ""center""}",0.3508236126290285,8,zero_shot
cable,cable/test/missing_cable/007.png,1,missing_cable,center,good,none,none,True,"{""verdict"": ""good"", ""defect_type"": ""none"", ""location"": ""none""}",0.3508236126290285,8,zero_shot
cable,cable/test/missing_cable/009.png,1,missing_cable,center,good,none,none,True,"{""verdict"": ""good"", ""defect_type"": ""none"", ""location"": ""none""}",0.3504410075038322,8,zero_shot
cable,cable/test/missing_cable/010.png,1,missing_cable,center,good,none,none,True,"{""verdict"": ""good"", ""defect_type"": ""none"", ""location"": ""none""}",0.3504410075038322,8,zero_shot
cable,cable/test/missing_wire/004.png,1,missing_wire,center,good,none,none,True,"{""verdict"": ""good"", ""defect_type"": ""none"", ""location"": ""none""}",0.3504410075038322,8,zero_shot
cable,cable/test/missing_wire/005.png,1,missing_wire,center,good,none,none,True,"{""verdict"": ""good"", ""defect_type"": ""none"", ""location"": ""none""}",0.3504410075038322,8,zero_shot
cable,cable/test/missing_wire/006.png,1,missing_wire,top,good,none,none,True,"{""verdict"": ""good"", ""defect_type"": ""none"", ""location"": ""none""}",0.3504410075038322,8,zero_shot
cable,cable/test/missing_wire/007.png,1,missing_wire,left,good,none,none,True,"{""verdict"": ""good"", ""defect_type"": ""none"", ""location"": ""none""}",0.3504410075038322,8,zero_shot
cable,cable/test/missing_wire/009.png,1,missing_wire,top,good,none,none,True,"{""verdict"": ""good"", ""defect_type"": ""none"", ""location"": ""none""}",0.3504410075038322,8,zero_shot
cable,cable/test/poke_insulation/001.png,1,poke_insulation,left,good,none,none,True,"{""verdict"": ""good"", ""defect_type"": ""none"", ""location"": ""none""}",0.3504410075038322,8,zero_shot
cable,cable/test/poke_insulation/002.png,1,poke_insulation,top-left,good,none,none,True,"{""verdict"": ""good"", ""defect_type"": ""none"", ""location"": ""none""}",0.3888287314985064,8,zero_shot
cable,cable/test/poke_insulation/003.png,1,poke_insulation,bottom,good,none,none,True,"{""verdict"": ""good"", ""defect_type"": ""none"", ""location"": ""none""}",0.3888287314985064,8,zero_shot
cable,cable/test/poke_insulation/006.png,1,poke_insulation,right,good,none,none,True,"{""verdict"": ""good"", ""defect_type"": ""none"", ""location"": ""none""}",0.3888287314985064,8,zero_shot
cable,cable/test/poke_insulation/008.png,1,poke_insulation,left,good,none,none,True,"{""verdict"": ""good"", ""defect_type"": ""none"", ""location"": ""none""}",0.3888287314985064,8,zero_shot
capsule,capsule/test/good/000.png,0,none,none,good,none,none,True,"{""verdict"": ""good"", ""defect_type"": ""none"", ""location"": ""none""}",0.3888287314985064,8,zero_shot
capsule,capsule/test/good/001.png,0,none,none,good,none,none,True,"{""verdict"": ""good"", ""defect_type"": ""none"", ""location"": ""none""}",0.3888287314985064,8,zero_shot
capsule,capsule/test/good/002.png,0,none,none,good,none,none,True,"{""verdict"": ""good"", ""defect_type"": ""none"", ""location"": ""none""}",0.3888287314985064,8,zero_shot
capsule,capsule/test/good/003.png,0,none,none,good,none,none,True,"{""verdict"": ""good"", ""defect_type"": ""none"", ""location"": ""none""}",0.3888287314985064,8,zero_shot
capsule,capsule/test/good/004.png,0,none,none,good,none,none,True,"{""verdict"": ""good"", ""defect_type"": ""none"", ""location"": ""none""}",0.3629257520005922,8,zero_shot
capsule,capsule/test/good/005.png,0,none,none,good,none,none,True,"{""verdict"": ""good"", ""defect_type"": ""none"", ""location"": ""none""}",0.3629257520005922,8,zero_shot
capsule,capsule/test/good/006.png,0,none,none,good,none,none,True,"{""verdict"": ""good"", ""defect_type"": ""none"", ""location"": ""none""}",0.3629257520005922,8,zero_shot
capsule,capsule/test/good/007.png,0,none,none,good,none,none,True,"{""verdict"": ""good"", ""defect_type"": ""none"", ""location"": ""none""}",0.3629257520005922,8,zero_shot
capsule,capsule/test/good/008.png,0,none,none,good,none,none,True,"{""verdict"": ""good"", ""defect_type"": ""none"", ""location"": ""none""}",0.3629257520005922,8,zero_shot
capsule,capsule/test/good/009.png,0,none,none,good,none,none,True,"{""verdict"": ""good"", ""defect_type"": ""none"", ""location"": ""none""}",0.3629257520005922,8,zero_shot
capsule,capsule/test/good/010.png,0,none,none,good,none,none,True,"{""verdict"": ""good"", ""defect_type"": ""none"", ""location"": ""none""}",0.3629257520005922,8,zero_shot
capsule,capsule/test/good/011.png,0,none,none,defective,crack,top,True,"{""verdict"": ""defective"", ""defect_type"": ""crack"", ""location"": ""top""}",0.3629257520005922,8,zero_shot
capsule,capsule/test/good/012.png,0,none,none,good,none,none,True,"{""verdict"": ""good"", ""defect_type"": ""none"", ""location"": ""none""}",0.34637204299360747,8,zero_shot
capsule,capsule/test/good/013.png,0,none,none,good,none,none,True,"{""verdict"": ""good"", ""defect_type"": ""none"", ""location"": ""none""}",0.34637204299360747,8,zero_shot
capsule,capsule/test/good/014.png,0,none,none,good,none,none,True,"{""verdict"": ""good"", ""defect_type"": ""none"", ""location"": ""none""}",0.34637204299360747,8,zero_shot
capsule,capsule/test/good/015.png,0,none,none,good,none,none,True,"{""verdict"": ""good"", ""defect_type"": ""none"", ""location"": ""none""}",0.34637204299360747,8,zero_shot
capsule,capsule/test/good/016.png,0,none,none,good,none,none,True,"{""verdict"": ""good"", ""defect_type"": ""none"", ""location"": ""none""}",0.34637204299360747,8,zero_shot
capsule,capsule/test/good/017.png,0,none,none,good,none,none,True,"{""verdict"": ""good"", ""defect_type"": ""none"", ""location"": ""none""}",0.34637204299360747,8,zero_shot
capsule,capsule/test/good/018.png,0,none,none,good,none,none,True,"{""verdict"": ""good"", ""defect_type"": ""none"", ""location"": ""none""}",0.34637204299360747,8,zero_shot
capsule,capsule/test/good/019.png,0,none,none,good,none,none,True,"{""verdict"": ""good"", ""defect_type"": ""none"", ""location"": ""none""}",0.34637204299360747,8,zero_shot
capsule,capsule/test/good/020.png,0,none,none,good,none,none,True,"{""verdict"": ""good"", ""defect_type"": ""none"", ""location"": ""none""}",0.35513371112028835,8,zero_shot
capsule,capsule/test/good/021.png,0,none,none,good,none,none,True,"{""verdict"": ""good"", ""defect_type"": ""none"", ""location"": ""none""}",0.35513371112028835,8,zero_shot
capsule,capsule/test/good/022.png,0,none,none,good,none,none,True,"{""verdict"": ""good"", ""defect_type"": ""none"", ""location"": ""none""}",0.35513371112028835,8,zero_shot
capsule,capsule/test/crack/001.png,1,crack,left,defective,poke,left,True,"{""verdict"": ""defective"", ""defect_type"": ""poke"", ""location"": ""left""}",0.35513371112028835,8,zero_shot
capsule,capsule/test/crack/002.png,1,crack,left,good,none,none,True,"{""verdict"": ""good"", ""defect_type"": ""none"", ""location"": ""none""}",0.35513371112028835,8,zero_shot
capsule,capsule/test/crack/005.png,1,crack,left,good,none,none,True,"{""verdict"": ""good"", ""defect_type"": ""none"", ""location"": ""none""}",0.35513371112028835,8,zero_shot
capsule,capsule/test/crack/008.png,1,crack,right,good,none,none,True,"{""verdict"": ""good"", ""defect_type"": ""none"", ""location"": ""none""}",0.35513371112028835,8,zero_shot
capsule,capsule/test/crack/009.png,1,crack,center,good,none,none,True,"{""verdict"": ""good"", ""defect_type"": ""none"", ""location"": ""none""}",0.35513371112028835,8,zero_shot
capsule,capsule/test/crack/010.png,1,crack,center,defective,poke,center,True,"{""verdict"": ""defective"", ""defect_type"": ""poke"", ""location"": ""center""}",0.3629833681261516,8,zero_shot
capsule,capsule/test/crack/014.png,1,crack,center,defective,poke,center,True,"{""verdict"": ""defective"", ""defect_type"": ""poke"", ""location"": ""center""}",0.3629833681261516,8,zero_shot
capsule,capsule/test/crack/015.png,1,crack,center,defective,crack,center,True,"{""verdict"": ""defective"", ""defect_type"": ""crack"", ""location"": ""center""}",0.3629833681261516,8,zero_shot
capsule,capsule/test/crack/016.png,1,crack,right,good,none,none,True,"{""verdict"": ""good"", ""defect_type"": ""none"", ""location"": ""none""}",0.3629833681261516,8,zero_shot
capsule,capsule/test/crack/017.png,1,crack,right,good,none,none,True,"{""verdict"": ""good"", ""defect_type"": ""none"", ""location"": ""none""}",0.3629833681261516,8,zero_shot
capsule,capsule/test/crack/018.png,1,crack,right,good,none,none,True,"{""verdict"": ""good"", ""defect_type"": ""none"", ""location"": ""none""}",0.3629833681261516,8,zero_shot
capsule,capsule/test/faulty_imprint/001.png,1,faulty_imprint,center,defective,crack,center,True,"{""verdict"": ""defective"", ""defect_type"": ""crack"", ""location"": ""center""}",0.3629833681261516,8,zero_shot
capsule,capsule/test/faulty_imprint/002.png,1,faulty_imprint,right,good,none,none,True,"{""verdict"": ""good"", ""defect_type"": ""none"", ""location"": ""none""}",0.3629833681261516,8,zero_shot
capsule,capsule/test/faulty_imprint/004.png,1,faulty_imprint,right,good,none,none,True,"{""verdict"": ""good"", ""defect_type"": ""none"", ""location"": ""none""}",0.3543422532529803,8,zero_shot
capsule,capsule/test/faulty_imprint/006.png,1,faulty_imprint,center,good,none,none,True,"{""verdict"": ""good"", ""defect_type"": ""none"", ""location"": ""none""}",0.3543422532529803,8,zero_shot
capsule,capsule/test/faulty_imprint/011.png,1,faulty_imprint,center,good,none,none,True,"{""verdict"": ""good"", ""defect_type"": ""none"", ""location"": ""none""}",0.3543422532529803,8,zero_shot
capsule,capsule/test/faulty_imprint/013.png,1,faulty_imprint,right,good,none,none,True,"{""verdict"": ""good"", ""defect_type"": ""none"", ""location"": ""none""}",0.3543422532529803,8,zero_shot
capsule,capsule/test/faulty_imprint/015.png,1,faulty_imprint,center,good,none,none,True,"{""verdict"": ""good"", ""defect_type"": ""none"", ""location"": ""none""}",0.3543422532529803,8,zero_shot
capsule,capsule/test/faulty_imprint/016.png,1,faulty_imprint,right,defective,scratch,right,True,"{""verdict"": ""defective"", ""defect_type"": ""scratch"", ""location"": ""right""}",0.3543422532529803,8,zero_shot
capsule,capsule/test/faulty_imprint/017.png,1,faulty_imprint,center,good,none,none,True,"{""verdict"": ""good"", ""defect_type"": ""none"", ""location"": ""none""}",0.3543422532529803,8,zero_shot
capsule,capsule/test/faulty_imprint/018.png,1,faulty_imprint,right,good,none,none,True,"{""verdict"": ""good"", ""defect_type"": ""none"", ""location"": ""none""}",0.3543422532529803,8,zero_shot
capsule,capsule/test/faulty_imprint/020.png,1,faulty_imprint,right,good,none,none,True,"{""verdict"": ""good"", ""defect_type"": ""none"", ""location"": ""none""}",0.35450332300388254,8,zero_shot
capsule,capsule/test/poke/001.png,1,poke,left,good,none,none,True,"{""verdict"": ""good"", ""defect_type"": ""none"", ""location"": ""none""}",0.35450332300388254,8,zero_shot
capsule,capsule/test/poke/003.png,1,poke,center,defective,scratch,right,True,"{""verdict"": ""defective"", ""defect_type"": ""scratch"", ""location"": ""right""}",0.35450332300388254,8,zero_shot
capsule,capsule/test/poke/004.png,1,poke,right,defective,scratch,right,True,"{""verdict"": ""defective"", ""defect_type"": ""scratch"", ""location"": ""right""}",0.35450332300388254,8,zero_shot
capsule,capsule/test/poke/005.png,1,poke,center,good,none,none,True,"{""verdict"": ""good"", ""defect_type"": ""none"", ""location"": ""none""}",0.35450332300388254,8,zero_shot
capsule,capsule/test/poke/009.png,1,poke,left,good,none,none,True,"{""verdict"": ""good"", ""defect_type"": ""none"", ""location"": ""none""}",0.35450332300388254,8,zero_shot
capsule,capsule/test/poke/010.png,1,poke,right,good,none,none,True,"{""verdict"": ""good"", ""defect_type"": ""none"", ""location"": ""none""}",0.35450332300388254,8,zero_shot
capsule,capsule/test/poke/011.png,1,poke,right,defective,scratch,top,True,"{""verdict"": ""defective"", ""defect_type"": ""scratch"", ""location"": ""top""}",0.35450332300388254,8,zero_shot
capsule,capsule/test/poke/014.png,1,poke,center,good,none,none,True,"{""verdict"": ""good"", ""defect_type"": ""none"", ""location"": ""none""}",0.3542387698762468,8,zero_shot
capsule,capsule/test/poke/015.png,1,poke,center,good,none,none,True,"{""verdict"": ""good"", ""defect_type"": ""none"", ""location"": ""none""}",0.3542387698762468,8,zero_shot
capsule,capsule/test/poke/016.png,1,poke,left,good,none,none,True,"{""verdict"": ""good"", ""defect_type"": ""none"", ""location"": ""none""}",0.3542387698762468,8,zero_shot
capsule,capsule/test/poke/017.png,1,poke,right,good,none,none,True,"{""verdict"": ""good"", ""defect_type"": ""none"", ""location"": ""none""}",0.3542387698762468,8,zero_shot
capsule,capsule/test/scratch/000.png,1,scratch,right,good,none,none,True,"{""verdict"": ""good"", ""defect_type"": ""none"", ""location"": ""none""}",0.3542387698762468,8,zero_shot
capsule,capsule/test/scratch/003.png,1,scratch,right,good,none,none,True,"{""verdict"": ""good"", ""defect_type"": ""none"", ""location"": ""none""}",0.3542387698762468,8,zero_shot
capsule,capsule/test/scratch/004.png,1,scratch,right,good,none,none,True,"{""verdict"": ""good"", ""defect_type"": ""none"", ""location"": ""none""}",0.3542387698762468,8,zero_shot
capsule,capsule/test/scratch/007.png,1,scratch,right,defective,scratch,right,True,"{""verdict"": ""defective"", ""defect_type"": ""scratch"", ""location"": ""right""}",0.3542387698762468,8,zero_shot
capsule,capsule/test/scratch/008.png,1,scratch,center,defective,scratch,right,True,"{""verdict"": ""defective"", ""defect_type"": ""scratch"", ""location"": ""right""}",0.3541891609929735,8,zero_shot
capsule,capsule/test/scratch/009.png,1,scratch,right,good,none,none,True,"{""verdict"": ""good"", ""defect_type"": ""none"", ""location"": ""none""}",0.3541891609929735,8,zero_shot
capsule,capsule/test/scratch/011.png,1,scratch,right,good,none,none,True,"{""verdict"": ""good"", ""defect_type"": ""none"", ""location"": ""none""}",0.3541891609929735,8,zero_shot
capsule,capsule/test/scratch/017.png,1,scratch,center,defective,scratch,center,True,"{""verdict"": ""defective"", ""defect_type"": ""scratch"", ""location"": ""center""}",0.3541891609929735,8,zero_shot
capsule,capsule/test/scratch/018.png,1,scratch,center,good,none,none,True,"{""verdict"": ""good"", ""defect_type"": ""none"", ""location"": ""none""}",0.3541891609929735,8,zero_shot
capsule,capsule/test/scratch/019.png,1,scratch,right,good,none,none,True,"{""verdict"": ""good"", ""defect_type"": ""none"", ""location"": ""none""}",0.3541891609929735,8,zero_shot
capsule,capsule/test/scratch/020.png,1,scratch,right,good,none,none,True,"{""verdict"": ""good"", ""defect_type"": ""none"", ""location"": ""none""}",0.3541891609929735,8,zero_shot
capsule,capsule/test/squeeze/000.png,1,squeeze,right,defective,poke,right,True,"{""verdict"": ""defective"", ""defect_type"": ""poke"", ""location"": ""right""}",0.3541891609929735,8,zero_shot
capsule,capsule/test/squeeze/001.png,1,squeeze,center,defective,scratch,top,True,"{""verdict"": ""defective"", ""defect_type"": ""scratch"", ""location"": ""top""}",0.35447982749610674,8,zero_shot
capsule,capsule/test/squeeze/002.png,1,squeeze,left,good,none,none,True,"{""verdict"": ""good"", ""defect_type"": ""none"", ""location"": ""none""}",0.35447982749610674,8,zero_shot
capsule,capsule/test/squeeze/003.png,1,squeeze,right,good,none,none,True,"{""verdict"": ""good"", ""defect_type"": ""none"", ""location"": ""none""}",0.35447982749610674,8,zero_shot
capsule,capsule/test/squeeze/004.png,1,squeeze,left,good,none,none,True,"{""verdict"": ""good"", ""defect_type"": ""none"", ""location"": ""none""}",0.35447982749610674,8,zero_shot
capsule,capsule/test/squeeze/009.png,1,squeeze,center,good,none,none,True,"{""verdict"": ""good"", ""defect_type"": ""none"", ""location"": ""none""}",0.35447982749610674,8,zero_shot
capsule,capsule/test/squeeze/010.png,1,squeeze,right,good,none,none,True,"{""verdict"": ""good"", ""defect_type"": ""none"", ""location"": ""none""}",0.35447982749610674,8,zero_shot
capsule,capsule/test/squeeze/012.png,1,squeeze,center,good,none,none,True,"{""verdict"": ""good"", ""defect_type"": ""none"", ""location"": ""none""}",0.35447982749610674,8,zero_shot
capsule,capsule/test/squeeze/014.png,1,squeeze,center,good,none,none,True,"{""verdict"": ""good"", ""defect_type"": ""none"", ""location"": ""none""}",0.35447982749610674,8,zero_shot
capsule,capsule/test/squeeze/016.png,1,squeeze,right,good,none,none,True,"{""verdict"": ""good"", ""defect_type"": ""none"", ""location"": ""none""}",0.3466946563712554,8,zero_shot
carpet,carpet/test/good/000.png,0,none,none,good,none,none,True,"{""verdict"": ""good"", ""defect_type"": ""none"", ""location"": ""none""}",0.3466946563712554,8,zero_shot
carpet,carpet/test/good/001.png,0,none,none,good,none,none,True,"{""verdict"": ""good"", ""defect_type"": ""none"", ""location"": ""none""}",0.3466946563712554,8,zero_shot
carpet,carpet/test/good/002.png,0,none,none,good,none,none,True,"{""verdict"": ""good"", ""defect_type"": ""none"", ""location"": ""none""}",0.3466946563712554,8,zero_shot
carpet,carpet/test/good/003.png,0,none,none,good,none,none,True,"{""verdict"": ""good"", ""defect_type"": ""none"", ""location"": ""none""}",0.3466946563712554,8,zero_shot
carpet,carpet/test/good/004.png,0,none,none,good,none,none,True,"{""verdict"": ""good"", ""defect_type"": ""none"", ""location"": ""none""}",0.3466946563712554,8,zero_shot
carpet,carpet/test/good/005.png,0,none,none,good,none,none,True,"{""verdict"": ""good"", ""defect_type"": ""none"", ""location"": ""none""}",0.3466946563712554,8,zero_shot
carpet,carpet/test/good/006.png,0,none,none,good,none,none,True,"{""verdict"": ""good"", ""defect_type"": ""none"", ""location"": ""none""}",0.3466946563712554,8,zero_shot
carpet,carpet/test/good/007.png,0,none,none,good,none,none,True,"{""verdict"": ""good"", ""defect_type"": ""none"", ""location"": ""none""}",0.34591314562567277,8,zero_shot
carpet,carpet/test/good/008.png,0,none,none,good,none,none,True,"{""verdict"": ""good"", ""defect_type"": ""none"", ""location"": ""none""}",0.34591314562567277,8,zero_shot
carpet,carpet/test/good/009.png,0,none,none,good,none,none,True,"{""verdict"": ""good"", ""defect_type"": ""none"", ""location"": ""none""}",0.34591314562567277,8,zero_shot
carpet,carpet/test/good/010.png,0,none,none,good,none,none,True,"{""verdict"": ""good"", ""defect_type"": ""none"", ""location"": ""none""}",0.34591314562567277,8,zero_shot
carpet,carpet/test/good/011.png,0,none,none,good,none,none,True,"{""verdict"": ""good"", ""defect_type"": ""none"", ""location"": ""none""}",0.34591314562567277,8,zero_shot
carpet,carpet/test/good/012.png,0,none,none,good,none,none,True,"{""verdict"": ""good"", ""defect_type"": ""none"", ""location"": ""none""}",0.34591314562567277,8,zero_shot
carpet,carpet/test/good/013.png,0,none,none,good,none,none,True,"{""verdict"": ""good"", ""defect_type"": ""none"", ""location"": ""none""}",0.34591314562567277,8,zero_shot
carpet,carpet/test/good/014.png,0,none,none,good,none,none,True,"{""verdict"": ""good"", ""defect_type"": ""none"", ""location"": ""none""}",0.34591314562567277,8,zero_shot
carpet,carpet/test/good/015.png,0,none,none,good,none,none,True,"{""verdict"": ""good"", ""defect_type"": ""none"", ""location"": ""none""}",0.34580231562722474,8,zero_shot
carpet,carpet/test/good/016.png,0,none,none,good,none,none,True,"{""verdict"": ""good"", ""defect_type"": ""none"", ""location"": ""none""}",0.34580231562722474,8,zero_shot
carpet,carpet/test/good/017.png,0,none,none,good,none,none,True,"{""verdict"": ""good"", ""defect_type"": ""none"", ""location"": ""none""}",0.34580231562722474,8,zero_shot
carpet,carpet/test/good/018.png,0,none,none,good,none,none,True,"{""verdict"": ""good"", ""defect_type"": ""none"", ""location"": ""none""}",0.34580231562722474,8,zero_shot
carpet,carpet/test/good/019.png,0,none,none,good,none,none,True,"{""verdict"": ""good"", ""defect_type"": ""none"", ""location"": ""none""}",0.34580231562722474,8,zero_shot
carpet,carpet/test/good/020.png,0,none,none,good,none,none,True,"{""verdict"": ""good"", ""defect_type"": ""none"", ""location"": ""none""}",0.34580231562722474,8,zero_shot
carpet,carpet/test/good/021.png,0,none,none,good,none,none,True,"{""verdict"": ""good"", ""defect_type"": ""none"", ""location"": ""none""}",0.34580231562722474,8,zero_shot
carpet,carpet/test/good/022.png,0,none,none,good,none,none,True,"{""verdict"": ""good"", ""defect_type"": ""none"", ""location"": ""none""}",0.34580231562722474,8,zero_shot
carpet,carpet/test/good/023.png,0,none,none,good,none,none,True,"{""verdict"": ""good"", ""defect_type"": ""none"", ""location"": ""none""}",0.3459240945012425,8,zero_shot
carpet,carpet/test/good/024.png,0,none,none,good,none,none,True,"{""verdict"": ""good"", ""defect_type"": ""none"", ""location"": ""none""}",0.3459240945012425,8,zero_shot
carpet,carpet/test/good/025.png,0,none,none,good,none,none,True,"{""verdict"": ""good"", ""defect_type"": ""none"", ""location"": ""none""}",0.3459240945012425,8,zero_shot
carpet,carpet/test/good/026.png,0,none,none,good,none,none,True,"{""verdict"": ""good"", ""defect_type"": ""none"", ""location"": ""none""}",0.3459240945012425,8,zero_shot
carpet,carpet/test/good/027.png,0,none,none,good,none,none,True,"{""verdict"": ""good"", ""defect_type"": ""none"", ""location"": ""none""}",0.3459240945012425,8,zero_shot
carpet,carpet/test/color/001.png,1,color,center,good,none,none,True,"{""verdict"": ""good"", ""defect_type"": ""none"", ""location"": ""none""}",0.3459240945012425,8,zero_shot
carpet,carpet/test/color/002.png,1,color,top-left,good,none,none,True,"{""verdict"": ""good"", ""defect_type"": ""none"", ""location"": ""none""}",0.3459240945012425,8,zero_shot
carpet,carpet/test/color/004.png,1,color,right,good,none,none,True,"{""verdict"": ""good"", ""defect_type"": ""none"", ""location"": ""none""}",0.3459240945012425,8,zero_shot
carpet,carpet/test/color/005.png,1,color,top-left,good,none,none,True,"{""verdict"": ""good"", ""defect_type"": ""none"", ""location"": ""none""}",0.38350703937612707,8,zero_shot
carpet,carpet/test/color/008.png,1,color,center,good,none,none,True,"{""verdict"": ""good"", ""defect_type"": ""none"", ""location"": ""none""}",0.38350703937612707,8,zero_shot
carpet,carpet/test/color/009.png,1,color,top-left,good,none,none,True,"{""verdict"": ""good"", ""defect_type"": ""none"", ""location"": ""none""}",0.38350703937612707,8,zero_shot
carpet,carpet/test/color/012.png,1,color,bottom,defective,metal_contamination,center,True,"{""verdict"": ""defective"", ""defect_type"": ""metal_contamination"", ""location"": ""center""}",0.38350703937612707,8,zero_shot
carpet,carpet/test/color/014.png,1,color,center,good,none,none,True,"{""verdict"": ""good"", ""defect_type"": ""none"", ""location"": ""none""}",0.38350703937612707,8,zero_shot
carpet,carpet/test/color/016.png,1,color,center,good,none,none,True,"{""verdict"": ""good"", ""defect_type"": ""none"", ""location"": ""none""}",0.38350703937612707,8,zero_shot
carpet,carpet/test/cut/000.png,1,cut,left,defective,hole,left,True,"{""verdict"": ""defective"", ""defect_type"": ""hole"", ""location"": ""left""}",0.38350703937612707,8,zero_shot
carpet,carpet/test/cut/001.png,1,cut,right,good,none,none,True,"{""verdict"": ""good"", ""defect_type"": ""none"", ""location"": ""none""}",0.38350703937612707,8,zero_shot
carpet,carpet/test/cut/004.png,1,cut,left,good,none,none,True,"{""verdict"": ""good"", ""defect_type"": ""none"", ""location"": ""none""}",0.3630710441284464,8,zero_shot
carpet,carpet/test/cut/006.png,1,cut,center,good,none,none,True,"{""verdict"": ""good"", ""defect_type"": ""none"", ""location"": ""none""}",0.3630710441284464,8,zero_shot
carpet,carpet/test/cut/008.png,1,cut,left,good,none,none,True,"{""verdict"": ""good"", ""defect_type"": ""none"", ""location"": ""none""}",0.3630710441284464,8,zero_shot
carpet,carpet/test/cut/009.png,1,cut,center,defective,hole,center,True,"{""verdict"": ""defective"", ""defect_type"": ""hole"", ""location"": ""center""}",0.3630710441284464,8,zero_shot
carpet,carpet/test/cut/010.png,1,cut,center,defective,hole,center,True,"{""verdict"": ""defective"", ""defect_type"": ""hole"", ""location"": ""center""}",0.3630710441284464,8,zero_shot
carpet,carpet/test/cut/015.png,1,cut,top,defective,hole,center,True,"{""verdict"": ""defective"", ""defect_type"": ""hole"", ""location"": ""center""}",0.3630710441284464,8,zero_shot
carpet,carpet/test/cut/016.png,1,cut,center,good,none,none,True,"{""verdict"": ""good"", ""defect_type"": ""none"", ""location"": ""none""}",0.3630710441284464,8,zero_shot
carpet,carpet/test/hole/001.png,1,hole,left,good,none,none,True,"{""verdict"": ""good"", ""defect_type"": ""none"", ""location"": ""none""}",0.3630710441284464,8,zero_shot
carpet,carpet/test/hole/002.png,1,hole,top,good,none,none,True,"{""verdict"": ""good"", ""defect_type"": ""none"", ""location"": ""none""}",0.3558520301230601,8,zero_shot
carpet,carpet/test/hole/004.png,1,hole,right,good,none,none,True,"{""verdict"": ""good"", ""defect_type"": ""none"", ""location"": ""none""}",0.3558520301230601,8,zero_shot
carpet,carpet/test/hole/005.png,1,hole,bottom-left,good,none,none,True,"{""verdict"": ""good"", ""defect_type"": ""none"", ""location"": ""none""}",0.3558520301230601,8,zero_shot
carpet,carpet/test/hole/007.png,1,hole,center,defective,hole,center,True,"{""verdict"": ""defective"", ""defect_type"": ""hole"", ""location"": ""center""}",0.3558520301230601,8,zero_shot
carpet,carpet/test/hole/011.png,1,hole,left,good,none,none,True,"{""verdict"": ""good"", ""defect_type"": ""none"", ""location"": ""none""}",0.3558520301230601,8,zero_shot
carpet,carpet/test/hole/012.png,1,hole,center,good,none,none,True,"{""verdict"": ""good"", ""defect_type"": ""none"", ""location"": ""none""}",0.3558520301230601,8,zero_shot
carpet,carpet/test/hole/014.png,1,hole,left,good,hole,left,True,"{""verdict"": ""good"", ""defect_type"": ""hole"", ""location"": ""left""}",0.3558520301230601,8,zero_shot
carpet,carpet/test/hole/015.png,1,hole,bottom-left,good,none,none,True,"{""verdict"": ""good"", ""defect_type"": ""none"", ""location"": ""none""}",0.3558520301230601,8,zero_shot
carpet,carpet/test/metal_contamination/000.png,1,metal_contamination,center,good,none,none,True,"{""verdict"": ""good"", ""defect_type"": ""none"", ""location"": ""none""}",0.37995084712747484,8,zero_shot
carpet,carpet/test/metal_contamination/002.png,1,metal_contamination,center,defective,metal_contamination,center,True,"{""verdict"": ""defective"", ""defect_type"": ""metal_contamination"", ""location"": ""center""}",0.37995084712747484,8,zero_shot
carpet,carpet/test/metal_contamination/003.png,1,metal_contamination,left,good,none,none,True,"{""verdict"": ""good"", ""defect_type"": ""none"", ""location"": ""none""}",0.37995084712747484,8,zero_shot
carpet,carpet/test/metal_contamination/004.png,1,metal_contamination,bottom-right,defective,metal_contamination,center,True,"{""verdict"": ""defective"", ""defect_type"": ""metal_contamination"", ""location"": ""center""}",0.37995084712747484,8,zero_shot
carpet,carpet/test/metal_contamination/006.png,1,metal_contamination,center,defective,metal_contamination,center,True,"{""verdict"": ""defective"", ""defect_type"": ""metal_contamination"", ""location"": ""center""}",0.37995084712747484,8,zero_shot
carpet,carpet/test/metal_contamination/007.png,1,metal_contamination,bottom,defective,metal_contamination,center,True,"{""verdict"": ""defective"", ""defect_type"": ""metal_contamination"", ""location"": ""center""}",0.37995084712747484,8,zero_shot
carpet,carpet/test/metal_contamination/010.png,1,metal_contamination,bottom,good,none,none,True,"{""verdict"": ""good"", ""defect_type"": ""none"", ""location"": ""none""}",0.37995084712747484,8,zero_shot
carpet,carpet/test/metal_contamination/014.png,1,metal_contamination,bottom,good,metal_contamination,center,True,"{""verdict"": ""good"", ""defect_type"": ""metal_contamination"", ""location"": ""center""}",0.37995084712747484,8,zero_shot
carpet,carpet/test/metal_contamination/015.png,1,metal_contamination,bottom,defective,metal_contamination,center,True,"{""verdict"": ""defective"", ""defect_type"": ""metal_contamination"", ""location"": ""center""}",0.3773679732476012,8,zero_shot
carpet,carpet/test/thread/002.png,1,thread,center,good,none,center,True,"{""verdict"": ""good"", ""defect_type"": ""none"", ""location"": ""center""}",0.3773679732476012,8,zero_shot
carpet,carpet/test/thread/004.png,1,thread,center,good,none,none,True,"{""verdict"": ""good"", ""defect_type"": ""none"", ""location"": ""none""}",0.3773679732476012,8,zero_shot
carpet,carpet/test/thread/005.png,1,thread,right,good,none,none,True,"{""verdict"": ""good"", ""defect_type"": ""none"", ""location"": ""none""}",0.3773679732476012,8,zero_shot
carpet,carpet/test/thread/008.png,1,thread,bottom,good,thread,center,True,"{""verdict"": ""good"", ""defect_type"": ""thread"", ""location"": ""center""}",0.3773679732476012,8,zero_shot
carpet,carpet/test/thread/009.png,1,thread,center,good,none,none,True,"{""verdict"": ""good"", ""defect_type"": ""none"", ""location"": ""none""}",0.3773679732476012,8,zero_shot
carpet,carpet/test/thread/011.png,1,thread,left,good,none,none,True,"{""verdict"": ""good"", ""defect_type"": ""none"", ""location"": ""none""}",0.3773679732476012,8,zero_shot
carpet,carpet/test/thread/012.png,1,thread,left,good,none,none,True,"{""verdict"": ""good"", ""defect_type"": ""none"", ""location"": ""none""}",0.3773679732476012,8,zero_shot
carpet,carpet/test/thread/014.png,1,thread,bottom-left,good,none,none,True,"{""verdict"": ""good"", ""defect_type"": ""none"", ""location"": ""none""}",0.3457519668736495,8,zero_shot
carpet,carpet/test/thread/015.png,1,thread,left,good,none,none,True,"{""verdict"": ""good"", ""defect_type"": ""none"", ""location"": ""none""}",0.3457519668736495,8,zero_shot
grid,grid/test/good/000.png,0,none,none,good,none,none,True,"{""verdict"": ""good"", ""defect_type"": ""none"", ""location"": ""none""}",0.3457519668736495,8,zero_shot
grid,grid/test/good/001.png,0,none,none,good,none,none,True,"{""verdict"": ""good"", ""defect_type"": ""none"", ""location"": ""none""}",0.3457519668736495,8,zero_shot
grid,grid/test/good/002.png,0,none,none,good,none,none,True,"{""verdict"": ""good"", ""defect_type"": ""none"", ""location"": ""none""}",0.3457519668736495,8,zero_shot
grid,grid/test/good/003.png,0,none,none,good,none,none,True,"{""verdict"": ""good"", ""defect_type"": ""none"", ""location"": ""none""}",0.3457519668736495,8,zero_shot
grid,grid/test/good/004.png,0,none,none,good,none,none,True,"{""verdict"": ""good"", ""defect_type"": ""none"", ""location"": ""none""}",0.3457519668736495,8,zero_shot
grid,grid/test/good/005.png,0,none,none,good,none,none,True,"{""verdict"": ""good"", ""defect_type"": ""none"", ""location"": ""none""}",0.3457519668736495,8,zero_shot
grid,grid/test/good/006.png,0,none,none,good,none,none,True,"{""verdict"": ""good"", ""defect_type"": ""none"", ""location"": ""none""}",0.34761811662610853,8,zero_shot
grid,grid/test/good/007.png,0,none,none,good,none,none,True,"{""verdict"": ""good"", ""defect_type"": ""none"", ""location"": ""none""}",0.34761811662610853,8,zero_shot
grid,grid/test/good/008.png,0,none,none,good,none,none,True,"{""verdict"": ""good"", ""defect_type"": ""none"", ""location"": ""none""}",0.34761811662610853,8,zero_shot
grid,grid/test/good/009.png,0,none,none,good,none,none,True,"{""verdict"": ""good"", ""defect_type"": ""none"", ""location"": ""none""}",0.34761811662610853,8,zero_shot
grid,grid/test/good/010.png,0,none,none,good,none,none,True,"{""verdict"": ""good"", ""defect_type"": ""none"", ""location"": ""none""}",0.34761811662610853,8,zero_shot
grid,grid/test/good/011.png,0,none,none,good,none,none,True,"{""verdict"": ""good"", ""defect_type"": ""none"", ""location"": ""none""}",0.34761811662610853,8,zero_shot
grid,grid/test/good/012.png,0,none,none,good,none,none,True,"{""verdict"": ""good"", ""defect_type"": ""none"", ""location"": ""none""}",0.34761811662610853,8,zero_shot
grid,grid/test/good/013.png,0,none,none,good,none,none,True,"{""verdict"": ""good"", ""defect_type"": ""none"", ""location"": ""none""}",0.34761811662610853,8,zero_shot
grid,grid/test/good/014.png,0,none,none,good,none,none,True,"{""verdict"": ""good"", ""defect_type"": ""none"", ""location"": ""none""}",0.345628377624962,8,zero_shot
grid,grid/test/good/015.png,0,none,none,good,none,none,True,"{""verdict"": ""good"", ""defect_type"": ""none"", ""location"": ""none""}",0.345628377624962,8,zero_shot
grid,grid/test/good/016.png,0,none,none,good,none,none,True,"{""verdict"": ""good"", ""defect_type"": ""none"", ""location"": ""none""}",0.345628377624962,8,zero_shot
grid,grid/test/good/017.png,0,none,none,good,none,none,True,"{""verdict"": ""good"", ""defect_type"": ""none"", ""location"": ""none""}",0.345628377624962,8,zero_shot
grid,grid/test/good/018.png,0,none,none,good,none,none,True,"{""verdict"": ""good"", ""defect_type"": ""none"", ""location"": ""none""}",0.345628377624962,8,zero_shot
grid,grid/test/good/019.png,0,none,none,good,none,none,True,"{""verdict"": ""good"", ""defect_type"": ""none"", ""location"": ""none""}",0.345628377624962,8,zero_shot
grid,grid/test/good/020.png,0,none,none,good,none,none,True,"{""verdict"": ""good"", ""defect_type"": ""none"", ""location"": ""none""}",0.345628377624962,8,zero_shot
grid,grid/test/bent/000.png,1,bent,center,good,none,none,True,"{""verdict"": ""good"", ""defect_type"": ""none"", ""location"": ""none""}",0.345628377624962,8,zero_shot
grid,grid/test/bent/005.png,1,bent,center,good,none,none,True,"{""verdict"": ""good"", ""defect_type"": ""none"", ""location"": ""none""}",0.3717510879941983,8,zero_shot
grid,grid/test/bent/007.png,1,bent,top-left,good,none,none,True,"{""verdict"": ""good"", ""defect_type"": ""none"", ""location"": ""none""}",0.3717510879941983,8,zero_shot
grid,grid/test/bent/008.png,1,bent,top,good,none,none,True,"{""verdict"": ""good"", ""defect_type"": ""none"", ""location"": ""none""}",0.3717510879941983,8,zero_shot
grid,grid/test/bent/009.png,1,bent,top,defective,broken,top,True,"{""verdict"": ""defective"", ""defect_type"": ""broken"", ""location"": ""top""}",0.3717510879941983,8,zero_shot
grid,grid/test/bent/011.png,1,bent,top,defective,bent,top,True,"{""verdict"": ""defective"", ""defect_type"": ""bent"", ""location"": ""top""}",0.3717510879941983,8,zero_shot
grid,grid/test/broken/001.png,1,broken,center,defective,bent,top-left,True,"{""verdict"": ""defective"", ""defect_type"": ""bent"", ""location"": ""top-left""}",0.3717510879941983,8,zero_shot
grid,grid/test/broken/003.png,1,broken,center,good,none,none,True,"{""verdict"": ""good"", ""defect_type"": ""none"", ""location"": ""none""}",0.3717510879941983,8,zero_shot
grid,grid/test/broken/004.png,1,broken,center,good,none,none,True,"{""verdict"": ""good"", ""defect_type"": ""none"", ""location"": ""none""}",0.3717510879941983,8,zero_shot
grid,grid/test/broken/005.png,1,broken,left,defective,broken,top,True,"{""verdict"": ""defective"", ""defect_type"": ""broken"", ""location"": ""top""}",0.35452396987966495,8,zero_shot
grid,grid/test/broken/006.png,1,broken,center,good,none,none,True,"{""verdict"": ""good"", ""defect_type"": ""none"", ""location"": ""none""}",0.35452396987966495,8,zero_shot
grid,grid/test/broken/011.png,1,broken,center,good,none,none,True,"{""verdict"": ""good"", ""defect_type"": ""none"", ""location"": ""none""}",0.35452396987966495,8,zero_shot
grid,grid/test/glue/001.png,1,glue,top,good,none,none,True,"{""verdict"": ""good"", ""defect_type"": ""none"", ""location"": ""none""}",0.35452396987966495,8,zero_shot
grid,grid/test/glue/003.png,1,glue,left,good,none,none,True,"{""verdict"": ""good"", ""defect_type"": ""none"", ""location"": ""none""}",0.35452396987966495,8,zero_shot
grid,grid/test/glue/005.png,1,glue,top,good,none,none,True,"{""verdict"": ""good"", ""defect_type"": ""none"", ""location"": ""none""}",0.35452396987966495,8,zero_shot
grid,grid/test/glue/008.png,1,glue,top-left,good,none,none,True,"{""verdict"": ""good"", ""defect_type"": ""none"", ""location"": ""none""}",0.35452396987966495,8,zero_shot
grid,grid/test/glue/010.png,1,glue,top,good,none,none,True,"{""verdict"": ""good"", ""defect_type"": ""none"", ""location"": ""none""}",0.35452396987966495,8,zero_shot
grid,grid/test/metal_contamination/000.png,1,metal_contamination,top,good,none,center,True,"{""verdict"": ""good"", ""defect_type"": ""none"", ""location"": ""center""}",0.3486403436254477,8,zero_shot
grid,grid/test/metal_contamination/001.png,1,metal_contamination,top-right,good,none,none,True,"{""verdict"": ""good"", ""defect_type"": ""none"", ""location"": ""none""}",0.3486403436254477,8,zero_shot
grid,grid/test/metal_contamination/003.png,1,metal_contamination,center,good,none,none,True,"{""verdict"": ""good"", ""defect_type"": ""none"", ""location"": ""none""}",0.3486403436254477,8,zero_shot
grid,grid/test/metal_contamination/009.png,1,metal_contamination,left,good,none,none,True,"{""verdict"": ""good"", ""defect_type"": ""none"", ""location"": ""none""}",0.3486403436254477,8,zero_shot
grid,grid/test/metal_contamination/010.png,1,metal_contamination,top-right,good,none,none,True,"{""verdict"": ""good"", ""defect_type"": ""none"", ""location"": ""none""}",0.3486403436254477,8,zero_shot
grid,grid/test/thread/002.png,1,thread,center,good,none,none,True,"{""verdict"": ""good"", ""defect_type"": ""none"", ""location"": ""none""}",0.3486403436254477,8,zero_shot
grid,grid/test/thread/003.png,1,thread,center,good,none,none,True,"{""verdict"": ""good"", ""defect_type"": ""none"", ""location"": ""none""}",0.3486403436254477,8,zero_shot
grid,grid/test/thread/004.png,1,thread,right,good,none,none,True,"{""verdict"": ""good"", ""defect_type"": ""none"", ""location"": ""none""}",0.3486403436254477,8,zero_shot
grid,grid/test/thread/007.png,1,thread,center,good,none,none,True,"{""verdict"": ""good"", ""defect_type"": ""none"", ""location"": ""none""}",0.3851324107454275,8,zero_shot
grid,grid/test/thread/008.png,1,thread,center,good,none,none,True,"{""verdict"": ""good"", ""defect_type"": ""none"", ""location"": ""none""}",0.3851324107454275,8,zero_shot
hazelnut,hazelnut/test/good/000.png,0,none,none,good,none,none,True,"{""verdict"": ""good"", ""defect_type"": ""none"", ""location"": ""none""}",0.3851324107454275,8,zero_shot
hazelnut,hazelnut/test/good/001.png,0,none,none,good,none,none,True,"{""verdict"": ""good"", ""defect_type"": ""none"", ""location"": ""none""}",0.3851324107454275,8,zero_shot
hazelnut,hazelnut/test/good/002.png,0,none,none,good,none,none,True,"{""verdict"": ""good"", ""defect_type"": ""none"", ""location"": ""none""}",0.3851324107454275,8,zero_shot
hazelnut,hazelnut/test/good/003.png,0,none,none,good,none,none,True,"{""verdict"": ""good"", ""defect_type"": ""none"", ""location"": ""none""}",0.3851324107454275,8,zero_shot
hazelnut,hazelnut/test/good/004.png,0,none,none,good,none,none,True,"{""verdict"": ""good"", ""defect_type"": ""none"", ""location"": ""none""}",0.3851324107454275,8,zero_shot
hazelnut,hazelnut/test/good/005.png,0,none,none,good,none,none,True,"{""verdict"": ""good"", ""defect_type"": ""none"", ""location"": ""none""}",0.3851324107454275,8,zero_shot
hazelnut,hazelnut/test/good/006.png,0,none,none,good,none,none,True,"{""verdict"": ""good"", ""defect_type"": ""none"", ""location"": ""none""}",0.35412528337474214,8,zero_shot
hazelnut,hazelnut/test/good/007.png,0,none,none,good,none,none,True,"{""verdict"": ""good"", ""defect_type"": ""none"", ""location"": ""none""}",0.35412528337474214,8,zero_shot
hazelnut,hazelnut/test/good/008.png,0,none,none,good,none,none,True,"{""verdict"": ""good"", ""defect_type"": ""none"", ""location"": ""none""}",0.35412528337474214,8,zero_shot
hazelnut,hazelnut/test/good/009.png,0,none,none,good,none,none,True,"{""verdict"": ""good"", ""defect_type"": ""none"", ""location"": ""none""}",0.35412528337474214,8,zero_shot
hazelnut,hazelnut/test/good/010.png,0,none,none,good,none,none,True,"{""verdict"": ""good"", ""defect_type"": ""none"", ""location"": ""none""}",0.35412528337474214,8,zero_shot
hazelnut,hazelnut/test/good/011.png,0,none,none,good,none,none,True,"{""verdict"": ""good"", ""defect_type"": ""none"", ""location"": ""none""}",0.35412528337474214,8,zero_shot
hazelnut,hazelnut/test/good/012.png,0,none,none,good,none,none,True,"{""verdict"": ""good"", ""defect_type"": ""none"", ""location"": ""none""}",0.35412528337474214,8,zero_shot
hazelnut,hazelnut/test/good/013.png,0,none,none,good,none,none,True,"{""verdict"": ""good"", ""defect_type"": ""none"", ""location"": ""none""}",0.35412528337474214,8,zero_shot
hazelnut,hazelnut/test/good/014.png,0,none,none,good,none,none,True,"{""verdict"": ""good"", ""defect_type"": ""none"", ""location"": ""none""}",0.3448292883767863,8,zero_shot
hazelnut,hazelnut/test/good/015.png,0,none,none,good,none,none,True,"{""verdict"": ""good"", ""defect_type"": ""none"", ""location"": ""none""}",0.3448292883767863,8,zero_shot
hazelnut,hazelnut/test/good/016.png,0,none,none,good,none,none,True,"{""verdict"": ""good"", ""defect_type"": ""none"", ""location"": ""none""}",0.3448292883767863,8,zero_shot
hazelnut,hazelnut/test/good/017.png,0,none,none,good,none,none,True,"{""verdict"": ""good"", ""defect_type"": ""none"", ""location"": ""none""}",0.3448292883767863,8,zero_shot
hazelnut,hazelnut/test/good/018.png,0,none,none,good,none,none,True,"{""verdict"": ""good"", ""defect_type"": ""none"", ""location"": ""none""}",0.3448292883767863,8,zero_shot
hazelnut,hazelnut/test/good/019.png,0,none,none,good,none,none,True,"{""verdict"": ""good"", ""defect_type"": ""none"", ""location"": ""none""}",0.3448292883767863,8,zero_shot
hazelnut,hazelnut/test/good/020.png,0,none,none,good,none,none,True,"{""verdict"": ""good"", ""defect_type"": ""none"", ""location"": ""none""}",0.3448292883767863,8,zero_shot
hazelnut,hazelnut/test/good/021.png,0,none,none,good,none,none,True,"{""verdict"": ""good"", ""defect_type"": ""none"", ""location"": ""none""}",0.3448292883767863,8,zero_shot
hazelnut,hazelnut/test/good/022.png,0,none,none,good,none,none,True,"{""verdict"": ""good"", ""defect_type"": ""none"", ""location"": ""none""}",0.3461024336211267,8,zero_shot
hazelnut,hazelnut/test/good/023.png,0,none,none,good,none,none,True,"{""verdict"": ""good"", ""defect_type"": ""none"", ""location"": ""none""}",0.3461024336211267,8,zero_shot
hazelnut,hazelnut/test/good/024.png,0,none,none,good,none,none,True,"{""verdict"": ""good"", ""defect_type"": ""none"", ""location"": ""none""}",0.3461024336211267,8,zero_shot
hazelnut,hazelnut/test/good/025.png,0,none,none,good,none,none,True,"{""verdict"": ""good"", ""defect_type"": ""none"", ""location"": ""none""}",0.3461024336211267,8,zero_shot
hazelnut,hazelnut/test/good/026.png,0,none,none,good,none,none,True,"{""verdict"": ""good"", ""defect_type"": ""none"", ""location"": ""none""}",0.3461024336211267,8,zero_shot
hazelnut,hazelnut/test/good/027.png,0,none,none,good,none,none,True,"{""verdict"": ""good"", ""defect_type"": ""none"", ""location"": ""none""}",0.3461024336211267,8,zero_shot
hazelnut,hazelnut/test/good/028.png,0,none,none,good,none,none,True,"{""verdict"": ""good"", ""defect_type"": ""none"", ""location"": ""none""}",0.3461024336211267,8,zero_shot
hazelnut,hazelnut/test/good/029.png,0,none,none,good,none,none,True,"{""verdict"": ""good"", ""defect_type"": ""none"", ""location"": ""none""}",0.3461024336211267,8,zero_shot
hazelnut,hazelnut/test/good/030.png,0,none,none,good,none,none,True,"{""verdict"": ""good"", ""defect_type"": ""none"", ""location"": ""none""}",0.34601816150097875,8,zero_shot
hazelnut,hazelnut/test/good/031.png,0,none,none,good,none,none,True,"{""verdict"": ""good"", ""defect_type"": ""none"", ""location"": ""none""}",0.34601816150097875,8,zero_shot
hazelnut,hazelnut/test/good/032.png,0,none,none,good,none,none,True,"{""verdict"": ""good"", ""defect_type"": ""none"", ""location"": ""none""}",0.34601816150097875,8,zero_shot
hazelnut,hazelnut/test/good/033.png,0,none,none,good,none,none,True,"{""verdict"": ""good"", ""defect_type"": ""none"", ""location"": ""none""}",0.34601816150097875,8,zero_shot
hazelnut,hazelnut/test/good/034.png,0,none,none,good,none,none,True,"{""verdict"": ""good"", ""defect_type"": ""none"", ""location"": ""none""}",0.34601816150097875,8,zero_shot
hazelnut,hazelnut/test/good/035.png,0,none,none,good,none,none,True,"{""verdict"": ""good"", ""defect_type"": ""none"", ""location"": ""none""}",0.34601816150097875,8,zero_shot
hazelnut,hazelnut/test/good/036.png,0,none,none,good,none,none,True,"{""verdict"": ""good"", ""defect_type"": ""none"", ""location"": ""none""}",0.34601816150097875,8,zero_shot
hazelnut,hazelnut/test/good/037.png,0,none,none,good,none,none,True,"{""verdict"": ""good"", ""defect_type"": ""none"", ""location"": ""none""}",0.34601816150097875,8,zero_shot
hazelnut,hazelnut/test/good/038.png,0,none,none,good,none,none,True,"{""verdict"": ""good"", ""defect_type"": ""none"", ""location"": ""none""}",0.3630871736240806,8,zero_shot
hazelnut,hazelnut/test/good/039.png,0,none,none,good,none,none,True,"{""verdict"": ""good"", ""defect_type"": ""none"", ""location"": ""none""}",0.3630871736240806,8,zero_shot
hazelnut,hazelnut/test/crack/002.png,1,crack,center,defective,crack,center,True,"{""verdict"": ""defective"", ""defect_type"": ""crack"", ""location"": ""center""}",0.3630871736240806,8,zero_shot
hazelnut,hazelnut/test/crack/003.png,1,crack,center,defective,crack,center,True,"{""verdict"": ""defective"", ""defect_type"": ""crack"", ""location"": ""center""}",0.3630871736240806,8,zero_shot
hazelnut,hazelnut/test/crack/005.png,1,crack,center,defective,crack,center,True,"{""verdict"": ""defective"", ""defect_type"": ""crack"", ""location"": ""center""}",0.3630871736240806,8,zero_shot
hazelnut,hazelnut/test/crack/009.png,1,crack,center,good,none,none,True,"{""verdict"": ""good"", ""defect_type"": ""none"", ""location"": ""none""}",0.3630871736240806,8,zero_shot
hazelnut,hazelnut/test/crack/011.png,1,crack,center,good,none,none,True,"{""verdict"": ""good"", ""defect_type"": ""none"", ""location"": ""none""}",0.3630871736240806,8,zero_shot
hazelnut,hazelnut/test/crack/013.png,1,crack,center,good,none,none,True,"{""verdict"": ""good"", ""defect_type"": ""none"", ""location"": ""none""}",0.3630871736240806,8,zero_shot
hazelnut,hazelnut/test/crack/014.png,1,crack,center,good,none,none,True,"{""verdict"": ""good"", ""defect_type"": ""none"", ""location"": ""none""}",0.36253639750066213,8,zero_shot
hazelnut,hazelnut/test/crack/015.png,1,crack,center,defective,hole,top-right,True,"{""verdict"": ""defective"", ""defect_type"": ""hole"", ""location"": ""top-right""}",0.36253639750066213,8,zero_shot
hazelnut,hazelnut/test/crack/017.png,1,crack,center,defective,crack,top,True,"{""verdict"": ""defective"", ""defect_type"": ""crack"", ""location"": ""top""}",0.36253639750066213,8,zero_shot
hazelnut,hazelnut/test/cut/000.png,1,cut,center,good,none,none,True,"{""verdict"": ""good"", ""defect_type"": ""none"", ""location"": ""none""}",0.36253639750066213,8,zero_shot
hazelnut,hazelnut/test/cut/001.png,1,cut,center,good,none,none,True,"{""verdict"": ""good"", ""defect_type"": ""none"", ""location"": ""none""}",0.36253639750066213,8,zero_shot
hazelnut,hazelnut/test/cut/004.png,1,cut,center,good,none,none,True,"{""verdict"": ""good"", ""defect_type"": ""none"", ""location"": ""none""}",0.36253639750066213,8,zero_shot
hazelnut,hazelnut/test/cut/006.png,1,cut,center,good,none,none,True,"{""verdict"": ""good"", ""defect_type"": ""none"", ""location"": ""none""}",0.36253639750066213,8,zero_shot
hazelnut,hazelnut/test/cut/007.png,1,cut,center,good,none,none,True,"{""verdict"": ""good"", ""defect_type"": ""none"", ""location"": ""none""}",0.36253639750066213,8,zero_shot
hazelnut,hazelnut/test/cut/008.png,1,cut,center,defective,crack,center,True,"{""verdict"": ""defective"", ""defect_type"": ""crack"", ""location"": ""center""}",0.369342788872018,8,zero_shot
hazelnut,hazelnut/test/cut/013.png,1,cut,center,good,none,none,True,"{""verdict"": ""good"", ""defect_type"": ""none"", ""location"": ""none""}",0.369342788872018,8,zero_shot
hazelnut,hazelnut/test/cut/014.png,1,cut,center,good,none,none,True,"{""verdict"": ""good"", ""defect_type"": ""none"", ""location"": ""none""}",0.369342788872018,8,zero_shot
hazelnut,hazelnut/test/cut/016.png,1,cut,center,good,none,none,True,"{""verdict"": ""good"", ""defect_type"": ""none"", ""location"": ""none""}",0.369342788872018,8,zero_shot
hazelnut,hazelnut/test/hole/000.png,1,hole,center,defective,hole,top,True,"{""verdict"": ""defective"", ""defect_type"": ""hole"", ""location"": ""top""}",0.369342788872018,8,zero_shot
hazelnut,hazelnut/test/hole/001.png,1,hole,center,good,none,none,True,"{""verdict"": ""good"", ""defect_type"": ""none"", ""location"": ""none""}",0.369342788872018,8,zero_shot
hazelnut,hazelnut/test/hole/004.png,1,hole,center,good,hole,top,True,"{""verdict"": ""good"", ""defect_type"": ""hole"", ""location"": ""top""}",0.369342788872018,8,zero_shot
hazelnut,hazelnut/test/hole/009.png,1,hole,center,defective,hole,top,True,"{""verdict"": ""defective"", ""defect_type"": ""hole"", ""location"": ""top""}",0.369342788872018,8,zero_shot
hazelnut,hazelnut/test/hole/011.png,1,hole,center,defective,hole,top,True,"{""verdict"": ""defective"", ""defect_type"": ""hole"", ""location"": ""top""}",0.36787275237293215,8,zero_shot
hazelnut,hazelnut/test/hole/012.png,1,hole,center,defective,hole,top,True,"{""verdict"": ""defective"", ""defect_type"": ""hole"", ""location"": ""top""}",0.36787275237293215,8,zero_shot
hazelnut,hazelnut/test/hole/013.png,1,hole,center,defective,hole,top,True,"{""verdict"": ""defective"", ""defect_type"": ""hole"", ""location"": ""top""}",0.36787275237293215,8,zero_shot
hazelnut,hazelnut/test/hole/014.png,1,hole,right,defective,hole,top-right,True,"{""verdict"": ""defective"", ""defect_type"": ""hole"", ""location"": ""top-right""}",0.36787275237293215,8,zero_shot
hazelnut,hazelnut/test/hole/017.png,1,hole,center,defective,hole,top,True,"{""verdict"": ""defective"", ""defect_type"": ""hole"", ""location"": ""top""}",0.36787275237293215,8,zero_shot
hazelnut,hazelnut/test/print/001.png,1,print,top,good,print,top,True,"{""verdict"": ""good"", ""defect_type"": ""print"", ""location"": ""top""}",0.36787275237293215,8,zero_shot
hazelnut,hazelnut/test/print/004.png,1,print,center,good,none,none,True,"{""verdict"": ""good"", ""defect_type"": ""none"", ""location"": ""none""}",0.36787275237293215,8,zero_shot
hazelnut,hazelnut/test/print/005.png,1,print,top,good,none,none,True,"{""verdict"": ""good"", ""defect_type"": ""none"", ""location"": ""none""}",0.36787275237293215,8,zero_shot
hazelnut,hazelnut/test/print/009.png,1,print,right,good,none,none,True,"{""verdict"": ""good"", ""defect_type"": ""none"", ""location"": ""none""}",0.35215861375036184,8,zero_shot
hazelnut,hazelnut/test/print/010.png,1,print,center,good,none,none,True,"{""verdict"": ""good"", ""defect_type"": ""none"", ""location"": ""none""}",0.35215861375036184,8,zero_shot
hazelnut,hazelnut/test/print/011.png,1,print,center,good,none,none,True,"{""verdict"": ""good"", ""defect_type"": ""none"", ""location"": ""none""}",0.35215861375036184,8,zero_shot
hazelnut,hazelnut/test/print/014.png,1,print,left,good,none,none,True,"{""verdict"": ""good"", ""defect_type"": ""none"", ""location"": ""none""}",0.35215861375036184,8,zero_shot
hazelnut,hazelnut/test/print/015.png,1,print,left,good,none,none,True,"{""verdict"": ""good"", ""defect_type"": ""none"", ""location"": ""none""}",0.35215861375036184,8,zero_shot
hazelnut,hazelnut/test/print/016.png,1,print,center,good,none,none,True,"{""verdict"": ""good"", ""defect_type"": ""none"", ""location"": ""none""}",0.35215861375036184,8,zero_shot
leather,leather/test/good/000.png,0,none,none,good,none,none,True,"{""verdict"": ""good"", ""defect_type"": ""none"", ""location"": ""none""}",0.35215861375036184,8,zero_shot
leather,leather/test/good/001.png,0,none,none,good,none,none,True,"{""verdict"": ""good"", ""defect_type"": ""none"", ""location"": ""none""}",0.35215861375036184,8,zero_shot
leather,leather/test/good/002.png,0,none,none,good,none,none,True,"{""verdict"": ""good"", ""defect_type"": ""none"", ""location"": ""none""}",0.3453459165029926,8,zero_shot
leather,leather/test/good/003.png,0,none,none,good,none,none,True,"{""verdict"": ""good"", ""defect_type"": ""none"", ""location"": ""none""}",0.3453459165029926,8,zero_shot
leather,leather/test/good/004.png,0,none,none,good,none,none,True,"{""verdict"": ""good"", ""defect_type"": ""none"", ""location"": ""none""}",0.3453459165029926,8,zero_shot
leather,leather/test/good/005.png,0,none,none,good,none,none,True,"{""verdict"": ""good"", ""defect_type"": ""none"", ""location"": ""none""}",0.3453459165029926,8,zero_shot
leather,leather/test/good/006.png,0,none,none,good,none,none,True,"{""verdict"": ""good"", ""defect_type"": ""none"", ""location"": ""none""}",0.3453459165029926,8,zero_shot
leather,leather/test/good/007.png,0,none,none,good,none,none,True,"{""verdict"": ""good"", ""defect_type"": ""none"", ""location"": ""none""}",0.3453459165029926,8,zero_shot
leather,leather/test/good/008.png,0,none,none,good,none,none,True,"{""verdict"": ""good"", ""defect_type"": ""none"", ""location"": ""none""}",0.3453459165029926,8,zero_shot
leather,leather/test/good/009.png,0,none,none,good,none,none,True,"{""verdict"": ""good"", ""defect_type"": ""none"", ""location"": ""none""}",0.3453459165029926,8,zero_shot
leather,leather/test/good/010.png,0,none,none,good,none,none,True,"{""verdict"": ""good"", ""defect_type"": ""none"", ""location"": ""none""}",0.34956333112495486,8,zero_shot
leather,leather/test/good/011.png,0,none,none,good,none,none,True,"{""verdict"": ""good"", ""defect_type"": ""none"", ""location"": ""none""}",0.34956333112495486,8,zero_shot
leather,leather/test/good/012.png,0,none,none,good,none,none,True,"{""verdict"": ""good"", ""defect_type"": ""none"", ""location"": ""none""}",0.34956333112495486,8,zero_shot
leather,leather/test/good/013.png,0,none,none,good,none,none,True,"{""verdict"": ""good"", ""defect_type"": ""none"", ""location"": ""none""}",0.34956333112495486,8,zero_shot
leather,leather/test/good/014.png,0,none,none,good,none,none,True,"{""verdict"": ""good"", ""defect_type"": ""none"", ""location"": ""none""}",0.34956333112495486,8,zero_shot
leather,leather/test/good/015.png,0,none,none,good,none,none,True,"{""verdict"": ""good"", ""defect_type"": ""none"", ""location"": ""none""}",0.34956333112495486,8,zero_shot
leather,leather/test/good/016.png,0,none,none,good,none,none,True,"{""verdict"": ""good"", ""defect_type"": ""none"", ""location"": ""none""}",0.34956333112495486,8,zero_shot
leather,leather/test/good/017.png,0,none,none,good,none,none,True,"{""verdict"": ""good"", ""defect_type"": ""none"", ""location"": ""none""}",0.34956333112495486,8,zero_shot
leather,leather/test/good/018.png,0,none,none,good,none,none,True,"{""verdict"": ""good"", ""defect_type"": ""none"", ""location"": ""none""}",0.3446522737503983,8,zero_shot
leather,leather/test/good/019.png,0,none,none,good,none,none,True,"{""verdict"": ""good"", ""defect_type"": ""none"", ""location"": ""none""}",0.3446522737503983,8,zero_shot
leather,leather/test/good/020.png,0,none,none,good,none,none,True,"{""verdict"": ""good"", ""defect_type"": ""none"", ""location"": ""none""}",0.3446522737503983,8,zero_shot
leather,leather/test/good/021.png,0,none,none,good,none,none,True,"{""verdict"": ""good"", ""defect_type"": ""none"", ""location"": ""none""}",0.3446522737503983,8,zero_shot
leather,leather/test/good/022.png,0,none,none,good,none,none,True,"{""verdict"": ""good"", ""defect_type"": ""none"", ""location"": ""none""}",0.3446522737503983,8,zero_shot
leather,leather/test/good/023.png,0,none,none,good,none,none,True,"{""verdict"": ""good"", ""defect_type"": ""none"", ""location"": ""none""}",0.3446522737503983,8,zero_shot
leather,leather/test/good/024.png,0,none,none,good,none,none,True,"{""verdict"": ""good"", ""defect_type"": ""none"", ""location"": ""none""}",0.3446522737503983,8,zero_shot
leather,leather/test/good/025.png,0,none,none,good,none,none,True,"{""verdict"": ""good"", ""defect_type"": ""none"", ""location"": ""none""}",0.3446522737503983,8,zero_shot
leather,leather/test/good/026.png,0,none,none,good,none,none,True,"{""verdict"": ""good"", ""defect_type"": ""none"", ""location"": ""none""}",0.34576781362557085,8,zero_shot
leather,leather/test/good/027.png,0,none,none,good,none,none,True,"{""verdict"": ""good"", ""defect_type"": ""none"", ""location"": ""none""}",0.34576781362557085,8,zero_shot
leather,leather/test/good/028.png,0,none,none,good,none,none,True,"{""verdict"": ""good"", ""defect_type"": ""none"", ""location"": ""none""}",0.34576781362557085,8,zero_shot
leather,leather/test/good/029.png,0,none,none,good,none,none,True,"{""verdict"": ""good"", ""defect_type"": ""none"", ""location"": ""none""}",0.34576781362557085,8,zero_shot
leather,leather/test/good/030.png,0,none,none,good,none,none,True,"{""verdict"": ""good"", ""defect_type"": ""none"", ""location"": ""none""}",0.34576781362557085,8,zero_shot
leather,leather/test/good/031.png,0,none,none,good,none,none,True,"{""verdict"": ""good"", ""defect_type"": ""none"", ""location"": ""none""}",0.34576781362557085,8,zero_shot
leather,leather/test/color/001.png,1,color,right,good,none,none,True,"{""verdict"": ""good"", ""defect_type"": ""none"", ""location"": ""none""}",0.34576781362557085,8,zero_shot
leather,leather/test/color/005.png,1,color,right,good,none,none,True,"{""verdict"": ""good"", ""defect_type"": ""none"", ""location"": ""none""}",0.34576781362557085,8,zero_shot
leather,leather/test/color/007.png,1,color,top,good,none,none,True,"{""verdict"": ""good"", ""defect_type"": ""none"", ""location"": ""none""}",0.3662305683756131,8,zero_shot
leather,leather/test/color/008.png,1,color,right,good,none,none,True,"{""verdict"": ""good"", ""defect_type"": ""none"", ""location"": ""none""}",0.3662305683756131,8,zero_shot
leather,leather/test/color/009.png,1,color,bottom,good,none,none,True,"{""verdict"": ""good"", ""defect_type"": ""none"", ""location"": ""none""}",0.3662305683756131,8,zero_shot
leather,leather/test/color/011.png,1,color,bottom-left,good,none,none,True,"{""verdict"": ""good"", ""defect_type"": ""none"", ""location"": ""none""}",0.3662305683756131,8,zero_shot
leather,leather/test/color/012.png,1,color,right,good,none,none,True,"{""verdict"": ""good"", ""defect_type"": ""none"", ""location"": ""none""}",0.3662305683756131,8,zero_shot
leather,leather/test/color/014.png,1,color,top,good,none,none,True,"{""verdict"": ""good"", ""defect_type"": ""none"", ""location"": ""none""}",0.3662305683756131,8,zero_shot
leather,leather/test/color/015.png,1,color,center,defective,color,top-left,True,"{""verdict"": ""defective"", ""defect_type"": ""color"", ""location"": ""top-left""}",0.3662305683756131,8,zero_shot
leather,leather/test/cut/002.png,1,cut,left,good,none,none,True,"{""verdict"": ""good"", ""defect_type"": ""none"", ""location"": ""none""}",0.3662305683756131,8,zero_shot
leather,leather/test/cut/004.png,1,cut,center,defective,cut,center,True,"{""verdict"": ""defective"", ""defect_type"": ""cut"", ""location"": ""center""}",0.3595469033753034,8,zero_shot
leather,leather/test/cut/005.png,1,cut,top,good,none,none,True,"{""verdict"": ""good"", ""defect_type"": ""none"", ""location"": ""none""}",0.3595469033753034,8,zero_shot
leather,leather/test/cut/008.png,1,cut,center,good,none,none,True,"{""verdict"": ""good"", ""defect_type"": ""none"", ""location"": ""none""}",0.3595469033753034,8,zero_shot
leather,leather/test/cut/010.png,1,cut,bottom,good,none,none,True,"{""verdict"": ""good"", ""defect_type"": ""none"", ""location"": ""none""}",0.3595469033753034,8,zero_shot
leather,leather/test/cut/012.png,1,cut,top,good,none,center,True,"{""verdict"": ""good"", ""defect_type"": ""none"", ""location"": ""center""}",0.3595469033753034,8,zero_shot
leather,leather/test/cut/013.png,1,cut,right,good,none,none,True,"{""verdict"": ""good"", ""defect_type"": ""none"", ""location"": ""none""}",0.3595469033753034,8,zero_shot
leather,leather/test/cut/016.png,1,cut,center,good,none,none,True,"{""verdict"": ""good"", ""defect_type"": ""none"", ""location"": ""none""}",0.3595469033753034,8,zero_shot
leather,leather/test/cut/017.png,1,cut,center,good,none,none,True,"{""verdict"": ""good"", ""defect_type"": ""none"", ""location"": ""none""}",0.3595469033753034,8,zero_shot
leather,leather/test/fold/000.png,1,fold,top,good,none,none,True,"{""verdict"": ""good"", ""defect_type"": ""none"", ""location"": ""none""}",0.3498308851267211,8,zero_shot
leather,leather/test/fold/005.png,1,fold,left,good,none,none,True,"{""verdict"": ""good"", ""defect_type"": ""none"", ""location"": ""none""}",0.3498308851267211,8,zero_shot
leather,leather/test/fold/006.png,1,fold,right,good,none,none,True,"{""verdict"": ""good"", ""defect_type"": ""none"", ""location"": ""none""}",0.3498308851267211,8,zero_shot
leather,leather/test/fold/007.png,1,fold,center,good,none,none,True,"{""verdict"": ""good"", ""defect_type"": ""none"", ""location"": ""none""}",0.3498308851267211,8,zero_shot
leather,leather/test/fold/010.png,1,fold,bottom-right,good,none,none,True,"{""verdict"": ""good"", ""defect_type"": ""none"", ""location"": ""none""}",0.3498308851267211,8,zero_shot
leather,leather/test/fold/012.png,1,fold,right,good,none,none,True,"{""verdict"": ""good"", ""defect_type"": ""none"", ""location"": ""none""}",0.3498308851267211,8,zero_shot
leather,leather/test/fold/014.png,1,fold,center,good,none,center,True,"{""verdict"": ""good"", ""defect_type"": ""none"", ""location"": ""center""}",0.3498308851267211,8,zero_shot
leather,leather/test/fold/015.png,1,fold,right,good,none,none,True,"{""verdict"": ""good"", ""defect_type"": ""none"", ""location"": ""none""}",0.3498308851267211,8,zero_shot
leather,leather/test/fold/016.png,1,fold,top-right,good,none,none,True,"{""verdict"": ""good"", ""defect_type"": ""none"", ""location"": ""none""}",0.35162872549699387,8,zero_shot
leather,leather/test/glue/000.png,1,glue,center,good,none,none,True,"{""verdict"": ""good"", ""defect_type"": ""none"", ""location"": ""none""}",0.35162872549699387,8,zero_shot
leather,leather/test/glue/001.png,1,glue,left,good,none,none,True,"{""verdict"": ""good"", ""defect_type"": ""none"", ""location"": ""none""}",0.35162872549699387,8,zero_shot
leather,leather/test/glue/002.png,1,glue,center,good,none,none,True,"{""verdict"": ""good"", ""defect_type"": ""none"", ""location"": ""none""}",0.35162872549699387,8,zero_shot
leather,leather/test/glue/005.png,1,glue,bottom-left,good,none,none,True,"{""verdict"": ""good"", ""defect_type"": ""none"", ""location"": ""none""}",0.35162872549699387,8,zero_shot
leather,leather/test/glue/008.png,1,glue,center,good,none,none,True,"{""verdict"": ""good"", ""defect_type"": ""none"", ""location"": ""none""}",0.35162872549699387,8,zero_shot
leather,leather/test/glue/009.png,1,glue,left,good,none,none,True,"{""verdict"": ""good"", ""defect_type"": ""none"", ""location"": ""none""}",0.35162872549699387,8,zero_shot
leather,leather/test/glue/015.png,1,glue,center,good,none,none,True,"{""verdict"": ""good"", ""defect_type"": ""none"", ""location"": ""none""}",0.35162872549699387,8,zero_shot
leather,leather/test/glue/016.png,1,glue,right,good,none,none,True,"{""verdict"": ""good"", ""defect_type"": ""none"", ""location"": ""none""}",0.34808437737228815,8,zero_shot
leather,leather/test/glue/017.png,1,glue,right,good,none,none,True,"{""verdict"": ""good"", ""defect_type"": ""none"", ""location"": ""none""}",0.34808437737228815,8,zero_shot
leather,leather/test/poke/001.png,1,poke,top,good,none,none,True,"{""verdict"": ""good"", ""defect_type"": ""none"", ""location"": ""none""}",0.34808437737228815,8,zero_shot
leather,leather/test/poke/002.png,1,poke,bottom-left,good,none,none,True,"{""verdict"": ""good"", ""defect_type"": ""none"", ""location"": ""none""}",0.34808437737228815,8,zero_shot
leather,leather/test/poke/005.png,1,poke,center,good,none,center,True,"{""verdict"": ""good"", ""defect_type"": ""none"", ""location"": ""center""}",0.34808437737228815,8,zero_shot
leather,leather/test/poke/007.png,1,poke,center,good,none,center,True,"{""verdict"": ""good"", ""defect_type"": ""none"", ""location"": ""center""}",0.34808437737228815,8,zero_shot
leather,leather/test/poke/010.png,1,poke,top-right,good,none,none,True,"{""verdict"": ""good"", ""defect_type"": ""none"", ""location"": ""none""}",0.34808437737228815,8,zero_shot
leather,leather/test/poke/011.png,1,poke,top,good,none,none,True,"{""verdict"": ""good"", ""defect_type"": ""none"", ""location"": ""none""}",0.34808437737228815,8,zero_shot
leather,leather/test/poke/012.png,1,poke,left,good,none,center,True,"{""verdict"": ""good"", ""defect_type"": ""none"", ""location"": ""center""}",0.3869002931241994,8,zero_shot
leather,leather/test/poke/014.png,1,poke,bottom-left,good,none,none,True,"{""verdict"": ""good"", ""defect_type"": ""none"", ""location"": ""none""}",0.3869002931241994,8,zero_shot
leather,leather/test/poke/016.png,1,poke,left,good,none,none,True,"{""verdict"": ""good"", ""defect_type"": ""none"", ""location"": ""none""}",0.3869002931241994,8,zero_shot
metal_nut,metal_nut/test/good/000.png,0,none,none,good,none,none,True,"{""verdict"": ""good"", ""defect_type"": ""none"", ""location"": ""none""}",0.3869002931241994,8,zero_shot
metal_nut,metal_nut/test/good/001.png,0,none,none,good,none,none,True,"{""verdict"": ""good"", ""defect_type"": ""none"", ""location"": ""none""}",0.3869002931241994,8,zero_shot
metal_nut,metal_nut/test/good/002.png,0,none,none,good,none,none,True,"{""verdict"": ""good"", ""defect_type"": ""none"", ""location"": ""none""}",0.3869002931241994,8,zero_shot
metal_nut,metal_nut/test/good/003.png,0,none,none,good,none,none,True,"{""verdict"": ""good"", ""defect_type"": ""none"", ""location"": ""none""}",0.3869002931241994,8,zero_shot
metal_nut,metal_nut/test/good/004.png,0,none,none,good,none,none,True,"{""verdict"": ""good"", ""defect_type"": ""none"", ""location"": ""none""}",0.3869002931241994,8,zero_shot
metal_nut,metal_nut/test/good/005.png,0,none,none,good,none,none,True,"{""verdict"": ""good"", ""defect_type"": ""none"", ""location"": ""none""}",0.3465538947493769,8,zero_shot
metal_nut,metal_nut/test/good/006.png,0,none,none,good,none,none,True,"{""verdict"": ""good"", ""defect_type"": ""none"", ""location"": ""none""}",0.3465538947493769,8,zero_shot
metal_nut,metal_nut/test/good/007.png,0,none,none,good,none,none,True,"{""verdict"": ""good"", ""defect_type"": ""none"", ""location"": ""none""}",0.3465538947493769,8,zero_shot
metal_nut,metal_nut/test/good/008.png,0,none,none,good,none,none,True,"{""verdict"": ""good"", ""defect_type"": ""none"", ""location"": ""none""}",0.3465538947493769,8,zero_shot
metal_nut,metal_nut/test/good/009.png,0,none,none,good,none,none,True,"{""verdict"": ""good"", ""defect_type"": ""none"", ""location"": ""none""}",0.3465538947493769,8,zero_shot
metal_nut,metal_nut/test/good/010.png,0,none,none,good,none,none,True,"{""verdict"": ""good"", ""defect_type"": ""none"", ""location"": ""none""}",0.3465538947493769,8,zero_shot
metal_nut,metal_nut/test/good/011.png,0,none,none,good,none,none,True,"{""verdict"": ""good"", ""defect_type"": ""none"", ""location"": ""none""}",0.3465538947493769,8,zero_shot
metal_nut,metal_nut/test/good/012.png,0,none,none,good,none,none,True,"{""verdict"": ""good"", ""defect_type"": ""none"", ""location"": ""none""}",0.3465538947493769,8,zero_shot
metal_nut,metal_nut/test/good/013.png,0,none,none,good,none,none,True,"{""verdict"": ""good"", ""defect_type"": ""none"", ""location"": ""none""}",0.3502327036258066,8,zero_shot
metal_nut,metal_nut/test/good/014.png,0,none,none,good,none,none,True,"{""verdict"": ""good"", ""defect_type"": ""none"", ""location"": ""none""}",0.3502327036258066,8,zero_shot
metal_nut,metal_nut/test/good/015.png,0,none,none,good,none,none,True,"{""verdict"": ""good"", ""defect_type"": ""none"", ""location"": ""none""}",0.3502327036258066,8,zero_shot
metal_nut,metal_nut/test/good/016.png,0,none,none,good,none,none,True,"{""verdict"": ""good"", ""defect_type"": ""none"", ""location"": ""none""}",0.3502327036258066,8,zero_shot
metal_nut,metal_nut/test/good/017.png,0,none,none,good,none,none,True,"{""verdict"": ""good"", ""defect_type"": ""none"", ""location"": ""none""}",0.3502327036258066,8,zero_shot
metal_nut,metal_nut/test/good/018.png,0,none,none,good,none,none,True,"{""verdict"": ""good"", ""defect_type"": ""none"", ""location"": ""none""}",0.3502327036258066,8,zero_shot
metal_nut,metal_nut/test/good/019.png,0,none,none,good,none,none,True,"{""verdict"": ""good"", ""defect_type"": ""none"", ""location"": ""none""}",0.3502327036258066,8,zero_shot
metal_nut,metal_nut/test/good/020.png,0,none,none,good,none,none,True,"{""verdict"": ""good"", ""defect_type"": ""none"", ""location"": ""none""}",0.3502327036258066,8,zero_shot
metal_nut,metal_nut/test/good/021.png,0,none,none,good,none,none,True,"{""verdict"": ""good"", ""defect_type"": ""none"", ""location"": ""none""}",0.3776095657449332,8,zero_shot
metal_nut,metal_nut/test/bent/001.png,1,bent,bottom-right,good,none,none,True,"{""verdict"": ""good"", ""defect_type"": ""none"", ""location"": ""none""}",0.3776095657449332,8,zero_shot
metal_nut,metal_nut/test/bent/002.png,1,bent,left,good,none,none,True,"{""verdict"": ""good"", ""defect_type"": ""none"", ""location"": ""none""}",0.3776095657449332,8,zero_shot
metal_nut,metal_nut/test/bent/006.png,1,bent,left,good,none,none,True,"{""verdict"": ""good"", ""defect_type"": ""none"", ""location"": ""none""}",0.3776095657449332,8,zero_shot
metal_nut,metal_nut/test/bent/010.png,1,bent,right,good,none,none,True,"{""verdict"": ""good"", ""defect_type"": ""none"", ""location"": ""none""}",0.3776095657449332,8,zero_shot
metal_nut,metal_nut/test/bent/011.png,1,bent,top,good,none,none,True,"{""verdict"": ""good"", ""defect_type"": ""none"", ""location"": ""none""}",0.3776095657449332,8,zero_shot
metal_nut,metal_nut/test/bent/012.png,1,bent,right,defective,bent,top-right,True,"{""verdict"": ""defective"", ""defect_type"": ""bent"", ""location"": ""top-right""}",0.3776095657449332,8,zero_shot
metal_nut,metal_nut/test/bent/013.png,1,bent,top-left,good,none,none,True,"{""verdict"": ""good"", ""defect_type"": ""none"", ""location"": ""none""}",0.3776095657449332,8,zero_shot
metal_nut,metal_nut/test/bent/014.png,1,bent,top-right,good,none,none,True,"{""verdict"": ""good"", ""defect_type"": ""none"", ""location"": ""none""}",0.35046429612702923,8,zero_shot
metal_nut,metal_nut/test/bent/018.png,1,bent,top-left,good,none,none,True,"{""verdict"": ""good"", ""defect_type"": ""none"", ""location"": ""none""}",0.35046429612702923,8,zero_shot
metal_nut,metal_nut/test/bent/019.png,1,bent,right,good,none,none,True,"{""verdict"": ""good"", ""defect_type"": ""none"", ""location"": ""none""}",0.35046429612702923,8,zero_shot
metal_nut,metal_nut/test/bent/022.png,1,bent,right,good,none,none,True,"{""verdict"": ""good"", ""defect_type"": ""none"", ""location"": ""none""}",0.35046429612702923,8,zero_shot
metal_nut,metal_nut/test/bent/023.png,1,bent,top,good,none,none,True,"{""verdict"": ""good"", ""defect_type"": ""none"", ""location"": ""none""}",0.35046429612702923,8,zero_shot
metal_nut,metal_nut/test/bent/024.png,1,bent,right,good,none,none,True,"{""verdict"": ""good"", ""defect_type"": ""none"", ""location"": ""none""}",0.35046429612702923,8,zero_shot
metal_nut,metal_nut/test/color/000.png,1,color,top,good,none,none,True,"{""verdict"": ""good"", ""defect_type"": ""none"", ""location"": ""none""}",0.35046429612702923,8,zero_shot
metal_nut,metal_nut/test/color/001.png,1,color,right,good,none,none,True,"{""verdict"": ""good"", ""defect_type"": ""none"", ""location"": ""none""}",0.35046429612702923,8,zero_shot
metal_nut,metal_nut/test/color/002.png,1,color,left,good,none,none,True,"{""verdict"": ""good"", ""defect_type"": ""none"", ""location"": ""none""}",0.36531687850219896,8,zero_shot
metal_nut,metal_nut/test/color/003.png,1,color,bottom-right,good,none,none,True,"{""verdict"": ""good"", ""defect_type"": ""none"", ""location"": ""none""}",0.36531687850219896,8,zero_shot
metal_nut,metal_nut/test/color/005.png,1,color,bottom,good,none,none,True,"{""verdict"": ""good"", ""defect_type"": ""none"", ""location"": ""none""}",0.36531687850219896,8,zero_shot
metal_nut,metal_nut/test/color/007.png,1,color,right,defective,scratch,top-right,True,"{""verdict"": ""defective"", ""defect_type"": ""scratch"", ""location"": ""top-right""}",0.36531687850219896,8,zero_shot
metal_nut,metal_nut/test/color/010.png,1,color,right,good,none,none,True,"{""verdict"": ""good"", ""defect_type"": ""none"", ""location"": ""none""}",0.36531687850219896,8,zero_shot
metal_nut,metal_nut/test/color/012.png,1,color,top-right,good,none,none,True,"{""verdict"": ""good"", ""defect_type"": ""none"", ""location"": ""none""}",0.36531687850219896,8,zero_shot
metal_nut,metal_nut/test/color/013.png,1,color,bottom-right,good,none,none,True,"{""verdict"": ""good"", ""defect_type"": ""none"", ""location"": ""none""}",0.36531687850219896,8,zero_shot
metal_nut,metal_nut/test/color/016.png,1,color,right,good,none,none,True,"{""verdict"": ""good"", ""defect_type"": ""none"", ""location"": ""none""}",0.36531687850219896,8,zero_shot
metal_nut,metal_nut/test/color/020.png,1,color,top,good,none,none,True,"{""verdict"": ""good"", ""defect_type"": ""none"", ""location"": ""none""}",0.35066434362670407,8,zero_shot
metal_nut,metal_nut/test/flip/001.png,1,flip,center,good,none,none,True,"{""verdict"": ""good"", ""defect_type"": ""none"", ""location"": ""none""}",0.35066434362670407,8,zero_shot
metal_nut,metal_nut/test/flip/002.png,1,flip,center,good,none,none,True,"{""verdict"": ""good"", ""defect_type"": ""none"", ""location"": ""none""}",0.35066434362670407,8,zero_shot
metal_nut,metal_nut/test/flip/006.png,1,flip,center,good,none,none,True,"{""verdict"": ""good"", ""defect_type"": ""none"", ""location"": ""none""}",0.35066434362670407,8,zero_shot
metal_nut,metal_nut/test/flip/008.png,1,flip,center,good,none,none,True,"{""verdict"": ""good"", ""defect_type"": ""none"", ""location"": ""none""}",0.35066434362670407,8,zero_shot
metal_nut,metal_nut/test/flip/009.png,1,flip,center,good,none,none,True,"{""verdict"": ""good"", ""defect_type"": ""none"", ""location"": ""none""}",0.35066434362670407,8,zero_shot
metal_nut,metal_nut/test/flip/010.png,1,flip,center,good,none,none,True,"{""verdict"": ""good"", ""defect_type"": ""none"", ""location"": ""none""}",0.35066434362670407,8,zero_shot
metal_nut,metal_nut/test/flip/013.png,1,flip,center,good,none,none,True,"{""verdict"": ""good"", ""defect_type"": ""none"", ""location"": ""none""}",0.35066434362670407,8,zero_shot
metal_nut,metal_nut/test/flip/014.png,1,flip,center,good,none,none,True,"{""verdict"": ""good"", ""defect_type"": ""none"", ""location"": ""none""}",0.3504254454965121,8,zero_shot
metal_nut,metal_nut/test/flip/015.png,1,flip,center,good,none,none,True,"{""verdict"": ""good"", ""defect_type"": ""none"", ""location"": ""none""}",0.3504254454965121,8,zero_shot
metal_nut,metal_nut/test/flip/019.png,1,flip,center,good,none,none,True,"{""verdict"": ""good"", ""defect_type"": ""none"", ""location"": ""none""}",0.3504254454965121,8,zero_shot
metal_nut,metal_nut/test/flip/022.png,1,flip,center,good,none,none,True,"{""verdict"": ""good"", ""defect_type"": ""none"", ""location"": ""none""}",0.3504254454965121,8,zero_shot
metal_nut,metal_nut/test/scratch/001.png,1,scratch,bottom-right,good,none,none,True,"{""verdict"": ""good"", ""defect_type"": ""none"", ""location"": ""none""}",0.3504254454965121,8,zero_shot
metal_nut,metal_nut/test/scratch/002.png,1,scratch,center,good,none,none,True,"{""verdict"": ""good"", ""defect_type"": ""none"", ""location"": ""none""}",0.3504254454965121,8,zero_shot
metal_nut,metal_nut/test/scratch/003.png,1,scratch,top,good,none,none,True,"{""verdict"": ""good"", ""defect_type"": ""none"", ""location"": ""none""}",0.3504254454965121,8,zero_shot
metal_nut,metal_nut/test/scratch/004.png,1,scratch,left,good,none,none,True,"{""verdict"": ""good"", ""defect_type"": ""none"", ""location"": ""none""}",0.3504254454965121,8,zero_shot
metal_nut,metal_nut/test/scratch/005.png,1,scratch,top,defective,scratch,top,True,"{""verdict"": ""defective"", ""defect_type"": ""scratch"", ""location"": ""top""}",0.40158443774998887,8,zero_shot
metal_nut,metal_nut/test/scratch/007.png,1,scratch,center,good,none,none,True,"{""verdict"": ""good"", ""defect_type"": ""none"", ""location"": ""none""}",0.40158443774998887,8,zero_shot
metal_nut,metal_nut/test/scratch/008.png,1,scratch,center,good,none,none,True,"{""verdict"": ""good"", ""defect_type"": ""none"", ""location"": ""none""}",0.40158443774998887,8,zero_shot
metal_nut,metal_nut/test/scratch/009.png,1,scratch,top,good,none,none,True,"{""verdict"": ""good"", ""defect_type"": ""none"", ""location"": ""none""}",0.40158443774998887,8,zero_shot
metal_nut,metal_nut/test/scratch/012.png,1,scratch,right,good,none,none,True,"{""verdict"": ""good"", ""defect_type"": ""none"", ""location"": ""none""}",0.40158443774998887,8,zero_shot
metal_nut,metal_nut/test/scratch/018.png,1,scratch,center,good,none,none,True,"{""verdict"": ""good"", ""defect_type"": ""none"", ""location"": ""none""}",0.40158443774998887,8,zero_shot
metal_nut,metal_nut/test/scratch/019.png,1,scratch,right,good,none,none,True,"{""verdict"": ""good"", ""defect_type"": ""none"", ""location"": ""none""}",0.40158443774998887,8,zero_shot
pill,pill/test/good/000.png,0,none,none,good,none,none,True,"{""verdict"": ""good"", ""defect_type"": ""none"", ""location"": ""none""}",0.40158443774998887,8,zero_shot
pill,pill/test/good/001.png,0,none,none,good,none,none,True,"{""verdict"": ""good"", ""defect_type"": ""none"", ""location"": ""none""}",0.354435407629353,8,zero_shot
pill,pill/test/good/002.png,0,none,none,good,none,none,True,"{""verdict"": ""good"", ""defect_type"": ""none"", ""location"": ""none""}",0.354435407629353,8,zero_shot
pill,pill/test/good/003.png,0,none,none,good,none,none,True,"{""verdict"": ""good"", ""defect_type"": ""none"", ""location"": ""none""}",0.354435407629353,8,zero_shot
pill,pill/test/good/004.png,0,none,none,good,none,none,True,"{""verdict"": ""good"", ""defect_type"": ""none"", ""location"": ""none""}",0.354435407629353,8,zero_shot
pill,pill/test/good/005.png,0,none,none,good,none,none,True,"{""verdict"": ""good"", ""defect_type"": ""none"", ""location"": ""none""}",0.354435407629353,8,zero_shot
pill,pill/test/good/006.png,0,none,none,good,none,none,True,"{""verdict"": ""good"", ""defect_type"": ""none"", ""location"": ""none""}",0.354435407629353,8,zero_shot
pill,pill/test/good/007.png,0,none,none,good,none,none,True,"{""verdict"": ""good"", ""defect_type"": ""none"", ""location"": ""none""}",0.354435407629353,8,zero_shot
pill,pill/test/good/008.png,0,none,none,good,none,none,True,"{""verdict"": ""good"", ""defect_type"": ""none"", ""location"": ""none""}",0.354435407629353,8,zero_shot
pill,pill/test/good/009.png,0,none,none,good,none,none,True,"{""verdict"": ""good"", ""defect_type"": ""none"", ""location"": ""none""}",0.35349009850324364,8,zero_shot
pill,pill/test/good/010.png,0,none,none,good,none,none,True,"{""verdict"": ""good"", ""defect_type"": ""none"", ""location"": ""none""}",0.35349009850324364,8,zero_shot
pill,pill/test/good/011.png,0,none,none,good,none,none,True,"{""verdict"": ""good"", ""defect_type"": ""none"", ""location"": ""none""}",0.35349009850324364,8,zero_shot
pill,pill/test/good/012.png,0,none,none,good,none,none,True,"{""verdict"": ""good"", ""defect_type"": ""none"", ""location"": ""none""}",0.35349009850324364,8,zero_shot
pill,pill/test/good/013.png,0,none,none,good,none,none,True,"{""verdict"": ""good"", ""defect_type"": ""none"", ""location"": ""none""}",0.35349009850324364,8,zero_shot
pill,pill/test/good/014.png,0,none,none,good,none,none,True,"{""verdict"": ""good"", ""defect_type"": ""none"", ""location"": ""none""}",0.35349009850324364,8,zero_shot
pill,pill/test/good/015.png,0,none,none,good,none,none,True,"{""verdict"": ""good"", ""defect_type"": ""none"", ""location"": ""none""}",0.35349009850324364,8,zero_shot
pill,pill/test/good/016.png,0,none,none,good,none,none,True,"{""verdict"": ""good"", ""defect_type"": ""none"", ""location"": ""none""}",0.35349009850324364,8,zero_shot
pill,pill/test/good/017.png,0,none,none,good,none,none,True,"{""verdict"": ""good"", ""defect_type"": ""none"", ""location"": ""none""}",0.35303340925020166,8,zero_shot
pill,pill/test/good/018.png,0,none,none,good,none,none,True,"{""verdict"": ""good"", ""defect_type"": ""none"", ""location"": ""none""}",0.35303340925020166,8,zero_shot
pill,pill/test/good/019.png,0,none,none,good,none,none,True,"{""verdict"": ""good"", ""defect_type"": ""none"", ""location"": ""none""}",0.35303340925020166,8,zero_shot
pill,pill/test/good/020.png,0,none,none,good,none,none,True,"{""verdict"": ""good"", ""defect_type"": ""none"", ""location"": ""none""}",0.35303340925020166,8,zero_shot
pill,pill/test/good/021.png,0,none,none,good,none,none,True,"{""verdict"": ""good"", ""defect_type"": ""none"", ""location"": ""none""}",0.35303340925020166,8,zero_shot
pill,pill/test/good/022.png,0,none,none,good,none,none,True,"{""verdict"": ""good"", ""defect_type"": ""none"", ""location"": ""none""}",0.35303340925020166,8,zero_shot
pill,pill/test/good/023.png,0,none,none,good,none,none,True,"{""verdict"": ""good"", ""defect_type"": ""none"", ""location"": ""none""}",0.35303340925020166,8,zero_shot
pill,pill/test/good/024.png,0,none,none,good,none,none,True,"{""verdict"": ""good"", ""defect_type"": ""none"", ""location"": ""none""}",0.35303340925020166,8,zero_shot
pill,pill/test/good/025.png,0,none,none,good,none,none,True,"{""verdict"": ""good"", ""defect_type"": ""none"", ""location"": ""none""}",0.37176413012639387,8,zero_shot
pill,pill/test/color/002.png,1,color,bottom-right,good,none,none,True,"{""verdict"": ""good"", ""defect_type"": ""none"", ""location"": ""none""}",0.37176413012639387,8,zero_shot
pill,pill/test/color/005.png,1,color,top-right,good,none,none,True,"{""verdict"": ""good"", ""defect_type"": ""none"", ""location"": ""none""}",0.37176413012639387,8,zero_shot
pill,pill/test/color/007.png,1,color,center,good,none,none,True,"{""verdict"": ""good"", ""defect_type"": ""none"", ""location"": ""none""}",0.37176413012639387,8,zero_shot
pill,pill/test/color/008.png,1,color,right,good,none,none,True,"{""verdict"": ""good"", ""defect_type"": ""none"", ""location"": ""none""}",0.37176413012639387,8,zero_shot
pill,pill/test/color/010.png,1,color,bottom-left,good,none,none,True,"{""verdict"": ""good"", ""defect_type"": ""none"", ""location"": ""none""}",0.37176413012639387,8,zero_shot
pill,pill/test/color/011.png,1,color,top,defective,contamination,top,True,"{""verdict"": ""defective"", ""defect_type"": ""contamination"", ""location"": ""top""}",0.37176413012639387,8,zero_shot
pill,pill/test/color/014.png,1,color,right,defective,contamination,right,True,"{""verdict"": ""defective"", ""defect_type"": ""contamination"", ""location"": ""right""}",0.37176413012639387,8,zero_shot
pill,pill/test/color/018.png,1,color,right,good,none,none,True,"{""verdict"": ""good"", ""defect_type"": ""none"", ""location"": ""none""}",0.3851944147463655,8,zero_shot
pill,pill/test/color/019.png,1,color,left,defective,contamination,top-left,True,"{""verdict"": ""defective"", ""defect_type"": ""contamination"", ""location"": ""top-left""}",0.3851944147463655,8,zero_shot
pill,pill/test/color/020.png,1,color,top,good,none,none,True,"{""verdict"": ""good"", ""defect_type"": ""none"", ""location"": ""none""}",0.3851944147463655,8,zero_shot
pill,pill/test/color/021.png,1,color,bottom,good,none,none,True,"{""verdict"": ""good"", ""defect_type"": ""none"", ""location"": ""none""}",0.3851944147463655,8,zero_shot
pill,pill/test/color/022.png,1,color,right,defective,contamination,right,True,"{""verdict"": ""defective"", ""defect_type"": ""contamination"", ""location"": ""right""}",0.3851944147463655,8,zero_shot
pill,pill/test/color/023.png,1,color,left,defective,contamination,top-left,True,"{""verdict"": ""defective"", ""defect_type"": ""contamination"", ""location"": ""top-left""}",0.3851944147463655,8,zero_shot
pill,pill/test/combined/001.png,1,combined,center,defective,faulty_imprint,center,True,"{""verdict"": ""defective"", ""defect_type"": ""faulty_imprint"", ""location"": ""center""}",0.3851944147463655,8,zero_shot
pill,pill/test/combined/004.png,1,combined,center,defective,faulty_imprint,center,True,"{""verdict"": ""defective"", ""defect_type"": ""faulty_imprint"", ""location"": ""center""}",0.3851944147463655,8,zero_shot
pill,pill/test/combined/006.png,1,combined,right,good,none,none,True,"{""verdict"": ""good"", ""defect_type"": ""none"", ""location"": ""none""}",0.38329335849994095,8,zero_shot
pill,pill/test/combined/007.png,1,combined,center,defective,faulty_imprint,center,True,"{""verdict"": ""defective"", ""defect_type"": ""faulty_imprint"", ""location"": ""center""}",0.38329335849994095,8,zero_shot
pill,pill/test/combined/008.png,1,combined,center,defective,faulty_imprint,center,True,"{""verdict"": ""defective"", ""defect_type"": ""faulty_imprint"", ""location"": ""center""}",0.38329335849994095,8,zero_shot
pill,pill/test/combined/012.png,1,combined,center,defective,contamination,top-right,True,"{""verdict"": ""defective"", ""defect_type"": ""contamination"", ""location"": ""top-right""}",0.38329335849994095,8,zero_shot
pill,pill/test/combined/013.png,1,combined,right,good,none,none,True,"{""verdict"": ""good"", ""defect_type"": ""none"", ""location"": ""none""}",0.38329335849994095,8,zero_shot
pill,pill/test/combined/015.png,1,combined,top,defective,contamination,top,True,"{""verdict"": ""defective"", ""defect_type"": ""contamination"", ""location"": ""top""}",0.38329335849994095,8,zero_shot
pill,pill/test/combined/016.png,1,combined,right,defective,contamination,top-right,True,"{""verdict"": ""defective"", ""defect_type"": ""contamination"", ""location"": ""top-right""}",0.38329335849994095,8,zero_shot
pill,pill/test/contamination/000.png,1,contamination,right,good,none,none,True,"{""verdict"": ""good"", ""defect_type"": ""none"", ""location"": ""none""}",0.38329335849994095,8,zero_shot
pill,pill/test/contamination/003.png,1,contamination,bottom,good,none,none,True,"{""verdict"": ""good"", ""defect_type"": ""none"", ""location"": ""none""}",0.3895174097560812,8,zero_shot
pill,pill/test/contamination/008.png,1,contamination,right,good,none,none,True,"{""verdict"": ""good"", ""defect_type"": ""none"", ""location"": ""none""}",0.3895174097560812,8,zero_shot
pill,pill/test/contamination/009.png,1,contamination,center,good,none,none,True,"{""verdict"": ""good"", ""defect_type"": ""none"", ""location"": ""none""}",0.3895174097560812,8,zero_shot
pill,pill/test/contamination/010.png,1,contamination,top-right,defective,faulty_imprint,center,True,"{""verdict"": ""defective"", ""defect_type"": ""faulty_imprint"", ""location"": ""center""}",0.3895174097560812,8,zero_shot
pill,pill/test/contamination/013.png,1,contamination,right,good,none,none,True,"{""verdict"": ""good"", ""defect_type"": ""none"", ""location"": ""none""}",0.3895174097560812,8,zero_shot
pill,pill/test/contamination/014.png,1,contamination,bottom,good,none,none,True,"{""verdict"": ""good"", ""defect_type"": ""none"", ""location"": ""none""}",0.3895174097560812,8,zero_shot
pill,pill/test/contamination/015.png,1,contamination,top,good,none,none,True,"{""verdict"": ""good"", ""defect_type"": ""none"", ""location"": ""none""}",0.3895174097560812,8,zero_shot
pill,pill/test/contamination/016.png,1,contamination,bottom,good,none,none,True,"{""verdict"": ""good"", ""defect_type"": ""none"", ""location"": ""none""}",0.3895174097560812,8,zero_shot
pill,pill/test/contamination/017.png,1,contamination,center,defective,contamination,right,True,"{""verdict"": ""defective"", ""defect_type"": ""contamination"", ""location"": ""right""}",0.39074979449651437,8,zero_shot
pill,pill/test/contamination/018.png,1,contamination,center,defective,faulty_imprint,center,True,"{""verdict"": ""defective"", ""defect_type"": ""faulty_imprint"", ""location"": ""center""}",0.39074979449651437,8,zero_shot
pill,pill/test/crack/003.png,1,crack,bottom-left,good,none,none,True,"{""verdict"": ""good"", ""defect_type"": ""none"", ""location"": ""none""}",0.39074979449651437,8,zero_shot
pill,pill/test/crack/004.png,1,crack,left,good,none,none,True,"{""verdict"": ""good"", ""defect_type"": ""none"", ""location"": ""none""}",0.39074979449651437,8,zero_shot
pill,pill/test/crack/005.png,1,crack,right,good,none,none,True,"{""verdict"": ""good"", ""defect_type"": ""none"", ""location"": ""none""}",0.39074979449651437,8,zero_shot
pill,pill/test/crack/007.png,1,crack,bottom-right,good,none,none,True,"{""verdict"": ""good"", ""defect_type"": ""none"", ""location"": ""none""}",0.39074979449651437,8,zero_shot
pill,pill/test/crack/011.png,1,crack,bottom,defective,faulty_imprint,center,True,"{""verdict"": ""defective"", ""defect_type"": ""faulty_imprint"", ""location"": ""center""}",0.39074979449651437,8,zero_shot
pill,pill/test/crack/013.png,1,crack,left,good,none,none,True,"{""verdict"": ""good"", ""defect_type"": ""none"", ""location"": ""none""}",0.39074979449651437,8,zero_shot
pill,pill/test/crack/015.png,1,crack,bottom,good,none,none,True,"{""verdict"": ""good"", ""defect_type"": ""none"", ""location"": ""none""}",0.5286999935051426,8,zero_shot
pill,pill/test/crack/016.png,1,crack,left,good,none,none,True,"{""verdict"": ""good"", ""defect_type"": ""none"", ""location"": ""none""}",0.5286999935051426,8,zero_shot
pill,pill/test/crack/017.png,1,crack,top-right,defective,crack,top-right,True,"{""verdict"": ""defective"", ""defect_type"": ""crack"", ""location"": ""top-right""}",0.5286999935051426,8,zero_shot
pill,pill/test/crack/018.png,1,crack,top-left,good,none,none,True,"{""verdict"": ""good"", ""defect_type"": ""none"", ""location"": ""none""}",0.5286999935051426,8,zero_shot
pill,pill/test/crack/020.png,1,crack,top-left,defective,contamination,top,True,"{""verdict"": ""defective"", ""defect_type"": ""contamination"", ""location"": ""top"", ""reason"": ""The pill has red specks on its surface, indicating contamination.""}",0.5286999935051426,8,zero_shot
pill,pill/test/crack/023.png,1,crack,right,good,none,none,True,"{""verdict"": ""good"", ""defect_type"": ""none"", ""location"": ""none""}",0.5286999935051426,8,zero_shot
pill,pill/test/crack/024.png,1,crack,right,good,none,none,True,"{""verdict"": ""good"", ""defect_type"": ""none"", ""location"": ""none""}",0.5286999935051426,8,zero_shot
pill,pill/test/faulty_imprint/000.png,1,faulty_imprint,center,good,none,none,True,"{""verdict"": ""good"", ""defect_type"": ""none"", ""location"": ""none""}",0.5286999935051426,8,zero_shot
pill,pill/test/faulty_imprint/001.png,1,faulty_imprint,center,good,none,none,True,"{""verdict"": ""good"", ""defect_type"": ""none"", ""location"": ""none""}",0.5222882322486839,8,zero_shot
pill,pill/test/faulty_imprint/004.png,1,faulty_imprint,center,good,none,none,True,"{""verdict"": ""good"", ""defect_type"": ""none"", ""location"": ""none""}",0.5222882322486839,8,zero_shot
pill,pill/test/faulty_imprint/008.png,1,faulty_imprint,center,defective,faulty_imprint,center,True,"{""verdict"": ""defective"", ""defect_type"": ""faulty_imprint"", ""location"": ""center""}",0.5222882322486839,8,zero_shot
pill,pill/test/faulty_imprint/009.png,1,faulty_imprint,center,good,none,none,True,"{""verdict"": ""good"", ""defect_type"": ""none"", ""location"": ""none""}",0.5222882322486839,8,zero_shot
pill,pill/test/faulty_imprint/010.png,1,faulty_imprint,center,defective,faulty_imprint,center,True,"{""verdict"": ""defective"", ""defect_type"": ""faulty_imprint"", ""location"": ""center""}",0.5222882322486839,8,zero_shot
pill,pill/test/faulty_imprint/011.png,1,faulty_imprint,center,defective,contamination,top,True,"{""verdict"": ""defective"", ""defect_type"": ""contamination"", ""location"": ""top"", ""reason"": ""There is visible contamination on the top surface of the pill.""}",0.5222882322486839,8,zero_shot
pill,pill/test/faulty_imprint/013.png,1,faulty_imprint,center,defective,faulty_imprint,center,True,"{""verdict"": ""defective"", ""defect_type"": ""faulty_imprint"", ""location"": ""center""}",0.5222882322486839,8,zero_shot
pill,pill/test/faulty_imprint/017.png,1,faulty_imprint,center,defective,faulty_imprint,center,True,"{""verdict"": ""defective"", ""defect_type"": ""faulty_imprint"", ""location"": ""center""}",0.5222882322486839,8,zero_shot
pill,pill/test/pill_type/001.png,1,pill_type,center,good,none,none,True,"{""verdict"": ""good"", ""defect_type"": ""none"", ""location"": ""none""}",0.3530154360050801,8,zero_shot
pill,pill/test/pill_type/004.png,1,pill_type,center,good,none,none,True,"{""verdict"": ""good"", ""defect_type"": ""none"", ""location"": ""none""}",0.3530154360050801,8,zero_shot
pill,pill/test/pill_type/005.png,1,pill_type,center,good,none,none,True,"{""verdict"": ""good"", ""defect_type"": ""none"", ""location"": ""none""}",0.3530154360050801,8,zero_shot
pill,pill/test/pill_type/007.png,1,pill_type,center,good,none,none,True,"{""verdict"": ""good"", ""defect_type"": ""none"", ""location"": ""none""}",0.3530154360050801,8,zero_shot
pill,pill/test/pill_type/008.png,1,pill_type,center,good,none,none,True,"{""verdict"": ""good"", ""defect_type"": ""none"", ""location"": ""none""}",0.3530154360050801,8,zero_shot
pill,pill/test/scratch/002.png,1,scratch,right,good,none,none,True,"{""verdict"": ""good"", ""defect_type"": ""none"", ""location"": ""none""}",0.3530154360050801,8,zero_shot
pill,pill/test/scratch/003.png,1,scratch,right,good,none,none,True,"{""verdict"": ""good"", ""defect_type"": ""none"", ""location"": ""none""}",0.3530154360050801,8,zero_shot
pill,pill/test/scratch/004.png,1,scratch,right,good,none,none,True,"{""verdict"": ""good"", ""defect_type"": ""none"", ""location"": ""none""}",0.3530154360050801,8,zero_shot
pill,pill/test/scratch/006.png,1,scratch,right,good,none,none,True,"{""verdict"": ""good"", ""defect_type"": ""none"", ""location"": ""none""}",0.3838629640013096,8,zero_shot
pill,pill/test/scratch/009.png,1,scratch,bottom,good,none,none,True,"{""verdict"": ""good"", ""defect_type"": ""none"", ""location"": ""none""}",0.3838629640013096,8,zero_shot
pill,pill/test/scratch/012.png,1,scratch,left,good,none,none,True,"{""verdict"": ""good"", ""defect_type"": ""none"", ""location"": ""none""}",0.3838629640013096,8,zero_shot
pill,pill/test/scratch/014.png,1,scratch,bottom,good,none,none,True,"{""verdict"": ""good"", ""defect_type"": ""none"", ""location"": ""none""}",0.3838629640013096,8,zero_shot
pill,pill/test/scratch/015.png,1,scratch,left,defective,contamination,top-left,True,"{""verdict"": ""defective"", ""defect_type"": ""contamination"", ""location"": ""top-left""}",0.3838629640013096,8,zero_shot
pill,pill/test/scratch/016.png,1,scratch,right,good,none,none,True,"{""verdict"": ""good"", ""defect_type"": ""none"", ""location"": ""none""}",0.3838629640013096,8,zero_shot
pill,pill/test/scratch/019.png,1,scratch,top,good,none,none,True,"{""verdict"": ""good"", ""defect_type"": ""none"", ""location"": ""none""}",0.3838629640013096,8,zero_shot
pill,pill/test/scratch/020.png,1,scratch,bottom,defective,faulty_imprint,center,True,"{""verdict"": ""defective"", ""defect_type"": ""faulty_imprint"", ""location"": ""center""}",0.3838629640013096,8,zero_shot
pill,pill/test/scratch/022.png,1,scratch,top,good,none,none,True,"{""verdict"": ""good"", ""defect_type"": ""none"", ""location"": ""none""}",0.38474321337707806,8,zero_shot
screw,screw/test/good/000.png,0,none,none,good,none,none,True,"{""verdict"": ""good"", ""defect_type"": ""none"", ""location"": ""none""}",0.38474321337707806,8,zero_shot
screw,screw/test/good/001.png,0,none,none,good,none,none,True,"{""verdict"": ""good"", ""defect_type"": ""none"", ""location"": ""none""}",0.38474321337707806,8,zero_shot
screw,screw/test/good/002.png,0,none,none,good,none,none,True,"{""verdict"": ""good"", ""defect_type"": ""none"", ""location"": ""none""}",0.38474321337707806,8,zero_shot
screw,screw/test/good/003.png,0,none,none,good,none,none,True,"{""verdict"": ""good"", ""defect_type"": ""none"", ""location"": ""none""}",0.38474321337707806,8,zero_shot
screw,screw/test/good/004.png,0,none,none,good,none,none,True,"{""verdict"": ""good"", ""defect_type"": ""none"", ""location"": ""none""}",0.38474321337707806,8,zero_shot
screw,screw/test/good/005.png,0,none,none,good,none,none,True,"{""verdict"": ""good"", ""defect_type"": ""none"", ""location"": ""none""}",0.38474321337707806,8,zero_shot
screw,screw/test/good/006.png,0,none,none,good,none,none,True,"{""verdict"": ""good"", ""defect_type"": ""none"", ""location"": ""none""}",0.38474321337707806,8,zero_shot
screw,screw/test/good/007.png,0,none,none,good,none,none,True,"{""verdict"": ""good"", ""defect_type"": ""none"", ""location"": ""none""}",0.35053138674993534,8,zero_shot
screw,screw/test/good/008.png,0,none,none,good,none,none,True,"{""verdict"": ""good"", ""defect_type"": ""none"", ""location"": ""none""}",0.35053138674993534,8,zero_shot
screw,screw/test/good/009.png,0,none,none,good,none,none,True,"{""verdict"": ""good"", ""defect_type"": ""none"", ""location"": ""none""}",0.35053138674993534,8,zero_shot
screw,screw/test/good/010.png,0,none,none,good,none,none,True,"{""verdict"": ""good"", ""defect_type"": ""none"", ""location"": ""none""}",0.35053138674993534,8,zero_shot
screw,screw/test/good/011.png,0,none,none,good,none,none,True,"{""verdict"": ""good"", ""defect_type"": ""none"", ""location"": ""none""}",0.35053138674993534,8,zero_shot
screw,screw/test/good/012.png,0,none,none,good,none,none,True,"{""verdict"": ""good"", ""defect_type"": ""none"", ""location"": ""none""}",0.35053138674993534,8,zero_shot
screw,screw/test/good/013.png,0,none,none,good,none,none,True,"{""verdict"": ""good"", ""defect_type"": ""none"", ""location"": ""none""}",0.35053138674993534,8,zero_shot
screw,screw/test/good/014.png,0,none,none,good,none,none,True,"{""verdict"": ""good"", ""defect_type"": ""none"", ""location"": ""none""}",0.35053138674993534,8,zero_shot
screw,screw/test/good/015.png,0,none,none,good,none,none,True,"{""verdict"": ""good"", ""defect_type"": ""none"", ""location"": ""none""}",0.35378404350194614,8,zero_shot
screw,screw/test/good/016.png,0,none,none,good,none,none,True,"{""verdict"": ""good"", ""defect_type"": ""none"", ""location"": ""none""}",0.35378404350194614,8,zero_shot
screw,screw/test/good/017.png,0,none,none,good,none,none,True,"{""verdict"": ""good"", ""defect_type"": ""none"", ""location"": ""none""}",0.35378404350194614,8,zero_shot
screw,screw/test/good/018.png,0,none,none,good,none,none,True,"{""verdict"": ""good"", ""defect_type"": ""none"", ""location"": ""none""}",0.35378404350194614,8,zero_shot
screw,screw/test/good/019.png,0,none,none,good,none,none,True,"{""verdict"": ""good"", ""defect_type"": ""none"", ""location"": ""none""}",0.35378404350194614,8,zero_shot
screw,screw/test/good/020.png,0,none,none,good,none,none,True,"{""verdict"": ""good"", ""defect_type"": ""none"", ""location"": ""none""}",0.35378404350194614,8,zero_shot
screw,screw/test/good/021.png,0,none,none,good,none,none,True,"{""verdict"": ""good"", ""defect_type"": ""none"", ""location"": ""none""}",0.35378404350194614,8,zero_shot
screw,screw/test/good/022.png,0,none,none,good,none,none,True,"{""verdict"": ""good"", ""defect_type"": ""none"", ""location"": ""none""}",0.35378404350194614,8,zero_shot
screw,screw/test/good/023.png,0,none,none,good,none,none,True,"{""verdict"": ""good"", ""defect_type"": ""none"", ""location"": ""none""}",0.35553370037087006,8,zero_shot
screw,screw/test/good/024.png,0,none,none,good,none,none,True,"{""verdict"": ""good"", ""defect_type"": ""none"", ""location"": ""none""}",0.35553370037087006,8,zero_shot
screw,screw/test/good/025.png,0,none,none,good,none,none,True,"{""verdict"": ""good"", ""defect_type"": ""none"", ""location"": ""none""}",0.35553370037087006,8,zero_shot
screw,screw/test/good/026.png,0,none,none,good,none,none,True,"{""verdict"": ""good"", ""defect_type"": ""none"", ""location"": ""none""}",0.35553370037087006,8,zero_shot
screw,screw/test/good/027.png,0,none,none,good,none,none,True,"{""verdict"": ""good"", ""defect_type"": ""none"", ""location"": ""none""}",0.35553370037087006,8,zero_shot
screw,screw/test/good/028.png,0,none,none,good,none,none,True,"{""verdict"": ""good"", ""defect_type"": ""none"", ""location"": ""none""}",0.35553370037087006,8,zero_shot
screw,screw/test/good/029.png,0,none,none,good,none,none,True,"{""verdict"": ""good"", ""defect_type"": ""none"", ""location"": ""none""}",0.35553370037087006,8,zero_shot
screw,screw/test/good/030.png,0,none,none,good,none,none,True,"{""verdict"": ""good"", ""defect_type"": ""none"", ""location"": ""none""}",0.35553370037087006,8,zero_shot
screw,screw/test/good/031.png,0,none,none,good,none,none,True,"{""verdict"": ""good"", ""defect_type"": ""none"", ""location"": ""none""}",0.3530622414982645,8,zero_shot
screw,screw/test/good/032.png,0,none,none,good,none,none,True,"{""verdict"": ""good"", ""defect_type"": ""none"", ""location"": ""none""}",0.3530622414982645,8,zero_shot
screw,screw/test/good/033.png,0,none,none,good,none,none,True,"{""verdict"": ""good"", ""defect_type"": ""none"", ""location"": ""none""}",0.3530622414982645,8,zero_shot
screw,screw/test/good/034.png,0,none,none,good,none,none,True,"{""verdict"": ""good"", ""defect_type"": ""none"", ""location"": ""none""}",0.3530622414982645,8,zero_shot
screw,screw/test/good/035.png,0,none,none,good,none,none,True,"{""verdict"": ""good"", ""defect_type"": ""none"", ""location"": ""none""}",0.3530622414982645,8,zero_shot
screw,screw/test/good/036.png,0,none,none,good,none,none,True,"{""verdict"": ""good"", ""defect_type"": ""none"", ""location"": ""none""}",0.3530622414982645,8,zero_shot
screw,screw/test/good/037.png,0,none,none,good,none,none,True,"{""verdict"": ""good"", ""defect_type"": ""none"", ""location"": ""none""}",0.3530622414982645,8,zero_shot
screw,screw/test/good/038.png,0,none,none,good,none,none,True,"{""verdict"": ""good"", ""defect_type"": ""none"", ""location"": ""none""}",0.3530622414982645,8,zero_shot
screw,screw/test/good/039.png,0,none,none,good,none,none,True,"{""verdict"": ""good"", ""defect_type"": ""none"", ""location"": ""none""}",0.379262510999979,8,zero_shot
screw,screw/test/good/040.png,0,none,none,good,none,none,True,"{""verdict"": ""good"", ""defect_type"": ""none"", ""location"": ""none""}",0.379262510999979,8,zero_shot
screw,screw/test/manipulated_front/004.png,1,manipulated_front,top-right,good,none,none,True,"{""verdict"": ""good"", ""defect_type"": ""none"", ""location"": ""none""}",0.379262510999979,8,zero_shot
screw,screw/test/manipulated_front/005.png,1,manipulated_front,bottom-right,good,none,none,True,"{""verdict"": ""good"", ""defect_type"": ""none"", ""location"": ""none""}",0.379262510999979,8,zero_shot
screw,screw/test/manipulated_front/006.png,1,manipulated_front,bottom-left,good,none,none,True,"{""verdict"": ""good"", ""defect_type"": ""none"", ""location"": ""none""}",0.379262510999979,8,zero_shot
screw,screw/test/manipulated_front/010.png,1,manipulated_front,bottom,defective,thread_side,bottom-left,True,"{""verdict"": ""defective"", ""defect_type"": ""thread_side"", ""location"": ""bottom-left""}",0.379262510999979,8,zero_shot
screw,screw/test/manipulated_front/011.png,1,manipulated_front,top-right,good,none,none,True,"{""verdict"": ""good"", ""defect_type"": ""none"", ""location"": ""none""}",0.379262510999979,8,zero_shot
screw,screw/test/manipulated_front/013.png,1,manipulated_front,bottom-right,good,none,none,True,"{""verdict"": ""good"", ""defect_type"": ""none"", ""location"": ""none""}",0.379262510999979,8,zero_shot
screw,screw/test/manipulated_front/015.png,1,manipulated_front,left,defective,thread_side,left,True,"{""verdict"": ""defective"", ""defect_type"": ""thread_side"", ""location"": ""left""}",0.37602801174944034,8,zero_shot
screw,screw/test/manipulated_front/016.png,1,manipulated_front,bottom,defective,thread_side,bottom-right,True,"{""verdict"": ""defective"", ""defect_type"": ""thread_side"", ""location"": ""bottom-right""}",0.37602801174944034,8,zero_shot
screw,screw/test/manipulated_front/017.png,1,manipulated_front,top-right,good,none,none,True,"{""verdict"": ""good"", ""defect_type"": ""none"", ""location"": ""none""}",0.37602801174944034,8,zero_shot
screw,screw/test/manipulated_front/020.png,1,manipulated_front,bottom-left,good,none,none,True,"{""verdict"": ""good"", ""defect_type"": ""none"", ""location"": ""none""}",0.37602801174944034,8,zero_shot
screw,screw/test/manipulated_front/021.png,1,manipulated_front,top-right,good,none,none,True,"{""verdict"": ""good"", ""defect_type"": ""none"", ""location"": ""none""}",0.37602801174944034,8,zero_shot
screw,screw/test/manipulated_front/022.png,1,manipulated_front,top-left,good,none,none,True,"{""verdict"": ""good"", ""defect_type"": ""none"", ""location"": ""none""}",0.37602801174944034,8,zero_shot
screw,screw/test/scratch_head/000.png,1,scratch_head,top-left,good,none,none,True,"{""verdict"": ""good"", ""defect_type"": ""none"", ""location"": ""none""}",0.37602801174944034,8,zero_shot
screw,screw/test/scratch_head/001.png,1,scratch_head,right,good,none,none,True,"{""verdict"": ""good"", ""defect_type"": ""none"", ""location"": ""none""}",0.37602801174944034,8,zero_shot
screw,screw/test/scratch_head/002.png,1,scratch_head,top-left,good,none,none,True,"{""verdict"": ""good"", ""defect_type"": ""none"", ""location"": ""none""}",0.3553855941281654,8,zero_shot
screw,screw/test/scratch_head/003.png,1,scratch_head,top,good,none,none,True,"{""verdict"": ""good"", ""defect_type"": ""none"", ""location"": ""none""}",0.3553855941281654,8,zero_shot
screw,screw/test/scratch_head/004.png,1,scratch_head,top-right,good,none,none,True,"{""verdict"": ""good"", ""defect_type"": ""none"", ""location"": ""none""}",0.3553855941281654,8,zero_shot
screw,screw/test/scratch_head/007.png,1,scratch_head,left,good,none,none,True,"{""verdict"": ""good"", ""defect_type"": ""none"", ""location"": ""none""}",0.3553855941281654,8,zero_shot
screw,screw/test/scratch_head/009.png,1,scratch_head,top,good,none,none,True,"{""verdict"": ""good"", ""defect_type"": ""none"", ""location"": ""none""}",0.3553855941281654,8,zero_shot
screw,screw/test/scratch_head/010.png,1,scratch_head,top-right,good,none,none,True,"{""verdict"": ""good"", ""defect_type"": ""none"", ""location"": ""none""}",0.3553855941281654,8,zero_shot
screw,screw/test/scratch_head/012.png,1,scratch_head,top-left,good,none,none,True,"{""verdict"": ""good"", ""defect_type"": ""none"", ""location"": ""none""}",0.3553855941281654,8,zero_shot
screw,screw/test/scratch_head/015.png,1,scratch_head,top,good,none,none,True,"{""verdict"": ""good"", ""defect_type"": ""none"", ""location"": ""none""}",0.3553855941281654,8,zero_shot
screw,screw/test/scratch_head/020.png,1,scratch_head,left,good,none,none,True,"{""verdict"": ""good"", ""defect_type"": ""none"", ""location"": ""none""}",0.35430810675461544,8,zero_shot
screw,screw/test/scratch_head/021.png,1,scratch_head,right,good,none,none,True,"{""verdict"": ""good"", ""defect_type"": ""none"", ""location"": ""none""}",0.35430810675461544,8,zero_shot
screw,screw/test/scratch_neck/002.png,1,scratch_neck,center,good,none,none,True,"{""verdict"": ""good"", ""defect_type"": ""none"", ""location"": ""none""}",0.35430810675461544,8,zero_shot
screw,screw/test/scratch_neck/006.png,1,scratch_neck,bottom,good,none,none,True,"{""verdict"": ""good"", ""defect_type"": ""none"", ""location"": ""none""}",0.35430810675461544,8,zero_shot
screw,screw/test/scratch_neck/009.png,1,scratch_neck,center,good,none,none,True,"{""verdict"": ""good"", ""defect_type"": ""none"", ""location"": ""none""}",0.35430810675461544,8,zero_shot
screw,screw/test/scratch_neck/010.png,1,scratch_neck,center,good,none,none,True,"{""verdict"": ""good"", ""defect_type"": ""none"", ""location"": ""none""}",0.35430810675461544,8,zero_shot
screw,screw/test/scratch_neck/011.png,1,scratch_neck,center,good,none,none,True,"{""verdict"": ""good"", ""defect_type"": ""none"", ""location"": ""none""}",0.35430810675461544,8,zero_shot
screw,screw/test/scratch_neck/014.png,1,scratch_neck,center,good,none,none,True,"{""verdict"": ""good"", ""defect_type"": ""none"", ""location"": ""none""}",0.35430810675461544,8,zero_shot
screw,screw/test/scratch_neck/015.png,1,scratch_neck,center,good,none,none,True,"{""verdict"": ""good"", ""defect_type"": ""none"", ""location"": ""none""}",0.35327256900200155,8,zero_shot
screw,screw/test/scratch_neck/016.png,1,scratch_neck,center,good,none,none,True,"{""verdict"": ""good"", ""defect_type"": ""none"", ""location"": ""none""}",0.35327256900200155,8,zero_shot
screw,screw/test/scratch_neck/018.png,1,scratch_neck,center,good,none,none,True,"{""verdict"": ""good"", ""defect_type"": ""none"", ""location"": ""none""}",0.35327256900200155,8,zero_shot
screw,screw/test/scratch_neck/020.png,1,scratch_neck,center,good,none,none,True,"{""verdict"": ""good"", ""defect_type"": ""none"", ""location"": ""none""}",0.35327256900200155,8,zero_shot
screw,screw/test/scratch_neck/022.png,1,scratch_neck,center,good,none,none,True,"{""verdict"": ""good"", ""defect_type"": ""none"", ""location"": ""none""}",0.35327256900200155,8,zero_shot
screw,screw/test/scratch_neck/023.png,1,scratch_neck,center,good,none,none,True,"{""verdict"": ""good"", ""defect_type"": ""none"", ""location"": ""none""}",0.35327256900200155,8,zero_shot
screw,screw/test/scratch_neck/024.png,1,scratch_neck,left,good,none,none,True,"{""verdict"": ""good"", ""defect_type"": ""none"", ""location"": ""none""}",0.35327256900200155,8,zero_shot
screw,screw/test/thread_side/000.png,1,thread_side,top,good,none,none,True,"{""verdict"": ""good"", ""defect_type"": ""none"", ""location"": ""none""}",0.35327256900200155,8,zero_shot
screw,screw/test/thread_side/001.png,1,thread_side,center,good,none,none,True,"{""verdict"": ""good"", ""defect_type"": ""none"", ""location"": ""none""}",0.35419706224638503,8,zero_shot
screw,screw/test/thread_side/004.png,1,thread_side,top-right,good,none,none,True,"{""verdict"": ""good"", ""defect_type"": ""none"", ""location"": ""none""}",0.35419706224638503,8,zero_shot
screw,screw/test/thread_side/008.png,1,thread_side,center,good,none,none,True,"{""verdict"": ""good"", ""defect_type"": ""none"", ""location"": ""none""}",0.35419706224638503,8,zero_shot
screw,screw/test/thread_side/009.png,1,thread_side,right,good,none,none,True,"{""verdict"": ""good"", ""defect_type"": ""none"", ""location"": ""none""}",0.35419706224638503,8,zero_shot
screw,screw/test/thread_side/010.png,1,thread_side,center,good,none,none,True,"{""verdict"": ""good"", ""defect_type"": ""none"", ""location"": ""none""}",0.35419706224638503,8,zero_shot
screw,screw/test/thread_side/011.png,1,thread_side,left,good,none,none,True,"{""verdict"": ""good"", ""defect_type"": ""none"", ""location"": ""none""}",0.35419706224638503,8,zero_shot
screw,screw/test/thread_side/012.png,1,thread_side,bottom-left,good,none,none,True,"{""verdict"": ""good"", ""defect_type"": ""none"", ""location"": ""none""}",0.35419706224638503,8,zero_shot
screw,screw/test/thread_side/014.png,1,thread_side,center,good,none,none,True,"{""verdict"": ""good"", ""defect_type"": ""none"", ""location"": ""none""}",0.35419706224638503,8,zero_shot
screw,screw/test/thread_side/015.png,1,thread_side,center,good,none,none,True,"{""verdict"": ""good"", ""defect_type"": ""none"", ""location"": ""none""}",0.3525891440003761,8,zero_shot
screw,screw/test/thread_side/020.png,1,thread_side,bottom,good,none,none,True,"{""verdict"": ""good"", ""defect_type"": ""none"", ""location"": ""none""}",0.3525891440003761,8,zero_shot
screw,screw/test/thread_top/000.png,1,thread_top,top-left,good,none,none,True,"{""verdict"": ""good"", ""defect_type"": ""none"", ""location"": ""none""}",0.3525891440003761,8,zero_shot
screw,screw/test/thread_top/004.png,1,thread_top,center,good,none,none,True,"{""verdict"": ""good"", ""defect_type"": ""none"", ""location"": ""none""}",0.3525891440003761,8,zero_shot
screw,screw/test/thread_top/005.png,1,thread_top,center,good,none,none,True,"{""verdict"": ""good"", ""defect_type"": ""none"", ""location"": ""none""}",0.3525891440003761,8,zero_shot
screw,screw/test/thread_top/007.png,1,thread_top,center,good,none,none,True,"{""verdict"": ""good"", ""defect_type"": ""none"", ""location"": ""none""}",0.3525891440003761,8,zero_shot
screw,screw/test/thread_top/010.png,1,thread_top,center,good,none,none,True,"{""verdict"": ""good"", ""defect_type"": ""none"", ""location"": ""none""}",0.3525891440003761,8,zero_shot
screw,screw/test/thread_top/011.png,1,thread_top,center,good,none,none,True,"{""verdict"": ""good"", ""defect_type"": ""none"", ""location"": ""none""}",0.3525891440003761,8,zero_shot
screw,screw/test/thread_top/013.png,1,thread_top,bottom,good,none,none,True,"{""verdict"": ""good"", ""defect_type"": ""none"", ""location"": ""none""}",0.39108701099758036,8,zero_shot
screw,screw/test/thread_top/018.png,1,thread_top,center,good,none,none,True,"{""verdict"": ""good"", ""defect_type"": ""none"", ""location"": ""none""}",0.39108701099758036,8,zero_shot
screw,screw/test/thread_top/019.png,1,thread_top,bottom,good,none,none,True,"{""verdict"": ""good"", ""defect_type"": ""none"", ""location"": ""none""}",0.39108701099758036,8,zero_shot
screw,screw/test/thread_top/020.png,1,thread_top,top,good,none,none,True,"{""verdict"": ""good"", ""defect_type"": ""none"", ""location"": ""none""}",0.39108701099758036,8,zero_shot
screw,screw/test/thread_top/021.png,1,thread_top,right,good,none,none,True,"{""verdict"": ""good"", ""defect_type"": ""none"", ""location"": ""none""}",0.39108701099758036,8,zero_shot
tile,tile/test/good/000.png,0,none,none,good,none,none,True,"{""verdict"": ""good"", ""defect_type"": ""none"", ""location"": ""none""}",0.39108701099758036,8,zero_shot
tile,tile/test/good/001.png,0,none,none,good,none,none,True,"{""verdict"": ""good"", ""defect_type"": ""none"", ""location"": ""none""}",0.39108701099758036,8,zero_shot
tile,tile/test/good/002.png,0,none,none,good,none,none,True,"{""verdict"": ""good"", ""defect_type"": ""none"", ""location"": ""none""}",0.39108701099758036,8,zero_shot
tile,tile/test/good/003.png,0,none,none,good,none,none,True,"{""verdict"": ""good"", ""defect_type"": ""none"", ""location"": ""none""}",0.35197752049862174,8,zero_shot
tile,tile/test/good/004.png,0,none,none,good,none,none,True,"{""verdict"": ""good"", ""defect_type"": ""none"", ""location"": ""none""}",0.35197752049862174,8,zero_shot
tile,tile/test/good/005.png,0,none,none,good,none,none,True,"{""verdict"": ""good"", ""defect_type"": ""none"", ""location"": ""none""}",0.35197752049862174,8,zero_shot
tile,tile/test/good/006.png,0,none,none,good,none,none,True,"{""verdict"": ""good"", ""defect_type"": ""none"", ""location"": ""none""}",0.35197752049862174,8,zero_shot
tile,tile/test/good/007.png,0,none,none,good,none,none,True,"{""verdict"": ""good"", ""defect_type"": ""none"", ""location"": ""none""}",0.35197752049862174,8,zero_shot
tile,tile/test/good/008.png,0,none,none,good,none,none,True,"{""verdict"": ""good"", ""defect_type"": ""none"", ""location"": ""none""}",0.35197752049862174,8,zero_shot
tile,tile/test/good/009.png,0,none,none,good,none,none,True,"{""verdict"": ""good"", ""defect_type"": ""none"", ""location"": ""none""}",0.35197752049862174,8,zero_shot
tile,tile/test/good/010.png,0,none,none,good,none,none,True,"{""verdict"": ""good"", ""defect_type"": ""none"", ""location"": ""none""}",0.35197752049862174,8,zero_shot
tile,tile/test/good/011.png,0,none,none,good,none,none,True,"{""verdict"": ""good"", ""defect_type"": ""none"", ""location"": ""none""}",0.3488635400062776,8,zero_shot
tile,tile/test/good/012.png,0,none,none,good,none,none,True,"{""verdict"": ""good"", ""defect_type"": ""none"", ""location"": ""none""}",0.3488635400062776,8,zero_shot
tile,tile/test/good/013.png,0,none,none,good,none,none,True,"{""verdict"": ""good"", ""defect_type"": ""none"", ""location"": ""none""}",0.3488635400062776,8,zero_shot
tile,tile/test/good/014.png,0,none,none,good,none,none,True,"{""verdict"": ""good"", ""defect_type"": ""none"", ""location"": ""none""}",0.3488635400062776,8,zero_shot
tile,tile/test/good/015.png,0,none,none,good,none,none,True,"{""verdict"": ""good"", ""defect_type"": ""none"", ""location"": ""none""}",0.3488635400062776,8,zero_shot
tile,tile/test/good/016.png,0,none,none,good,none,none,True,"{""verdict"": ""good"", ""defect_type"": ""none"", ""location"": ""none""}",0.3488635400062776,8,zero_shot
tile,tile/test/good/017.png,0,none,none,good,none,none,True,"{""verdict"": ""good"", ""defect_type"": ""none"", ""location"": ""none""}",0.3488635400062776,8,zero_shot
tile,tile/test/good/018.png,0,none,none,good,none,none,True,"{""verdict"": ""good"", ""defect_type"": ""none"", ""location"": ""none""}",0.3488635400062776,8,zero_shot
tile,tile/test/good/019.png,0,none,none,good,none,none,True,"{""verdict"": ""good"", ""defect_type"": ""none"", ""location"": ""none""}",0.35234330875391606,8,zero_shot
tile,tile/test/good/020.png,0,none,none,good,none,none,True,"{""verdict"": ""good"", ""defect_type"": ""none"", ""location"": ""none""}",0.35234330875391606,8,zero_shot
tile,tile/test/good/021.png,0,none,none,good,none,none,True,"{""verdict"": ""good"", ""defect_type"": ""none"", ""location"": ""none""}",0.35234330875391606,8,zero_shot
tile,tile/test/good/022.png,0,none,none,good,none,none,True,"{""verdict"": ""good"", ""defect_type"": ""none"", ""location"": ""none""}",0.35234330875391606,8,zero_shot
tile,tile/test/good/023.png,0,none,none,good,none,none,True,"{""verdict"": ""good"", ""defect_type"": ""none"", ""location"": ""none""}",0.35234330875391606,8,zero_shot
tile,tile/test/good/024.png,0,none,none,good,none,none,True,"{""verdict"": ""good"", ""defect_type"": ""none"", ""location"": ""none""}",0.35234330875391606,8,zero_shot
tile,tile/test/good/025.png,0,none,none,good,none,none,True,"{""verdict"": ""good"", ""defect_type"": ""none"", ""location"": ""none""}",0.35234330875391606,8,zero_shot
tile,tile/test/good/026.png,0,none,none,good,none,none,True,"{""verdict"": ""good"", ""defect_type"": ""none"", ""location"": ""none""}",0.35234330875391606,8,zero_shot
tile,tile/test/good/027.png,0,none,none,good,none,none,True,"{""verdict"": ""good"", ""defect_type"": ""none"", ""location"": ""none""}",0.3667968807494617,8,zero_shot
tile,tile/test/good/028.png,0,none,none,good,none,none,True,"{""verdict"": ""good"", ""defect_type"": ""none"", ""location"": ""none""}",0.3667968807494617,8,zero_shot
tile,tile/test/good/029.png,0,none,none,good,none,none,True,"{""verdict"": ""good"", ""defect_type"": ""none"", ""location"": ""none""}",0.3667968807494617,8,zero_shot
tile,tile/test/good/030.png,0,none,none,good,none,none,True,"{""verdict"": ""good"", ""defect_type"": ""none"", ""location"": ""none""}",0.3667968807494617,8,zero_shot
tile,tile/test/good/031.png,0,none,none,good,none,none,True,"{""verdict"": ""good"", ""defect_type"": ""none"", ""location"": ""none""}",0.3667968807494617,8,zero_shot
tile,tile/test/good/032.png,0,none,none,good,none,none,True,"{""verdict"": ""good"", ""defect_type"": ""none"", ""location"": ""none""}",0.3667968807494617,8,zero_shot
tile,tile/test/crack/000.png,1,crack,center,defective,crack,center,True,"{""verdict"": ""defective"", ""defect_type"": ""crack"", ""location"": ""center""}",0.3667968807494617,8,zero_shot
tile,tile/test/crack/002.png,1,crack,center,defective,crack,center,True,"{""verdict"": ""defective"", ""defect_type"": ""crack"", ""location"": ""center""}",0.3667968807494617,8,zero_shot
tile,tile/test/crack/005.png,1,crack,top-left,good,none,none,True,"{""verdict"": ""good"", ""defect_type"": ""none"", ""location"": ""none""}",0.3918634310030029,8,zero_shot
tile,tile/test/crack/006.png,1,crack,right,defective,crack,center,True,"{""verdict"": ""defective"", ""defect_type"": ""crack"", ""location"": ""center""}",0.3918634310030029,8,zero_shot
tile,tile/test/crack/009.png,1,crack,center,defective,crack,center,True,"{""verdict"": ""defective"", ""defect_type"": ""crack"", ""location"": ""center""}",0.3918634310030029,8,zero_shot
tile,tile/test/crack/012.png,1,crack,center,defective,crack,center,True,"{""verdict"": ""defective"", ""defect_type"": ""crack"", ""location"": ""center""}",0.3918634310030029,8,zero_shot
tile,tile/test/crack/013.png,1,crack,center,defective,crack,center,True,"{""verdict"": ""defective"", ""defect_type"": ""crack"", ""location"": ""center""}",0.3918634310030029,8,zero_shot
tile,tile/test/crack/014.png,1,crack,center,defective,crack,center,True,"{""verdict"": ""defective"", ""defect_type"": ""crack"", ""location"": ""center""}",0.3918634310030029,8,zero_shot
tile,tile/test/crack/016.png,1,crack,center,defective,crack,center,True,"{""verdict"": ""defective"", ""defect_type"": ""crack"", ""location"": ""center""}",0.3918634310030029,8,zero_shot
tile,tile/test/glue_strip/000.png,1,glue_strip,center,defective,crack,center,True,"{""verdict"": ""defective"", ""defect_type"": ""crack"", ""location"": ""center""}",0.3918634310030029,8,zero_shot
tile,tile/test/glue_strip/001.png,1,glue_strip,center,good,none,none,True,"{""verdict"": ""good"", ""defect_type"": ""none"", ""location"": ""none""}",0.4053270487493137,8,zero_shot
tile,tile/test/glue_strip/002.png,1,glue_strip,right,defective,glue_strip,right,True,"{""verdict"": ""defective"", ""defect_type"": ""glue_strip"", ""location"": ""right""}",0.4053270487493137,8,zero_shot
tile,tile/test/glue_strip/006.png,1,glue_strip,center,good,none,none,True,"{""verdict"": ""good"", ""defect_type"": ""none"", ""location"": ""none""}",0.4053270487493137,8,zero_shot
tile,tile/test/glue_strip/009.png,1,glue_strip,top-left,good,none,top-left,True,"{""verdict"": ""good"", ""defect_type"": ""none"", ""location"": ""top-left""}",0.4053270487493137,8,zero_shot
tile,tile/test/glue_strip/010.png,1,glue_strip,right,good,none,none,True,"{""verdict"": ""good"", ""defect_type"": ""none"", ""location"": ""none""}",0.4053270487493137,8,zero_shot
tile,tile/test/glue_strip/014.png,1,glue_strip,center,defective,crack,center,True,"{""verdict"": ""defective"", ""defect_type"": ""crack"", ""location"": ""center""}",0.4053270487493137,8,zero_shot
tile,tile/test/glue_strip/015.png,1,glue_strip,right,good,none,none,True,"{""verdict"": ""good"", ""defect_type"": ""none"", ""location"": ""none""}",0.4053270487493137,8,zero_shot
tile,tile/test/glue_strip/016.png,1,glue_strip,left,good,none,none,True,"{""verdict"": ""good"", ""defect_type"": ""none"", ""location"": ""none""}",0.4053270487493137,8,zero_shot
tile,tile/test/gray_stroke/001.png,1,gray_stroke,left,good,none,none,True,"{""verdict"": ""good"", ""defect_type"": ""none"", ""location"": ""none""}",0.4018843108715373,8,zero_shot
tile,tile/test/gray_stroke/003.png,1,gray_stroke,center,good,none,none,True,"{""verdict"": ""good"", ""defect_type"": ""none"", ""location"": ""none""}",0.4018843108715373,8,zero_shot
tile,tile/test/gray_stroke/008.png,1,gray_stroke,right,good,none,none,True,"{""verdict"": ""good"", ""defect_type"": ""none"", ""location"": ""none""}",0.4018843108715373,8,zero_shot
tile,tile/test/gray_stroke/010.png,1,gray_stroke,left,good,none,none,True,"{""verdict"": ""good"", ""defect_type"": ""none"", ""location"": ""none""}",0.4018843108715373,8,zero_shot
tile,tile/test/gray_stroke/011.png,1,gray_stroke,bottom-left,good,none,none,True,"{""verdict"": ""good"", ""defect_type"": ""none"", ""location"": ""none""}",0.4018843108715373,8,zero_shot
tile,tile/test/gray_stroke/012.png,1,gray_stroke,bottom,good,none,none,True,"{""verdict"": ""good"", ""defect_type"": ""none"", ""location"": ""none""}",0.4018843108715373,8,zero_shot
tile,tile/test/gray_stroke/014.png,1,gray_stroke,bottom,good,none,none,True,"{""verdict"": ""good"", ""defect_type"": ""none"", ""location"": ""none""}",0.4018843108715373,8,zero_shot
tile,tile/test/gray_stroke/015.png,1,gray_stroke,right,good,none,none,True,"{""verdict"": ""good"", ""defect_type"": ""none"", ""location"": ""none""}",0.4018843108715373,8,zero_shot
tile,tile/test/oil/002.png,1,oil,right,good,none,center,True,"{""verdict"": ""good"", ""defect_type"": ""none"", ""location"": ""center""}",0.3956016393713071,8,zero_shot
tile,tile/test/oil/004.png,1,oil,top-right,good,none,none,True,"{""verdict"": ""good"", ""defect_type"": ""none"", ""location"": ""none""}",0.3956016393713071,8,zero_shot
tile,tile/test/oil/005.png,1,oil,center,good,none,center,True,"{""verdict"": ""good"", ""defect_type"": ""none"", ""location"": ""center""}",0.3956016393713071,8,zero_shot
tile,tile/test/oil/006.png,1,oil,bottom,good,none,none,True,"{""verdict"": ""good"", ""defect_type"": ""none"", ""location"": ""none""}",0.3956016393713071,8,zero_shot
tile,tile/test/oil/007.png,1,oil,center,good,none,center,True,"{""verdict"": ""good"", ""defect_type"": ""none"", ""location"": ""center""}",0.3956016393713071,8,zero_shot
tile,tile/test/oil/009.png,1,oil,center,good,none,center,True,"{""verdict"": ""good"", ""defect_type"": ""none"", ""location"": ""center""}",0.3956016393713071,8,zero_shot
tile,tile/test/oil/010.png,1,oil,left,good,none,none,True,"{""verdict"": ""good"", ""defect_type"": ""none"", ""location"": ""none""}",0.3956016393713071,8,zero_shot
tile,tile/test/oil/016.png,1,oil,center,good,none,none,True,"{""verdict"": ""good"", ""defect_type"": ""none"", ""location"": ""none""}",0.3956016393713071,8,zero_shot
tile,tile/test/oil/017.png,1,oil,top,good,none,none,True,"{""verdict"": ""good"", ""defect_type"": ""none"", ""location"": ""none""}",0.35936614675301826,8,zero_shot
tile,tile/test/rough/001.png,1,rough,center,good,none,none,True,"{""verdict"": ""good"", ""defect_type"": ""none"", ""location"": ""none""}",0.35936614675301826,8,zero_shot
tile,tile/test/rough/004.png,1,rough,top,good,none,none,True,"{""verdict"": ""good"", ""defect_type"": ""none"", ""location"": ""none""}",0.35936614675301826,8,zero_shot
tile,tile/test/rough/005.png,1,rough,bottom-left,good,none,none,True,"{""verdict"": ""good"", ""defect_type"": ""none"", ""location"": ""none""}",0.35936614675301826,8,zero_shot
tile,tile/test/rough/008.png,1,rough,bottom-left,good,none,none,True,"{""verdict"": ""good"", ""defect_type"": ""none"", ""location"": ""none""}",0.35936614675301826,8,zero_shot
tile,tile/test/rough/009.png,1,rough,center,good,none,none,True,"{""verdict"": ""good"", ""defect_type"": ""none"", ""location"": ""none""}",0.35936614675301826,8,zero_shot
tile,tile/test/rough/010.png,1,rough,bottom-left,good,none,none,True,"{""verdict"": ""good"", ""defect_type"": ""none"", ""location"": ""none""}",0.35936614675301826,8,zero_shot
tile,tile/test/rough/012.png,1,rough,right,good,none,none,True,"{""verdict"": ""good"", ""defect_type"": ""none"", ""location"": ""none""}",0.35936614675301826,8,zero_shot
toothbrush,toothbrush/test/good/000.png,0,none,none,good,none,none,True,"{""verdict"": ""good"", ""defect_type"": ""none"", ""location"": ""none""}",0.3514159681290039,8,zero_shot
toothbrush,toothbrush/test/good/001.png,0,none,none,good,none,none,True,"{""verdict"": ""good"", ""defect_type"": ""none"", ""location"": ""none""}",0.3514159681290039,8,zero_shot
toothbrush,toothbrush/test/good/002.png,0,none,none,good,none,none,True,"{""verdict"": ""good"", ""defect_type"": ""none"", ""location"": ""none""}",0.3514159681290039,8,zero_shot
toothbrush,toothbrush/test/good/003.png,0,none,none,good,none,none,True,"{""verdict"": ""good"", ""defect_type"": ""none"", ""location"": ""none""}",0.3514159681290039,8,zero_shot
toothbrush,toothbrush/test/good/004.png,0,none,none,good,none,none,True,"{""verdict"": ""good"", ""defect_type"": ""none"", ""location"": ""none""}",0.3514159681290039,8,zero_shot
toothbrush,toothbrush/test/good/005.png,0,none,none,good,none,none,True,"{""verdict"": ""good"", ""defect_type"": ""none"", ""location"": ""none""}",0.3514159681290039,8,zero_shot
toothbrush,toothbrush/test/good/006.png,0,none,none,good,none,none,True,"{""verdict"": ""good"", ""defect_type"": ""none"", ""location"": ""none""}",0.3514159681290039,8,zero_shot
toothbrush,toothbrush/test/good/007.png,0,none,none,good,none,none,True,"{""verdict"": ""good"", ""defect_type"": ""none"", ""location"": ""none""}",0.3514159681290039,8,zero_shot
toothbrush,toothbrush/test/good/008.png,0,none,none,good,none,none,True,"{""verdict"": ""good"", ""defect_type"": ""none"", ""location"": ""none""}",0.35750903099688003,8,zero_shot
toothbrush,toothbrush/test/good/009.png,0,none,none,good,none,none,True,"{""verdict"": ""good"", ""defect_type"": ""none"", ""location"": ""none""}",0.35750903099688003,8,zero_shot
toothbrush,toothbrush/test/good/010.png,0,none,none,good,none,none,True,"{""verdict"": ""good"", ""defect_type"": ""none"", ""location"": ""none""}",0.35750903099688003,8,zero_shot
toothbrush,toothbrush/test/good/011.png,0,none,none,defective,defective,center,True,"{""verdict"": ""defective"", ""defect_type"": ""defective"", ""location"": ""center""}",0.35750903099688003,8,zero_shot
toothbrush,toothbrush/test/defective/001.png,1,defective,top,good,none,none,True,"{""verdict"": ""good"", ""defect_type"": ""none"", ""location"": ""none""}",0.35750903099688003,8,zero_shot
toothbrush,toothbrush/test/defective/002.png,1,defective,bottom,defective,defective,center,True,"{""verdict"": ""defective"", ""defect_type"": ""defective"", ""location"": ""center""}",0.35750903099688003,8,zero_shot
toothbrush,toothbrush/test/defective/003.png,1,defective,center,defective,defective,center,True,"{""verdict"": ""defective"", ""defect_type"": ""defective"", ""location"": ""center""}",0.35750903099688003,8,zero_shot
toothbrush,toothbrush/test/defective/009.png,1,defective,bottom,good,none,none,True,"{""verdict"": ""good"", ""defect_type"": ""none"", ""location"": ""none""}",0.35750903099688003,8,zero_shot
toothbrush,toothbrush/test/defective/010.png,1,defective,bottom,good,none,none,True,"{""verdict"": ""good"", ""defect_type"": ""none"", ""location"": ""none""}",0.36685464187758043,8,zero_shot
toothbrush,toothbrush/test/defective/011.png,1,defective,center,defective,defective,center,True,"{""verdict"": ""defective"", ""defect_type"": ""defective"", ""location"": ""center""}",0.36685464187758043,8,zero_shot
toothbrush,toothbrush/test/defective/016.png,1,defective,center,defective,defective,top,True,"{""verdict"": ""defective"", ""defect_type"": ""defective"", ""location"": ""top""}",0.36685464187758043,8,zero_shot
toothbrush,toothbrush/test/defective/017.png,1,defective,bottom,good,none,none,True,"{""verdict"": ""good"", ""defect_type"": ""none"", ""location"": ""none""}",0.36685464187758043,8,zero_shot
toothbrush,toothbrush/test/defective/018.png,1,defective,center,good,none,none,True,"{""verdict"": ""good"", ""defect_type"": ""none"", ""location"": ""none""}",0.36685464187758043,8,zero_shot
toothbrush,toothbrush/test/defective/019.png,1,defective,center,good,none,none,True,"{""verdict"": ""good"", ""defect_type"": ""none"", ""location"": ""none""}",0.36685464187758043,8,zero_shot
toothbrush,toothbrush/test/defective/020.png,1,defective,top,defective,defective,center,True,"{""verdict"": ""defective"", ""defect_type"": ""defective"", ""location"": ""center""}",0.36685464187758043,8,zero_shot
toothbrush,toothbrush/test/defective/021.png,1,defective,center,defective,defective,top,True,"{""verdict"": ""defective"", ""defect_type"": ""defective"", ""location"": ""top""}",0.36685464187758043,8,zero_shot
toothbrush,toothbrush/test/defective/022.png,1,defective,center,good,none,none,True,"{""verdict"": ""good"", ""defect_type"": ""none"", ""location"": ""none""}",0.40968002900626743,8,zero_shot
toothbrush,toothbrush/test/defective/023.png,1,defective,center,defective,defective,center,True,"{""verdict"": ""defective"", ""defect_type"": ""defective"", ""location"": ""center""}",0.40968002900626743,8,zero_shot
toothbrush,toothbrush/test/defective/027.png,1,defective,center,good,none,none,True,"{""verdict"": ""good"", ""defect_type"": ""none"", ""location"": ""none""}",0.40968002900626743,8,zero_shot
transistor,transistor/test/good/000.png,0,none,none,good,none,none,True,"{""verdict"": ""good"", ""defect_type"": ""none"", ""location"": ""none""}",0.40968002900626743,8,zero_shot
transistor,transistor/test/good/001.png,0,none,none,good,none,none,True,"{""verdict"": ""good"", ""defect_type"": ""none"", ""location"": ""none""}",0.40968002900626743,8,zero_shot
transistor,transistor/test/good/002.png,0,none,none,good,none,none,True,"{""verdict"": ""good"", ""defect_type"": ""none"", ""location"": ""none""}",0.40968002900626743,8,zero_shot
transistor,transistor/test/good/003.png,0,none,none,good,none,none,True,"{""verdict"": ""good"", ""defect_type"": ""none"", ""location"": ""none""}",0.40968002900626743,8,zero_shot
transistor,transistor/test/good/004.png,0,none,none,good,none,none,True,"{""verdict"": ""good"", ""defect_type"": ""none"", ""location"": ""none""}",0.40968002900626743,8,zero_shot
transistor,transistor/test/good/005.png,0,none,none,good,none,none,True,"{""verdict"": ""good"", ""defect_type"": ""none"", ""location"": ""none""}",0.38275882337620715,8,zero_shot
transistor,transistor/test/good/006.png,0,none,none,good,none,none,True,"{""verdict"": ""good"", ""defect_type"": ""none"", ""location"": ""none""}",0.38275882337620715,8,zero_shot
transistor,transistor/test/good/007.png,0,none,none,good,none,none,True,"{""verdict"": ""good"", ""defect_type"": ""none"", ""location"": ""none""}",0.38275882337620715,8,zero_shot
transistor,transistor/test/good/008.png,0,none,none,good,none,none,True,"{""verdict"": ""good"", ""defect_type"": ""none"", ""location"": ""none""}",0.38275882337620715,8,zero_shot
transistor,transistor/test/good/009.png,0,none,none,good,none,none,True,"{""verdict"": ""good"", ""defect_type"": ""none"", ""location"": ""none""}",0.38275882337620715,8,zero_shot
transistor,transistor/test/good/010.png,0,none,none,defective,bent_lead,bottom-left,True,"{""verdict"": ""defective"", ""defect_type"": ""bent_lead"", ""location"": ""bottom-left""}",0.38275882337620715,8,zero_shot
transistor,transistor/test/good/011.png,0,none,none,good,none,none,True,"{""verdict"": ""good"", ""defect_type"": ""none"", ""location"": ""none""}",0.38275882337620715,8,zero_shot
transistor,transistor/test/good/012.png,0,none,none,good,none,none,True,"{""verdict"": ""good"", ""defect_type"": ""none"", ""location"": ""none""}",0.38275882337620715,8,zero_shot
transistor,transistor/test/good/013.png,0,none,none,good,none,none,True,"{""verdict"": ""good"", ""defect_type"": ""none"", ""location"": ""none""}",0.38039856874820543,8,zero_shot
transistor,transistor/test/good/014.png,0,none,none,good,none,none,True,"{""verdict"": ""good"", ""defect_type"": ""none"", ""location"": ""none""}",0.38039856874820543,8,zero_shot
transistor,transistor/test/good/015.png,0,none,none,good,none,none,True,"{""verdict"": ""good"", ""defect_type"": ""none"", ""location"": ""none""}",0.38039856874820543,8,zero_shot
transistor,transistor/test/good/016.png,0,none,none,good,none,none,True,"{""verdict"": ""good"", ""defect_type"": ""none"", ""location"": ""none""}",0.38039856874820543,8,zero_shot
transistor,transistor/test/good/017.png,0,none,none,good,none,none,True,"{""verdict"": ""good"", ""defect_type"": ""none"", ""location"": ""none""}",0.38039856874820543,8,zero_shot
transistor,transistor/test/good/018.png,0,none,none,defective,bent_lead,bottom-left,True,"{""verdict"": ""defective"", ""defect_type"": ""bent_lead"", ""location"": ""bottom-left""}",0.38039856874820543,8,zero_shot
transistor,transistor/test/good/019.png,0,none,none,good,none,none,True,"{""verdict"": ""good"", ""defect_type"": ""none"", ""location"": ""none""}",0.38039856874820543,8,zero_shot
transistor,transistor/test/good/020.png,0,none,none,good,none,none,True,"{""verdict"": ""good"", ""defect_type"": ""none"", ""location"": ""none""}",0.38039856874820543,8,zero_shot
transistor,transistor/test/good/021.png,0,none,none,good,none,none,True,"{""verdict"": ""good"", ""defect_type"": ""none"", ""location"": ""none""}",0.3486771759999101,8,zero_shot
transistor,transistor/test/good/022.png,0,none,none,good,none,none,True,"{""verdict"": ""good"", ""defect_type"": ""none"", ""location"": ""none""}",0.3486771759999101,8,zero_shot
transistor,transistor/test/good/023.png,0,none,none,good,none,none,True,"{""verdict"": ""good"", ""defect_type"": ""none"", ""location"": ""none""}",0.3486771759999101,8,zero_shot
transistor,transistor/test/good/024.png,0,none,none,good,none,none,True,"{""verdict"": ""good"", ""defect_type"": ""none"", ""location"": ""none""}",0.3486771759999101,8,zero_shot
transistor,transistor/test/good/025.png,0,none,none,good,none,none,True,"{""verdict"": ""good"", ""defect_type"": ""none"", ""location"": ""none""}",0.3486771759999101,8,zero_shot
transistor,transistor/test/good/026.png,0,none,none,good,none,none,True,"{""verdict"": ""good"", ""defect_type"": ""none"", ""location"": ""none""}",0.3486771759999101,8,zero_shot
transistor,transistor/test/good/027.png,0,none,none,good,none,none,True,"{""verdict"": ""good"", ""defect_type"": ""none"", ""location"": ""none""}",0.3486771759999101,8,zero_shot
transistor,transistor/test/good/028.png,0,none,none,good,none,none,True,"{""verdict"": ""good"", ""defect_type"": ""none"", ""location"": ""none""}",0.3486771759999101,8,zero_shot
transistor,transistor/test/good/029.png,0,none,none,good,none,none,True,"{""verdict"": ""good"", ""defect_type"": ""none"", ""location"": ""none""}",0.3466755749977892,8,zero_shot
transistor,transistor/test/good/030.png,0,none,none,good,none,none,True,"{""verdict"": ""good"", ""defect_type"": ""none"", ""location"": ""none""}",0.3466755749977892,8,zero_shot
transistor,transistor/test/good/031.png,0,none,none,good,none,none,True,"{""verdict"": ""good"", ""defect_type"": ""none"", ""location"": ""none""}",0.3466755749977892,8,zero_shot
transistor,transistor/test/good/032.png,0,none,none,good,none,none,True,"{""verdict"": ""good"", ""defect_type"": ""none"", ""location"": ""none""}",0.3466755749977892,8,zero_shot
transistor,transistor/test/good/033.png,0,none,none,good,none,none,True,"{""verdict"": ""good"", ""defect_type"": ""none"", ""location"": ""none""}",0.3466755749977892,8,zero_shot
transistor,transistor/test/good/034.png,0,none,none,good,none,none,True,"{""verdict"": ""good"", ""defect_type"": ""none"", ""location"": ""none""}",0.3466755749977892,8,zero_shot
transistor,transistor/test/good/035.png,0,none,none,good,none,none,True,"{""verdict"": ""good"", ""defect_type"": ""none"", ""location"": ""none""}",0.3466755749977892,8,zero_shot
transistor,transistor/test/good/036.png,0,none,none,good,none,none,True,"{""verdict"": ""good"", ""defect_type"": ""none"", ""location"": ""none""}",0.3466755749977892,8,zero_shot
transistor,transistor/test/good/037.png,0,none,none,good,none,none,True,"{""verdict"": ""good"", ""defect_type"": ""none"", ""location"": ""none""}",0.3551982488716021,8,zero_shot
transistor,transistor/test/good/038.png,0,none,none,good,none,none,True,"{""verdict"": ""good"", ""defect_type"": ""none"", ""location"": ""none""}",0.3551982488716021,8,zero_shot
transistor,transistor/test/good/039.png,0,none,none,good,none,none,True,"{""verdict"": ""good"", ""defect_type"": ""none"", ""location"": ""none""}",0.3551982488716021,8,zero_shot
transistor,transistor/test/good/040.png,0,none,none,good,none,none,True,"{""verdict"": ""good"", ""defect_type"": ""none"", ""location"": ""none""}",0.3551982488716021,8,zero_shot
transistor,transistor/test/good/041.png,0,none,none,good,none,none,True,"{""verdict"": ""good"", ""defect_type"": ""none"", ""location"": ""none""}",0.3551982488716021,8,zero_shot
transistor,transistor/test/good/042.png,0,none,none,good,none,none,True,"{""verdict"": ""good"", ""defect_type"": ""none"", ""location"": ""none""}",0.3551982488716021,8,zero_shot
transistor,transistor/test/good/043.png,0,none,none,good,none,none,True,"{""verdict"": ""good"", ""defect_type"": ""none"", ""location"": ""none""}",0.3551982488716021,8,zero_shot
transistor,transistor/test/good/044.png,0,none,none,good,none,none,True,"{""verdict"": ""good"", ""defect_type"": ""none"", ""location"": ""none""}",0.3551982488716021,8,zero_shot
transistor,transistor/test/good/045.png,0,none,none,good,none,none,True,"{""verdict"": ""good"", ""defect_type"": ""none"", ""location"": ""none""}",0.3908842787495814,8,zero_shot
transistor,transistor/test/good/046.png,0,none,none,defective,bent_lead,bottom-left,True,"{""verdict"": ""defective"", ""defect_type"": ""bent_lead"", ""location"": ""bottom-left""}",0.3908842787495814,8,zero_shot
transistor,transistor/test/good/047.png,0,none,none,good,none,none,True,"{""verdict"": ""good"", ""defect_type"": ""none"", ""location"": ""none""}",0.3908842787495814,8,zero_shot
transistor,transistor/test/good/048.png,0,none,none,good,none,none,True,"{""verdict"": ""good"", ""defect_type"": ""none"", ""location"": ""none""}",0.3908842787495814,8,zero_shot
transistor,transistor/test/good/049.png,0,none,none,good,none,none,True,"{""verdict"": ""good"", ""defect_type"": ""none"", ""location"": ""none""}",0.3908842787495814,8,zero_shot
transistor,transistor/test/good/050.png,0,none,none,good,none,none,True,"{""verdict"": ""good"", ""defect_type"": ""none"", ""location"": ""none""}",0.3908842787495814,8,zero_shot
transistor,transistor/test/good/051.png,0,none,none,good,none,none,True,"{""verdict"": ""good"", ""defect_type"": ""none"", ""location"": ""none""}",0.3908842787495814,8,zero_shot
transistor,transistor/test/good/052.png,0,none,none,good,none,none,True,"{""verdict"": ""good"", ""defect_type"": ""none"", ""location"": ""none""}",0.3908842787495814,8,zero_shot
transistor,transistor/test/good/053.png,0,none,none,good,none,none,True,"{""verdict"": ""good"", ""defect_type"": ""none"", ""location"": ""none""}",0.3804599520008196,8,zero_shot
transistor,transistor/test/good/054.png,0,none,none,good,none,none,True,"{""verdict"": ""good"", ""defect_type"": ""none"", ""location"": ""none""}",0.3804599520008196,8,zero_shot
transistor,transistor/test/good/055.png,0,none,none,defective,bent_lead,bottom-left,True,"{""verdict"": ""defective"", ""defect_type"": ""bent_lead"", ""location"": ""bottom-left""}",0.3804599520008196,8,zero_shot
transistor,transistor/test/good/056.png,0,none,none,good,none,none,True,"{""verdict"": ""good"", ""defect_type"": ""none"", ""location"": ""none""}",0.3804599520008196,8,zero_shot
transistor,transistor/test/good/057.png,0,none,none,good,none,none,True,"{""verdict"": ""good"", ""defect_type"": ""none"", ""location"": ""none""}",0.3804599520008196,8,zero_shot
transistor,transistor/test/good/058.png,0,none,none,good,none,none,True,"{""verdict"": ""good"", ""defect_type"": ""none"", ""location"": ""none""}",0.3804599520008196,8,zero_shot
transistor,transistor/test/good/059.png,0,none,none,good,none,none,True,"{""verdict"": ""good"", ""defect_type"": ""none"", ""location"": ""none""}",0.3804599520008196,8,zero_shot
transistor,transistor/test/bent_lead/001.png,1,bent_lead,bottom-right,good,none,none,True,"{""verdict"": ""good"", ""defect_type"": ""none"", ""location"": ""none""}",0.3804599520008196,8,zero_shot
transistor,transistor/test/bent_lead/003.png,1,bent_lead,bottom,defective,bent_lead,bottom-left,True,"{""verdict"": ""defective"", ""defect_type"": ""bent_lead"", ""location"": ""bottom-left""}",0.3974719504985842,8,zero_shot
transistor,transistor/test/bent_lead/005.png,1,bent_lead,bottom-left,good,none,none,True,"{""verdict"": ""good"", ""defect_type"": ""none"", ""location"": ""none""}",0.3974719504985842,8,zero_shot
transistor,transistor/test/bent_lead/008.png,1,bent_lead,bottom,defective,bent_lead,bottom-left,True,"{""verdict"": ""defective"", ""defect_type"": ""bent_lead"", ""location"": ""bottom-left""}",0.3974719504985842,8,zero_shot
transistor,transistor/test/bent_lead/009.png,1,bent_lead,bottom,good,none,none,True,"{""verdict"": ""good"", ""defect_type"": ""none"", ""location"": ""none""}",0.3974719504985842,8,zero_shot
transistor,transistor/test/cut_lead/001.png,1,cut_lead,bottom-right,defective,bent_lead,bottom-left,True,"{""verdict"": ""defective"", ""defect_type"": ""bent_lead"", ""location"": ""bottom-left""}",0.3974719504985842,8,zero_shot
transistor,transistor/test/cut_lead/002.png,1,cut_lead,bottom,good,none,none,True,"{""verdict"": ""good"", ""defect_type"": ""none"", ""location"": ""none""}",0.3974719504985842,8,zero_shot
transistor,transistor/test/cut_lead/003.png,1,cut_lead,bottom-left,defective,bent_lead,bottom-right,True,"{""verdict"": ""defective"", ""defect_type"": ""bent_lead"", ""location"": ""bottom-right""}",0.3974719504985842,8,zero_shot
transistor,transistor/test/cut_lead/004.png,1,cut_lead,bottom,defective,bent_lead,bottom-left,True,"{""verdict"": ""defective"", ""defect_type"": ""bent_lead"", ""location"": ""bottom-left""}",0.3974719504985842,8,zero_shot
transistor,transistor/test/cut_lead/007.png,1,cut_lead,bottom-left,defective,bent_lead,bottom,True,"{""verdict"": ""defective"", ""defect_type"": ""bent_lead"", ""location"": ""bottom""}",0.39089344075182453,8,zero_shot
transistor,transistor/test/damaged_case/000.png,1,damaged_case,top,defective,bent_lead,bottom-left,True,"{""verdict"": ""defective"", ""defect_type"": ""bent_lead"", ""location"": ""bottom-left""}",0.39089344075182453,8,zero_shot
transistor,transistor/test/damaged_case/002.png,1,damaged_case,center,good,none,none,True,"{""verdict"": ""good"", ""defect_type"": ""none"", ""location"": ""none""}",0.39089344075182453,8,zero_shot
transistor,transistor/test/damaged_case/006.png,1,damaged_case,top,defective,damaged_case,top,True,"{""verdict"": ""defective"", ""defect_type"": ""damaged_case"", ""location"": ""top""}",0.39089344075182453,8,zero_shot
transistor,transistor/test/damaged_case/008.png,1,damaged_case,top,defective,bent_lead,bottom,True,"{""verdict"": ""defective"", ""defect_type"": ""bent_lead"", ""location"": ""bottom""}",0.39089344075182453,8,zero_shot
transistor,transistor/test/damaged_case/009.png,1,damaged_case,top,defective,damaged_case,top,True,"{""verdict"": ""defective"", ""defect_type"": ""damaged_case"", ""location"": ""top""}",0.39089344075182453,8,zero_shot
transistor,transistor/test/misplaced/000.png,1,misplaced,center,good,none,none,True,"{""verdict"": ""good"", ""defect_type"": ""none"", ""location"": ""none""}",0.39089344075182453,8,zero_shot
transistor,transistor/test/misplaced/001.png,1,misplaced,center,defective,bent_lead,center,True,"{""verdict"": ""defective"", ""defect_type"": ""bent_lead"", ""location"": ""center""}",0.39089344075182453,8,zero_shot
transistor,transistor/test/misplaced/003.png,1,misplaced,center,good,none,none,True,"{""verdict"": ""good"", ""defect_type"": ""none"", ""location"": ""none""}",0.3977489856260945,8,zero_shot
transistor,transistor/test/misplaced/005.png,1,misplaced,center,good,none,none,True,"{""verdict"": ""good"", ""defect_type"": ""none"", ""location"": ""none""}",0.3977489856260945,8,zero_shot
transistor,transistor/test/misplaced/009.png,1,misplaced,center,good,none,none,True,"{""verdict"": ""good"", ""defect_type"": ""none"", ""location"": ""none""}",0.3977489856260945,8,zero_shot
wood,wood/test/good/000.png,0,none,none,good,none,none,True,"{""verdict"": ""good"", ""defect_type"": ""none"", ""location"": ""none""}",0.3977489856260945,8,zero_shot
wood,wood/test/good/001.png,0,none,none,good,none,none,True,"{""verdict"": ""good"", ""defect_type"": ""none"", ""location"": ""none""}",0.3977489856260945,8,zero_shot
wood,wood/test/good/002.png,0,none,none,good,none,none,True,"{""verdict"": ""good"", ""defect_type"": ""none"", ""location"": ""none""}",0.3977489856260945,8,zero_shot
wood,wood/test/good/003.png,0,none,none,good,none,none,True,"{""verdict"": ""good"", ""defect_type"": ""none"", ""location"": ""none""}",0.3977489856260945,8,zero_shot
wood,wood/test/good/004.png,0,none,none,good,none,none,True,"{""verdict"": ""good"", ""defect_type"": ""none"", ""location"": ""none""}",0.3977489856260945,8,zero_shot
wood,wood/test/good/005.png,0,none,none,good,none,none,True,"{""verdict"": ""good"", ""defect_type"": ""none"", ""location"": ""none""}",0.3679418826213805,8,zero_shot
wood,wood/test/good/006.png,0,none,none,good,none,none,True,"{""verdict"": ""good"", ""defect_type"": ""none"", ""location"": ""none""}",0.3679418826213805,8,zero_shot
wood,wood/test/good/007.png,0,none,none,good,none,none,True,"{""verdict"": ""good"", ""defect_type"": ""none"", ""location"": ""none""}",0.3679418826213805,8,zero_shot
wood,wood/test/good/008.png,0,none,none,good,none,none,True,"{""verdict"": ""good"", ""defect_type"": ""none"", ""location"": ""none""}",0.3679418826213805,8,zero_shot
wood,wood/test/good/009.png,0,none,none,good,none,none,True,"{""verdict"": ""good"", ""defect_type"": ""none"", ""location"": ""none""}",0.3679418826213805,8,zero_shot
wood,wood/test/good/010.png,0,none,none,good,none,none,True,"{""verdict"": ""good"", ""defect_type"": ""none"", ""location"": ""none""}",0.3679418826213805,8,zero_shot
wood,wood/test/good/011.png,0,none,none,good,none,none,True,"{""verdict"": ""good"", ""defect_type"": ""none"", ""location"": ""none""}",0.3679418826213805,8,zero_shot
wood,wood/test/good/012.png,0,none,none,good,none,none,True,"{""verdict"": ""good"", ""defect_type"": ""none"", ""location"": ""none""}",0.3679418826213805,8,zero_shot
wood,wood/test/good/013.png,0,none,none,good,none,none,True,"{""verdict"": ""good"", ""defect_type"": ""none"", ""location"": ""none""}",0.3671524452511221,8,zero_shot
wood,wood/test/good/014.png,0,none,none,good,none,none,True,"{""verdict"": ""good"", ""defect_type"": ""none"", ""location"": ""none""}",0.3671524452511221,8,zero_shot
wood,wood/test/good/015.png,0,none,none,good,none,none,True,"{""verdict"": ""good"", ""defect_type"": ""none"", ""location"": ""none""}",0.3671524452511221,8,zero_shot
wood,wood/test/good/016.png,0,none,none,good,none,none,True,"{""verdict"": ""good"", ""defect_type"": ""none"", ""location"": ""none""}",0.3671524452511221,8,zero_shot
wood,wood/test/good/017.png,0,none,none,good,none,none,True,"{""verdict"": ""good"", ""defect_type"": ""none"", ""location"": ""none""}",0.3671524452511221,8,zero_shot
wood,wood/test/good/018.png,0,none,none,good,none,none,True,"{""verdict"": ""good"", ""defect_type"": ""none"", ""location"": ""none""}",0.3671524452511221,8,zero_shot
wood,wood/test/color/000.png,1,color,center,defective,color,top-left,True,"{""verdict"": ""defective"", ""defect_type"": ""color"", ""location"": ""top-left""}",0.3671524452511221,8,zero_shot
wood,wood/test/color/001.png,1,color,center,good,none,none,True,"{""verdict"": ""good"", ""defect_type"": ""none"", ""location"": ""none""}",0.3671524452511221,8,zero_shot
wood,wood/test/color/006.png,1,color,center,defective,color,top-left,True,"{""verdict"": ""defective"", ""defect_type"": ""color"", ""location"": ""top-left""}",0.3722296841297066,8,zero_shot
wood,wood/test/color/007.png,1,color,center,good,none,none,True,"{""verdict"": ""good"", ""defect_type"": ""none"", ""location"": ""none""}",0.3722296841297066,8,zero_shot
wood,wood/test/combined/002.png,1,combined,right,good,none,none,True,"{""verdict"": ""good"", ""defect_type"": ""none"", ""location"": ""none""}",0.3722296841297066,8,zero_shot
wood,wood/test/combined/004.png,1,combined,center,good,none,none,True,"{""verdict"": ""good"", ""defect_type"": ""none"", ""location"": ""none""}",0.3722296841297066,8,zero_shot
wood,wood/test/combined/006.png,1,combined,center,good,none,none,True,"{""verdict"": ""good"", ""defect_type"": ""none"", ""location"": ""none""}",0.3722296841297066,8,zero_shot
wood,wood/test/combined/008.png,1,combined,center,good,none,none,True,"{""verdict"": ""good"", ""defect_type"": ""none"", ""location"": ""none""}",0.3722296841297066,8,zero_shot
wood,wood/test/combined/009.png,1,combined,bottom-left,good,none,none,True,"{""verdict"": ""good"", ""defect_type"": ""none"", ""location"": ""none""}",0.3722296841297066,8,zero_shot
wood,wood/test/hole/000.png,1,hole,center,good,hole,top-left,True,"{""verdict"": ""good"", ""defect_type"": ""hole"", ""location"": ""top-left""}",0.3722296841297066,8,zero_shot
wood,wood/test/hole/003.png,1,hole,center,good,hole,top-left,True,"{""verdict"": ""good"", ""defect_type"": ""hole"", ""location"": ""top-left""}",0.37024255512369564,8,zero_shot
wood,wood/test/hole/005.png,1,hole,center,defective,scratch,center,True,"{""verdict"": ""defective"", ""defect_type"": ""scratch"", ""location"": ""center""}",0.37024255512369564,8,zero_shot
wood,wood/test/hole/008.png,1,hole,center,good,none,none,True,"{""verdict"": ""good"", ""defect_type"": ""none"", ""location"": ""none""}",0.37024255512369564,8,zero_shot
wood,wood/test/hole/009.png,1,hole,top,good,none,none,True,"{""verdict"": ""good"", ""defect_type"": ""none"", ""location"": ""none""}",0.37024255512369564,8,zero_shot
wood,wood/test/liquid/003.png,1,liquid,center,good,none,none,True,"{""verdict"": ""good"", ""defect_type"": ""none"", ""location"": ""none""}",0.37024255512369564,8,zero_shot
wood,wood/test/liquid/004.png,1,liquid,center,good,none,none,True,"{""verdict"": ""good"", ""defect_type"": ""none"", ""location"": ""none""}",0.37024255512369564,8,zero_shot
wood,wood/test/liquid/006.png,1,liquid,bottom-left,good,none,none,True,"{""verdict"": ""good"", ""defect_type"": ""none"", ""location"": ""none""}",0.37024255512369564,8,zero_shot
wood,wood/test/liquid/007.png,1,liquid,center,good,none,none,True,"{""verdict"": ""good"", ""defect_type"": ""none"", ""location"": ""none""}",0.37024255512369564,8,zero_shot
wood,wood/test/liquid/008.png,1,liquid,center,defective,liquid,center,True,"{""verdict"": ""defective"", ""defect_type"": ""liquid"", ""location"": ""center""}",0.3845041367530939,8,zero_shot
wood,wood/test/scratch/000.png,1,scratch,left,defective,scratch,top-left,True,"{""verdict"": ""defective"", ""defect_type"": ""scratch"", ""location"": ""top-left""}",0.3845041367530939,8,zero_shot
wood,wood/test/scratch/003.png,1,scratch,top,good,none,none,True,"{""verdict"": ""good"", ""defect_type"": ""none"", ""location"": ""none""}",0.3845041367530939,8,zero_shot
wood,wood/test/scratch/005.png,1,scratch,left,defective,scratch,top-left,True,"{""verdict"": ""defective"", ""defect_type"": ""scratch"", ""location"": ""top-left""}",0.3845041367530939,8,zero_shot
wood,wood/test/scratch/006.png,1,scratch,center,good,none,none,True,"{""verdict"": ""good"", ""defect_type"": ""none"", ""location"": ""none""}",0.3845041367530939,8,zero_shot
wood,wood/test/scratch/007.png,1,scratch,center,defective,scratch,center,True,"{""verdict"": ""defective"", ""defect_type"": ""scratch"", ""location"": ""center""}",0.3845041367530939,8,zero_shot
wood,wood/test/scratch/008.png,1,scratch,bottom-left,good,scratch,center,True,"{""verdict"": ""good"", ""defect_type"": ""scratch"", ""location"": ""center""}",0.3845041367530939,8,zero_shot
wood,wood/test/scratch/009.png,1,scratch,center,good,none,none,True,"{""verdict"": ""good"", ""defect_type"": ""none"", ""location"": ""none""}",0.3845041367530939,8,zero_shot
wood,wood/test/scratch/011.png,1,scratch,center,good,none,none,True,"{""verdict"": ""good"", ""defect_type"": ""none"", ""location"": ""none""}",0.39965531438065227,8,zero_shot
wood,wood/test/scratch/013.png,1,scratch,center,good,none,none,True,"{""verdict"": ""good"", ""defect_type"": ""none"", ""location"": ""none""}",0.39965531438065227,8,zero_shot
wood,wood/test/scratch/014.png,1,scratch,center,good,none,none,True,"{""verdict"": ""good"", ""defect_type"": ""none"", ""location"": ""none""}",0.39965531438065227,8,zero_shot
wood,wood/test/scratch/016.png,1,scratch,right,good,none,none,True,"{""verdict"": ""good"", ""defect_type"": ""none"", ""location"": ""none""}",0.39965531438065227,8,zero_shot
zipper,zipper/test/good/000.png,0,none,none,good,none,none,True,"{""verdict"": ""good"", ""defect_type"": ""none"", ""location"": ""none""}",0.39965531438065227,8,zero_shot
zipper,zipper/test/good/001.png,0,none,none,good,none,none,True,"{""verdict"": ""good"", ""defect_type"": ""none"", ""location"": ""none""}",0.39965531438065227,8,zero_shot
zipper,zipper/test/good/002.png,0,none,none,good,none,none,True,"{""verdict"": ""good"", ""defect_type"": ""none"", ""location"": ""none""}",0.39965531438065227,8,zero_shot
zipper,zipper/test/good/003.png,0,none,none,good,none,none,True,"{""verdict"": ""good"", ""defect_type"": ""none"", ""location"": ""none""}",0.39965531438065227,8,zero_shot
zipper,zipper/test/good/004.png,0,none,none,good,none,none,True,"{""verdict"": ""good"", ""defect_type"": ""none"", ""location"": ""none""}",0.3930196057553985,8,zero_shot
zipper,zipper/test/good/005.png,0,none,none,good,none,none,True,"{""verdict"": ""good"", ""defect_type"": ""none"", ""location"": ""none""}",0.3930196057553985,8,zero_shot
zipper,zipper/test/good/006.png,0,none,none,good,none,none,True,"{""verdict"": ""good"", ""defect_type"": ""none"", ""location"": ""none""}",0.3930196057553985,8,zero_shot
zipper,zipper/test/good/007.png,0,none,none,good,none,none,True,"{""verdict"": ""good"", ""defect_type"": ""none"", ""location"": ""none""}",0.3930196057553985,8,zero_shot
zipper,zipper/test/good/008.png,0,none,none,good,none,none,True,"{""verdict"": ""good"", ""defect_type"": ""none"", ""location"": ""none""}",0.3930196057553985,8,zero_shot
zipper,zipper/test/good/009.png,0,none,none,good,none,none,True,"{""verdict"": ""good"", ""defect_type"": ""none"", ""location"": ""none""}",0.3930196057553985,8,zero_shot
zipper,zipper/test/good/010.png,0,none,none,good,none,none,True,"{""verdict"": ""good"", ""defect_type"": ""none"", ""location"": ""none""}",0.3930196057553985,8,zero_shot
zipper,zipper/test/good/011.png,0,none,none,good,none,none,True,"{""verdict"": ""good"", ""defect_type"": ""none"", ""location"": ""none""}",0.3930196057553985,8,zero_shot
zipper,zipper/test/good/012.png,0,none,none,good,none,none,True,"{""verdict"": ""good"", ""defect_type"": ""none"", ""location"": ""none""}",0.3603778449978563,8,zero_shot
zipper,zipper/test/good/013.png,0,none,none,good,none,none,True,"{""verdict"": ""good"", ""defect_type"": ""none"", ""location"": ""none""}",0.3603778449978563,8,zero_shot
zipper,zipper/test/good/014.png,0,none,none,good,none,none,True,"{""verdict"": ""good"", ""defect_type"": ""none"", ""location"": ""none""}",0.3603778449978563,8,zero_shot
zipper,zipper/test/good/015.png,0,none,none,good,none,none,True,"{""verdict"": ""good"", ""defect_type"": ""none"", ""location"": ""none""}",0.3603778449978563,8,zero_shot
zipper,zipper/test/good/016.png,0,none,none,good,none,none,True,"{""verdict"": ""good"", ""defect_type"": ""none"", ""location"": ""none""}",0.3603778449978563,8,zero_shot
zipper,zipper/test/good/017.png,0,none,none,good,none,none,True,"{""verdict"": ""good"", ""defect_type"": ""none"", ""location"": ""none""}",0.3603778449978563,8,zero_shot
zipper,zipper/test/good/018.png,0,none,none,good,none,none,True,"{""verdict"": ""good"", ""defect_type"": ""none"", ""location"": ""none""}",0.3603778449978563,8,zero_shot
zipper,zipper/test/good/019.png,0,none,none,good,none,none,True,"{""verdict"": ""good"", ""defect_type"": ""none"", ""location"": ""none""}",0.3603778449978563,8,zero_shot
zipper,zipper/test/good/020.png,0,none,none,good,none,none,True,"{""verdict"": ""good"", ""defect_type"": ""none"", ""location"": ""none""}",0.3679720575019019,8,zero_shot
zipper,zipper/test/good/021.png,0,none,none,good,none,none,True,"{""verdict"": ""good"", ""defect_type"": ""none"", ""location"": ""none""}",0.3679720575019019,8,zero_shot
zipper,zipper/test/good/022.png,0,none,none,good,none,none,True,"{""verdict"": ""good"", ""defect_type"": ""none"", ""location"": ""none""}",0.3679720575019019,8,zero_shot
zipper,zipper/test/good/023.png,0,none,none,good,none,none,True,"{""verdict"": ""good"", ""defect_type"": ""none"", ""location"": ""none""}",0.3679720575019019,8,zero_shot
zipper,zipper/test/good/024.png,0,none,none,good,none,none,True,"{""verdict"": ""good"", ""defect_type"": ""none"", ""location"": ""none""}",0.3679720575019019,8,zero_shot
zipper,zipper/test/good/025.png,0,none,none,good,none,none,True,"{""verdict"": ""good"", ""defect_type"": ""none"", ""location"": ""none""}",0.3679720575019019,8,zero_shot
zipper,zipper/test/good/026.png,0,none,none,good,none,none,True,"{""verdict"": ""good"", ""defect_type"": ""none"", ""location"": ""none""}",0.3679720575019019,8,zero_shot
zipper,zipper/test/good/027.png,0,none,none,good,none,none,True,"{""verdict"": ""good"", ""defect_type"": ""none"", ""location"": ""none""}",0.3679720575019019,8,zero_shot
zipper,zipper/test/good/028.png,0,none,none,good,none,none,True,"{""verdict"": ""good"", ""defect_type"": ""none"", ""location"": ""none""}",0.38246792725112755,8,zero_shot
zipper,zipper/test/good/029.png,0,none,none,good,none,none,True,"{""verdict"": ""good"", ""defect_type"": ""none"", ""location"": ""none""}",0.38246792725112755,8,zero_shot
zipper,zipper/test/good/030.png,0,none,none,good,none,none,True,"{""verdict"": ""good"", ""defect_type"": ""none"", ""location"": ""none""}",0.38246792725112755,8,zero_shot
zipper,zipper/test/good/031.png,0,none,none,good,none,none,True,"{""verdict"": ""good"", ""defect_type"": ""none"", ""location"": ""none""}",0.38246792725112755,8,zero_shot
zipper,zipper/test/broken_teeth/002.png,1,broken_teeth,center,good,none,none,True,"{""verdict"": ""good"", ""defect_type"": ""none"", ""location"": ""none""}",0.38246792725112755,8,zero_shot
zipper,zipper/test/broken_teeth/003.png,1,broken_teeth,center,defective,split_teeth,center,True,"{""verdict"": ""defective"", ""defect_type"": ""split_teeth"", ""location"": ""center""}",0.38246792725112755,8,zero_shot
zipper,zipper/test/broken_teeth/008.png,1,broken_teeth,top,good,none,none,True,"{""verdict"": ""good"", ""defect_type"": ""none"", ""location"": ""none""}",0.38246792725112755,8,zero_shot
zipper,zipper/test/broken_teeth/010.png,1,broken_teeth,center,defective,split_teeth,center,True,"{""verdict"": ""defective"", ""defect_type"": ""split_teeth"", ""location"": ""center""}",0.38246792725112755,8,zero_shot
zipper,zipper/test/broken_teeth/011.png,1,broken_teeth,bottom,good,none,none,True,"{""verdict"": ""good"", ""defect_type"": ""none"", ""location"": ""none""}",0.3565751537535107,8,zero_shot
zipper,zipper/test/broken_teeth/013.png,1,broken_teeth,top,good,none,none,True,"{""verdict"": ""good"", ""defect_type"": ""none"", ""location"": ""none""}",0.3565751537535107,8,zero_shot
zipper,zipper/test/broken_teeth/014.png,1,broken_teeth,center,good,none,none,True,"{""verdict"": ""good"", ""defect_type"": ""none"", ""location"": ""none""}",0.3565751537535107,8,zero_shot
zipper,zipper/test/broken_teeth/016.png,1,broken_teeth,top,good,none,none,True,"{""verdict"": ""good"", ""defect_type"": ""none"", ""location"": ""none""}",0.3565751537535107,8,zero_shot
zipper,zipper/test/broken_teeth/018.png,1,broken_teeth,bottom,good,none,none,True,"{""verdict"": ""good"", ""defect_type"": ""none"", ""location"": ""none""}",0.3565751537535107,8,zero_shot
zipper,zipper/test/combined/001.png,1,combined,center,good,none,none,True,"{""verdict"": ""good"", ""defect_type"": ""none"", ""location"": ""none""}",0.3565751537535107,8,zero_shot
zipper,zipper/test/combined/005.png,1,combined,center,good,none,none,True,"{""verdict"": ""good"", ""defect_type"": ""none"", ""location"": ""none""}",0.3565751537535107,8,zero_shot
zipper,zipper/test/combined/007.png,1,combined,top,good,none,none,True,"{""verdict"": ""good"", ""defect_type"": ""none"", ""location"": ""none""}",0.3565751537535107,8,zero_shot
zipper,zipper/test/combined/009.png,1,combined,top,defective,split_teeth,center,True,"{""verdict"": ""defective"", ""defect_type"": ""split_teeth"", ""location"": ""center""}",0.3846125772470259,8,zero_shot
zipper,zipper/test/combined/010.png,1,combined,center,defective,split_teeth,center,True,"{""verdict"": ""defective"", ""defect_type"": ""split_teeth"", ""location"": ""center""}",0.3846125772470259,8,zero_shot
zipper,zipper/test/combined/011.png,1,combined,top,good,none,none,True,"{""verdict"": ""good"", ""defect_type"": ""none"", ""location"": ""none""}",0.3846125772470259,8,zero_shot
zipper,zipper/test/combined/013.png,1,combined,top,good,none,none,True,"{""verdict"": ""good"", ""defect_type"": ""none"", ""location"": ""none""}",0.3846125772470259,8,zero_shot
zipper,zipper/test/combined/014.png,1,combined,bottom,good,none,none,True,"{""verdict"": ""good"", ""defect_type"": ""none"", ""location"": ""none""}",0.3846125772470259,8,zero_shot
zipper,zipper/test/fabric_border/001.png,1,fabric_border,center,good,none,none,True,"{""verdict"": ""good"", ""defect_type"": ""none"", ""location"": ""none""}",0.3846125772470259,8,zero_shot
zipper,zipper/test/fabric_border/002.png,1,fabric_border,left,good,none,none,True,"{""verdict"": ""good"", ""defect_type"": ""none"", ""location"": ""none""}",0.3846125772470259,8,zero_shot
zipper,zipper/test/fabric_border/003.png,1,fabric_border,left,good,none,none,True,"{""verdict"": ""good"", ""defect_type"": ""none"", ""location"": ""none""}",0.3846125772470259,8,zero_shot
zipper,zipper/test/fabric_border/005.png,1,fabric_border,center,good,none,none,True,"{""verdict"": ""good"", ""defect_type"": ""none"", ""location"": ""none""}",0.3862910739990184,8,zero_shot
zipper,zipper/test/fabric_border/006.png,1,fabric_border,center,good,none,none,True,"{""verdict"": ""good"", ""defect_type"": ""none"", ""location"": ""none""}",0.3862910739990184,8,zero_shot
zipper,zipper/test/fabric_border/012.png,1,fabric_border,center,good,none,none,True,"{""verdict"": ""good"", ""defect_type"": ""none"", ""location"": ""none""}",0.3862910739990184,8,zero_shot
zipper,zipper/test/fabric_border/013.png,1,fabric_border,left,good,none,none,True,"{""verdict"": ""good"", ""defect_type"": ""none"", ""location"": ""none""}",0.3862910739990184,8,zero_shot
zipper,zipper/test/fabric_border/014.png,1,fabric_border,bottom-left,good,none,none,True,"{""verdict"": ""good"", ""defect_type"": ""none"", ""location"": ""none""}",0.3862910739990184,8,zero_shot
zipper,zipper/test/fabric_border/015.png,1,fabric_border,top,defective,split_teeth,top-right,True,"{""verdict"": ""defective"", ""defect_type"": ""split_teeth"", ""location"": ""top-right""}",0.3862910739990184,8,zero_shot
zipper,zipper/test/fabric_interior/000.png,1,fabric_interior,center,good,none,none,True,"{""verdict"": ""good"", ""defect_type"": ""none"", ""location"": ""none""}",0.3862910739990184,8,zero_shot
zipper,zipper/test/fabric_interior/001.png,1,fabric_interior,center,good,none,none,True,"{""verdict"": ""good"", ""defect_type"": ""none"", ""location"": ""none""}",0.3862910739990184,8,zero_shot
zipper,zipper/test/fabric_interior/003.png,1,fabric_interior,top,good,none,none,True,"{""verdict"": ""good"", ""defect_type"": ""none"", ""location"": ""none""}",0.3494885747495573,8,zero_shot
zipper,zipper/test/fabric_interior/005.png,1,fabric_interior,bottom,good,none,none,True,"{""verdict"": ""good"", ""defect_type"": ""none"", ""location"": ""none""}",0.3494885747495573,8,zero_shot
zipper,zipper/test/fabric_interior/006.png,1,fabric_interior,center,good,none,none,True,"{""verdict"": ""good"", ""defect_type"": ""none"", ""location"": ""none""}",0.3494885747495573,8,zero_shot
zipper,zipper/test/fabric_interior/007.png,1,fabric_interior,top,good,none,none,True,"{""verdict"": ""good"", ""defect_type"": ""none"", ""location"": ""none""}",0.3494885747495573,8,zero_shot
zipper,zipper/test/fabric_interior/009.png,1,fabric_interior,bottom,good,none,none,True,"{""verdict"": ""good"", ""defect_type"": ""none"", ""location"": ""none""}",0.3494885747495573,8,zero_shot
zipper,zipper/test/fabric_interior/012.png,1,fabric_interior,bottom,good,none,none,True,"{""verdict"": ""good"", ""defect_type"": ""none"", ""location"": ""none""}",0.3494885747495573,8,zero_shot
zipper,zipper/test/rough/000.png,1,rough,bottom,good,none,none,True,"{""verdict"": ""good"", ""defect_type"": ""none"", ""location"": ""none""}",0.3494885747495573,8,zero_shot
zipper,zipper/test/rough/004.png,1,rough,center,good,none,none,True,"{""verdict"": ""good"", ""defect_type"": ""none"", ""location"": ""none""}",0.3494885747495573,8,zero_shot
zipper,zipper/test/rough/006.png,1,rough,center,good,none,none,True,"{""verdict"": ""good"", ""defect_type"": ""none"", ""location"": ""none""}",0.3754810717437067,8,zero_shot
zipper,zipper/test/rough/007.png,1,rough,top,good,none,none,True,"{""verdict"": ""good"", ""defect_type"": ""none"", ""location"": ""none""}",0.3754810717437067,8,zero_shot
zipper,zipper/test/rough/008.png,1,rough,bottom,good,none,none,True,"{""verdict"": ""good"", ""defect_type"": ""none"", ""location"": ""none""}",0.3754810717437067,8,zero_shot
zipper,zipper/test/rough/010.png,1,rough,bottom,defective,split_teeth,center,True,"{""verdict"": ""defective"", ""defect_type"": ""split_teeth"", ""location"": ""center""}",0.3754810717437067,8,zero_shot
zipper,zipper/test/rough/014.png,1,rough,top,good,none,none,True,"{""verdict"": ""good"", ""defect_type"": ""none"", ""location"": ""none""}",0.3754810717437067,8,zero_shot
zipper,zipper/test/rough/015.png,1,rough,center,defective,split_teeth,center,True,"{""verdict"": ""defective"", ""defect_type"": ""split_teeth"", ""location"": ""center""}",0.3754810717437067,8,zero_shot
zipper,zipper/test/rough/016.png,1,rough,bottom,good,none,none,True,"{""verdict"": ""good"", ""defect_type"": ""none"", ""location"": ""none""}",0.3754810717437067,8,zero_shot
zipper,zipper/test/split_teeth/003.png,1,split_teeth,bottom,good,none,none,True,"{""verdict"": ""good"", ""defect_type"": ""none"", ""location"": ""none""}",0.3754810717437067,8,zero_shot
zipper,zipper/test/split_teeth/004.png,1,split_teeth,top,good,none,none,True,"{""verdict"": ""good"", ""defect_type"": ""none"", ""location"": ""none""}",0.38456858474819455,8,zero_shot
zipper,zipper/test/split_teeth/005.png,1,split_teeth,bottom,good,none,none,True,"{""verdict"": ""good"", ""defect_type"": ""none"", ""location"": ""none""}",0.38456858474819455,8,zero_shot
zipper,zipper/test/split_teeth/007.png,1,split_teeth,bottom,good,none,none,True,"{""verdict"": ""good"", ""defect_type"": ""none"", ""location"": ""none""}",0.38456858474819455,8,zero_shot
zipper,zipper/test/split_teeth/009.png,1,split_teeth,center,good,none,none,True,"{""verdict"": ""good"", ""defect_type"": ""none"", ""location"": ""none""}",0.38456858474819455,8,zero_shot
zipper,zipper/test/split_teeth/011.png,1,split_teeth,top,good,none,none,True,"{""verdict"": ""good"", ""defect_type"": ""none"", ""location"": ""none""}",0.38456858474819455,8,zero_shot
zipper,zipper/test/split_teeth/014.png,1,split_teeth,bottom,good,none,none,True,"{""verdict"": ""good"", ""defect_type"": ""none"", ""location"": ""none""}",0.38456858474819455,8,zero_shot
zipper,zipper/test/split_teeth/015.png,1,split_teeth,bottom,defective,split_teeth,center,True,"{""verdict"": ""defective"", ""defect_type"": ""split_teeth"", ""location"": ""center""}",0.38456858474819455,8,zero_shot
zipper,zipper/test/split_teeth/016.png,1,split_teeth,bottom,good,none,none,True,"{""verdict"": ""good"", ""defect_type"": ""none"", ""location"": ""none""}",0.38456858474819455,8,zero_shot
zipper,zipper/test/squeezed_teeth/000.png,1,squeezed_teeth,center,good,none,none,True,"{""verdict"": ""good"", ""defect_type"": ""none"", ""location"": ""none""}",0.3595985380015918,8,zero_shot
zipper,zipper/test/squeezed_teeth/001.png,1,squeezed_teeth,top,good,none,none,True,"{""verdict"": ""good"", ""defect_type"": ""none"", ""location"": ""none""}",0.3595985380015918,8,zero_shot
zipper,zipper/test/squeezed_teeth/002.png,1,squeezed_teeth,bottom,good,none,none,True,"{""verdict"": ""good"", ""defect_type"": ""none"", ""location"": ""none""}",0.3595985380015918,8,zero_shot
zipper,zipper/test/squeezed_teeth/005.png,1,squeezed_teeth,center,good,none,none,True,"{""verdict"": ""good"", ""defect_type"": ""none"", ""location"": ""none""}",0.3595985380015918,8,zero_shot
zipper,zipper/test/squeezed_teeth/006.png,1,squeezed_teeth,bottom,good,none,none,True,"{""verdict"": ""good"", ""defect_type"": ""none"", ""location"": ""none""}",0.3595985380015918,8,zero_shot
zipper,zipper/test/squeezed_teeth/012.png,1,squeezed_teeth,bottom,good,none,none,True,"{""verdict"": ""good"", ""defect_type"": ""none"", ""location"": ""none""}",0.3595985380015918,8,zero_shot
zipper,zipper/test/squeezed_teeth/013.png,1,squeezed_teeth,center,good,none,none,True,"{""verdict"": ""good"", ""defect_type"": ""none"", ""location"": ""none""}",0.3595985380015918,8,zero_shot
zipper,zipper/test/squeezed_teeth/014.png,1,squeezed_teeth,center,good,none,none,True,"{""verdict"": ""good"", ""defect_type"": ""none"", ""location"": ""none""}",0.3595985380015918,8,zero_shot
